# Blender 4.2.0
# www.blender.org
mtllib Liv3.mtl
o BézierCurve
v -1.007138 0.000189 -0.007001
v -1.009679 0.000327 -0.002493
v -1.009626 0.000378 0.002683
v -1.006994 0.000327 0.007140
v -1.002488 0.000189 0.009684
v -0.997315 -0.000000 0.009633
v -0.992862 -0.000189 0.007001
v -0.990321 -0.000327 0.002493
v -0.990374 -0.000378 -0.002683
v -0.993006 -0.000327 -0.007140
v -0.997512 -0.000189 -0.009684
v -1.002685 0.000000 -0.009633
v -0.990537 0.177909 -0.008600
v -0.993047 0.178355 -0.004095
v -0.992995 0.178398 0.001081
v -0.990395 0.178025 0.005541
v -0.985943 0.177337 0.008090
v -0.980832 0.176518 0.008046
v -0.976431 0.175788 0.005419
v -0.973921 0.175342 0.000915
v -0.973973 0.175300 -0.004261
v -0.976573 0.175673 -0.008722
v -0.981025 0.176361 -0.011271
v -0.986136 0.177179 -0.011227
v -0.956870 0.325403 -0.010160
v -0.959291 0.326228 -0.005660
v -0.959234 0.326292 -0.000485
v -0.956714 0.325578 0.003980
v -0.952405 0.324278 0.006537
v -0.947463 0.322740 0.006502
v -0.943211 0.321376 0.003883
v -0.940789 0.320551 -0.000617
v -0.940846 0.320486 -0.005792
v -0.943367 0.321200 -0.010257
v -0.947675 0.322500 -0.012814
v -0.952618 0.324038 -0.012779
v -0.909198 0.445112 -0.012725
v -0.911435 0.446395 -0.008236
v -0.911349 0.446531 -0.003062
v -0.908964 0.445482 0.001411
v -0.904919 0.443530 0.003984
v -0.900298 0.441197 0.003969
v -0.896339 0.439110 0.001368
v -0.894103 0.437827 -0.003120
v -0.894188 0.437691 -0.008294
v -0.896573 0.438740 -0.012767
v -0.900618 0.440692 -0.015341
v -0.905239 0.443025 -0.015325
v -0.850618 0.539431 -0.017339
v -0.852530 0.541232 -0.012879
v -0.852363 0.541498 -0.007712
v -0.850160 0.540157 -0.003223
v -0.846514 0.537570 -0.000616
v -0.842399 0.534429 -0.000587
v -0.838920 0.531576 -0.003146
v -0.837008 0.529775 -0.007607
v -0.837175 0.529509 -0.012774
v -0.839378 0.530849 -0.017262
v -0.843024 0.533437 -0.019870
v -0.847139 0.536578 -0.019898
v -0.784290 0.610734 -0.025050
v -0.785708 0.613064 -0.020651
v -0.785367 0.613517 -0.015505
v -0.783357 0.611970 -0.010993
v -0.780218 0.608839 -0.008322
v -0.776790 0.604962 -0.008208
v -0.773992 0.601378 -0.010683
v -0.772574 0.599048 -0.015082
v -0.772915 0.598595 -0.020227
v -0.774925 0.600142 -0.024740
v -0.778064 0.603273 -0.027411
v -0.781492 0.607150 -0.027524
v -0.713449 0.661428 -0.036886
v -0.714202 0.664237 -0.032603
v -0.713556 0.664908 -0.027511
v -0.711685 0.663261 -0.022974
v -0.709091 0.659738 -0.020208
v -0.706468 0.655282 -0.019953
v -0.704520 0.651088 -0.022279
v -0.703768 0.648280 -0.026561
v -0.704413 0.647609 -0.031653
v -0.706284 0.649255 -0.036190
v -0.708878 0.652778 -0.038957
v -0.711501 0.657234 -0.039211
v -0.641365 0.693998 -0.053850
v -0.641307 0.697177 -0.049765
v -0.640201 0.698058 -0.044786
v -0.638345 0.696405 -0.040245
v -0.636236 0.692660 -0.037360
v -0.634438 0.687827 -0.036904
v -0.633434 0.683201 -0.038999
v -0.633492 0.680022 -0.043084
v -0.634598 0.679141 -0.048063
v -0.636454 0.680794 -0.052604
v -0.638563 0.684539 -0.055489
v -0.640361 0.689372 -0.055945
v -0.571281 0.711010 -0.076909
v -0.570312 0.714416 -0.073134
v -0.568585 0.715452 -0.068366
v -0.566563 0.713840 -0.063881
v -0.564789 0.710012 -0.060883
v -0.563737 0.704993 -0.060174
v -0.563690 0.700129 -0.061944
v -0.564659 0.696723 -0.065719
v -0.566386 0.695687 -0.070487
v -0.568408 0.697299 -0.074972
v -0.570182 0.701127 -0.077970
v -0.571234 0.706145 -0.078679
v -0.506380 0.715081 -0.106990
v -0.504446 0.718554 -0.103674
v -0.501949 0.719643 -0.099273
v -0.499557 0.718057 -0.094965
v -0.497912 0.714220 -0.091905
v -0.497453 0.709160 -0.090913
v -0.498305 0.704234 -0.092254
v -0.500239 0.700760 -0.095570
v -0.502736 0.699671 -0.099971
v -0.505128 0.701257 -0.104279
v -0.506773 0.705094 -0.107339
v -0.507231 0.710154 -0.108331
v -0.449748 0.708842 -0.144971
v -0.446861 0.712217 -0.142312
v -0.443495 0.713217 -0.138509
v -0.440550 0.711573 -0.134582
v -0.438817 0.707727 -0.131583
v -0.438759 0.702709 -0.130315
v -0.440392 0.697863 -0.131118
v -0.443279 0.694488 -0.133777
v -0.446646 0.693488 -0.137580
v -0.449590 0.695132 -0.141507
v -0.451324 0.698978 -0.144507
v -0.451381 0.703996 -0.145775
v -0.404336 0.694900 -0.191718
v -0.400610 0.698024 -0.189942
v -0.396391 0.698770 -0.187037
v -0.392809 0.696936 -0.183781
v -0.390824 0.693014 -0.181047
v -0.390967 0.688056 -0.179567
v -0.393201 0.683389 -0.179738
v -0.396926 0.680265 -0.181514
v -0.401145 0.679520 -0.184419
v -0.404727 0.681354 -0.187675
v -0.406713 0.685275 -0.190409
v -0.406570 0.690233 -0.191889
v -0.372406 0.675452 -0.249221
v -0.368226 0.678316 -0.248162
v -0.363593 0.678824 -0.245909
v -0.359750 0.676840 -0.243065
v -0.357724 0.672895 -0.240394
v -0.358061 0.668048 -0.238610
v -0.360668 0.663596 -0.238192
v -0.364848 0.660732 -0.239251
v -0.369480 0.660224 -0.241504
v -0.373324 0.662208 -0.244347
v -0.375349 0.666152 -0.247019
v -0.375013 0.671000 -0.248803
v -0.329736 0.635611 -0.333056
v -0.325580 0.638496 -0.331961
v -0.321333 0.639345 -0.329125
v -0.318134 0.637931 -0.325309
v -0.316840 0.634633 -0.321535
v -0.317797 0.630334 -0.318815
v -0.320748 0.626187 -0.317877
v -0.324904 0.623302 -0.318972
v -0.329151 0.622453 -0.321808
v -0.332350 0.623866 -0.325624
v -0.333644 0.627164 -0.329398
v -0.332688 0.631463 -0.332118
v -0.286972 0.592168 -0.362115
v -0.283320 0.595566 -0.360732
v -0.280568 0.597937 -0.357044
v -0.279455 0.598646 -0.352039
v -0.280278 0.597503 -0.347058
v -0.282816 0.594814 -0.343436
v -0.286391 0.591300 -0.342143
v -0.290043 0.587903 -0.343525
v -0.292794 0.585532 -0.347214
v -0.293908 0.584823 -0.352219
v -0.293085 0.585966 -0.357200
v -0.290546 0.588654 -0.360822
v -0.246628 0.548919 -0.341137
v -0.243500 0.552874 -0.339966
v -0.242252 0.556842 -0.336886
v -0.243218 0.559761 -0.332722
v -0.246140 0.560849 -0.328589
v -0.250234 0.559813 -0.325596
v -0.254404 0.556931 -0.324544
v -0.257532 0.552977 -0.325714
v -0.258780 0.549008 -0.328795
v -0.257813 0.546089 -0.332959
v -0.254892 0.545002 -0.337091
v -0.250798 0.546037 -0.340085
v -0.210821 0.509509 -0.282620
v -0.207925 0.513715 -0.281779
v -0.207300 0.518364 -0.279590
v -0.209117 0.522210 -0.276639
v -0.212886 0.524222 -0.273717
v -0.217599 0.523861 -0.271607
v -0.221993 0.521223 -0.270875
v -0.224890 0.517017 -0.271716
v -0.225514 0.512368 -0.273905
v -0.223698 0.508523 -0.276856
v -0.219928 0.506511 -0.279778
v -0.215215 0.506872 -0.281888
v -0.177864 0.473479 -0.197497
v -0.175058 0.477785 -0.196876
v -0.174653 0.482671 -0.195216
v -0.176756 0.486828 -0.192962
v -0.180805 0.489144 -0.190717
v -0.185715 0.488996 -0.189083
v -0.190169 0.486425 -0.188498
v -0.192975 0.482120 -0.189119
v -0.193381 0.477233 -0.190779
v -0.191277 0.473076 -0.193033
v -0.187228 0.470761 -0.195278
v -0.182319 0.470908 -0.196912
v -0.146615 0.440858 -0.094480
v -0.143860 0.445217 -0.094023
v -0.143556 0.450208 -0.092686
v -0.145784 0.454495 -0.090827
v -0.149947 0.456928 -0.088943
v -0.154929 0.456856 -0.087541
v -0.159396 0.454297 -0.086995
v -0.162150 0.449939 -0.087451
v -0.162454 0.444947 -0.088789
v -0.160227 0.440661 -0.090648
v -0.156064 0.438228 -0.092532
v -0.151082 0.438300 -0.093934
v -0.116527 0.412308 0.017570
v -0.113814 0.416706 0.017875
v -0.113572 0.421755 0.018987
v -0.115866 0.426104 0.020607
v -0.120080 0.428586 0.022302
v -0.125086 0.428536 0.023618
v -0.129543 0.425968 0.024201
v -0.132255 0.421570 0.023896
v -0.132497 0.416520 0.022785
v -0.130204 0.412172 0.021164
v -0.125989 0.409690 0.019469
v -0.120983 0.409740 0.018154
v -0.087201 0.388652 0.129621
v -0.084536 0.393087 0.129751
v -0.084343 0.398176 0.130679
v -0.086676 0.402555 0.132154
v -0.090908 0.405051 0.133783
v -0.095906 0.404995 0.135128
v -0.100331 0.402402 0.135829
v -0.102997 0.397967 0.135699
v -0.103189 0.392878 0.134772
v -0.100857 0.388499 0.133296
v -0.096624 0.386003 0.131668
v -0.091626 0.386059 0.130323
v -0.058293 0.370763 0.232540
v -0.055700 0.375242 0.232421
v -0.055561 0.380363 0.233164
v -0.057914 0.384754 0.234569
v -0.062129 0.387240 0.236258
v -0.067075 0.387153 0.237781
v -0.071429 0.384517 0.238728
v -0.074022 0.380039 0.238847
v -0.074161 0.374918 0.238104
v -0.071808 0.370527 0.236700
v -0.067593 0.368041 0.235010
v -0.062647 0.368128 0.233487
v -0.029526 0.359535 0.317062
v -0.027097 0.364070 0.316492
v -0.027049 0.369223 0.316986
v -0.029394 0.373612 0.318413
v -0.033504 0.376061 0.320389
v -0.038277 0.375914 0.322386
v -0.042435 0.373210 0.323868
v -0.044864 0.368674 0.324439
v -0.044912 0.363522 0.323944
v -0.042567 0.359133 0.322517
v -0.038457 0.356684 0.320541
v -0.033684 0.356831 0.318544
v -0.001071 0.355820 0.373475
v 0.000659 0.360394 0.371776
v 0.000393 0.365564 0.371764
v -0.001796 0.369944 0.373443
v -0.005322 0.372361 0.376361
v -0.009240 0.372168 0.379738
v -0.012501 0.369415 0.382668
v -0.014231 0.364842 0.384367
v -0.013965 0.359672 0.384379
v -0.011776 0.355292 0.382700
v -0.008250 0.352875 0.379782
v -0.004331 0.353068 0.376405
v 0.026342 0.360133 0.393119
v 0.026327 0.364462 0.390282
v 0.025438 0.369544 0.389862
v 0.023911 0.374018 0.391973
v 0.022157 0.376683 0.396049
v 0.020645 0.376827 0.400998
v 0.019781 0.374410 0.405493
v 0.019795 0.370081 0.408331
v 0.020685 0.364999 0.408750
v 0.022211 0.360526 0.406639
v 0.023965 0.357860 0.402563
v 0.025477 0.357716 0.397614
v 0.064301 0.369182 0.391163
v 0.063271 0.373309 0.388212
v 0.062233 0.378361 0.387777
v 0.061466 0.382986 0.389972
v 0.061177 0.385944 0.394210
v 0.061441 0.386442 0.399356
v 0.062189 0.384347 0.404030
v 0.063220 0.380220 0.406980
v 0.064258 0.375168 0.407416
v 0.065024 0.370543 0.405220
v 0.065314 0.367585 0.400982
v 0.065049 0.367087 0.395837
v 0.120494 0.378320 0.385621
v 0.119560 0.382463 0.382661
v 0.118801 0.387562 0.382198
v 0.118419 0.392251 0.384357
v 0.118518 0.395275 0.388557
v 0.119070 0.395821 0.393675
v 0.119928 0.393745 0.398338
v 0.120862 0.389602 0.401298
v 0.121622 0.384503 0.401761
v 0.122003 0.379813 0.399603
v 0.121905 0.376790 0.395402
v 0.121352 0.376243 0.390284
v 0.189746 0.386144 0.375464
v 0.188859 0.390293 0.372497
v 0.188310 0.395416 0.372003
v 0.188245 0.400142 0.374115
v 0.188682 0.403203 0.378266
v 0.189503 0.403781 0.383344
v 0.190490 0.401719 0.387988
v 0.191376 0.397571 0.390955
v 0.191926 0.392448 0.391448
v 0.191991 0.387722 0.389337
v 0.191554 0.384660 0.385186
v 0.190732 0.384083 0.380108
v 0.268079 0.391487 0.359977
v 0.267218 0.395637 0.357005
v 0.266868 0.400774 0.356472
v 0.267122 0.405521 0.358520
v 0.267913 0.408607 0.362600
v 0.269029 0.409204 0.367619
v 0.270170 0.407153 0.372233
v 0.271031 0.403003 0.375204
v 0.271381 0.397866 0.375738
v 0.271127 0.393119 0.373690
v 0.270335 0.390033 0.369610
v 0.269220 0.389436 0.364591
v 0.351584 0.393207 0.338457
v 0.350736 0.397357 0.335482
v 0.350600 0.402498 0.334893
v 0.351211 0.407252 0.336847
v 0.352406 0.410345 0.340822
v 0.353865 0.410949 0.345751
v 0.355197 0.408901 0.350315
v 0.356045 0.404751 0.353290
v 0.356181 0.399610 0.353880
v 0.355570 0.394856 0.351925
v 0.354374 0.391763 0.347951
v 0.352915 0.391159 0.343021
v 0.436367 0.390178 0.310215
v 0.435525 0.394328 0.307238
v 0.435633 0.399460 0.306566
v 0.436664 0.404197 0.308379
v 0.438341 0.407272 0.312190
v 0.440215 0.407860 0.316980
v 0.441783 0.405803 0.321464
v 0.442626 0.401653 0.324441
v 0.442517 0.396522 0.325113
v 0.441486 0.391784 0.323300
v 0.439809 0.388709 0.319488
v 0.437936 0.388121 0.314699
v 0.518545 0.381297 0.274588
v 0.517700 0.385447 0.271612
v 0.518098 0.390546 0.270813
v 0.519631 0.395227 0.272404
v 0.521890 0.398236 0.275959
v 0.524269 0.398767 0.280526
v 0.526130 0.396677 0.284880
v 0.526975 0.392527 0.287856
v 0.526577 0.387428 0.288656
v 0.525044 0.382747 0.287065
v 0.522785 0.379738 0.283510
v 0.520406 0.379207 0.278943
v 0.594262 0.365487 0.230948
v 0.593409 0.369640 0.227977
v 0.594144 0.374665 0.226979
v 0.596270 0.379218 0.228222
v 0.599218 0.382078 0.231372
v 0.602198 0.382479 0.235585
v 0.604412 0.380313 0.239733
v 0.605265 0.376161 0.242704
v 0.604530 0.371135 0.243702
v 0.602404 0.366582 0.242459
v 0.599456 0.363722 0.239309
v 0.596475 0.363321 0.235095
v 0.659746 0.341702 0.178684
v 0.658879 0.345859 0.175724
v 0.659982 0.350747 0.174427
v 0.662760 0.355057 0.175139
v 0.666469 0.357632 0.177670
v 0.670114 0.357784 0.181342
v 0.672719 0.355472 0.185171
v 0.673586 0.351315 0.188131
v 0.672483 0.346426 0.189429
v 0.669705 0.342117 0.188716
v 0.665997 0.339541 0.186185
v 0.662351 0.339389 0.182513
v 0.711372 0.308880 0.117129
v 0.710489 0.313047 0.114188
v 0.711936 0.317712 0.112474
v 0.715326 0.321625 0.112445
v 0.719749 0.323736 0.114110
v 0.724021 0.323481 0.117022
v 0.726996 0.320928 0.120401
v 0.727879 0.316761 0.123343
v 0.726432 0.312096 0.125057
v 0.723042 0.308184 0.125086
v 0.718619 0.306072 0.123421
v 0.714347 0.306327 0.120509
v 0.745615 0.265851 0.045430
v 0.744720 0.270034 0.042514
v 0.746406 0.274397 0.040297
v 0.750221 0.277772 0.039374
v 0.755141 0.279255 0.039991
v 0.759850 0.278448 0.041983
v 0.763085 0.275567 0.044817
v 0.763980 0.271385 0.047733
v 0.762294 0.267022 0.049950
v 0.758480 0.263646 0.050873
v 0.753559 0.262164 0.050256
v 0.748850 0.262971 0.048264
v 0.758847 0.211268 -0.037422
v 0.757924 0.215565 -0.040156
v 0.759672 0.219673 -0.042776
v 0.763622 0.222492 -0.044579
v 0.768716 0.223265 -0.045082
v 0.773588 0.221786 -0.044151
v 0.776933 0.218451 -0.042034
v 0.777856 0.214153 -0.039300
v 0.776108 0.210045 -0.036681
v 0.772158 0.207227 -0.034878
v 0.767065 0.206453 -0.034374
v 0.762192 0.207933 -0.035306
v 0.748359 0.170691 -0.103191
v 0.747564 0.175357 -0.105289
v 0.749282 0.179378 -0.108059
v 0.753052 0.181678 -0.110760
v 0.757864 0.181640 -0.112667
v 0.762429 0.179275 -0.113270
v 0.765523 0.175216 -0.112407
v 0.766318 0.170551 -0.110309
v 0.764600 0.166529 -0.107539
v 0.760830 0.164230 -0.104839
v 0.756018 0.164267 -0.102931
v 0.751454 0.166633 -0.102328
v 0.718029 0.151509 -0.149496
v 0.717879 0.156555 -0.150642
v 0.719595 0.160575 -0.153414
v 0.722718 0.162493 -0.157071
v 0.726409 0.161794 -0.160631
v 0.729682 0.158666 -0.163141
v 0.731658 0.153947 -0.163929
v 0.731808 0.148901 -0.162783
v 0.730091 0.144881 -0.160011
v 0.726969 0.142963 -0.156354
v 0.723277 0.143662 -0.152794
v 0.720005 0.146790 -0.150284
v 0.672247 0.150606 -0.179375
v 0.673109 0.155690 -0.179827
v 0.674871 0.159712 -0.182567
v 0.677061 0.161594 -0.186864
v 0.679092 0.160832 -0.191564
v 0.680419 0.157631 -0.195408
v 0.680687 0.152847 -0.197368
v 0.679825 0.147763 -0.196916
v 0.678063 0.143741 -0.194175
v 0.675873 0.141859 -0.189879
v 0.673842 0.142620 -0.185179
v 0.672515 0.145822 -0.181334
v 0.614561 0.165859 -0.195045
v 0.616327 0.170722 -0.195221
v 0.618188 0.174720 -0.197932
v 0.619646 0.176781 -0.202451
v 0.620309 0.176355 -0.207567
v 0.620001 0.173554 -0.211909
v 0.618804 0.169129 -0.214314
v 0.617038 0.164267 -0.214137
v 0.615176 0.160269 -0.211427
v 0.613719 0.158207 -0.206908
v 0.613055 0.158634 -0.201792
v 0.613364 0.161435 -0.197450
v 0.549559 0.195357 -0.197821
v 0.551986 0.199927 -0.197956
v 0.553978 0.203867 -0.200659
v 0.554999 0.206122 -0.205205
v 0.554778 0.206087 -0.210377
v 0.553373 0.203771 -0.214788
v 0.551160 0.199796 -0.217257
v 0.548733 0.195226 -0.217122
v 0.546742 0.191285 -0.214419
v 0.545720 0.189031 -0.209873
v 0.545941 0.189066 -0.204701
v 0.547347 0.191381 -0.200290
v 0.482397 0.236790 -0.189233
v 0.485338 0.241046 -0.189428
v 0.487483 0.244892 -0.192149
v 0.488258 0.247298 -0.196666
v 0.487455 0.247619 -0.201770
v 0.485289 0.245769 -0.206092
v 0.482341 0.242244 -0.208475
v 0.479400 0.237989 -0.208280
v 0.477255 0.234143 -0.205560
v 0.476480 0.231737 -0.201042
v 0.477283 0.231416 -0.195939
v 0.479449 0.233266 -0.191616
v 0.418171 0.287688 -0.171064
v 0.421566 0.291582 -0.171385
v 0.423893 0.295284 -0.174157
v 0.424528 0.297800 -0.178635
v 0.423302 0.298458 -0.183621
v 0.420542 0.297081 -0.187778
v 0.416989 0.294037 -0.189993
v 0.413594 0.290142 -0.189671
v 0.411267 0.286441 -0.186900
v 0.410632 0.283924 -0.182422
v 0.411859 0.283266 -0.177436
v 0.414618 0.284644 -0.173279
v 0.361872 0.345548 -0.145192
v 0.365712 0.348979 -0.145719
v 0.368252 0.352458 -0.148589
v 0.368813 0.355052 -0.153034
v 0.367245 0.356066 -0.157861
v 0.363966 0.355229 -0.161778
v 0.359856 0.352764 -0.163736
v 0.356017 0.349333 -0.163209
v 0.353476 0.345854 -0.160339
v 0.352915 0.343260 -0.155895
v 0.354484 0.342246 -0.151067
v 0.357762 0.343083 -0.147150
v 0.318418 0.407863 -0.113532
v 0.322701 0.410642 -0.114390
v 0.325480 0.413769 -0.117438
v 0.326011 0.416407 -0.121860
v 0.324152 0.417849 -0.126471
v 0.320401 0.417708 -0.130035
v 0.315763 0.416023 -0.131598
v 0.311481 0.413244 -0.130740
v 0.308701 0.410117 -0.127692
v 0.308170 0.407479 -0.123270
v 0.310029 0.406038 -0.118659
v 0.313780 0.406178 -0.115095
v 0.292667 0.472131 -0.078009
v 0.297310 0.473953 -0.079395
v 0.300297 0.476529 -0.082747
v 0.300828 0.479169 -0.087168
v 0.298760 0.481166 -0.091472
v 0.294647 0.481985 -0.094507
v 0.289592 0.481406 -0.095460
v 0.284949 0.479585 -0.094074
v 0.281962 0.477009 -0.090722
v 0.281432 0.474369 -0.086301
v 0.283500 0.472371 -0.081997
v 0.287612 0.471553 -0.078961
v 0.289408 0.535896 -0.040528
v 0.294089 0.536419 -0.042675
v 0.297099 0.538217 -0.046483
v 0.297631 0.540808 -0.050933
v 0.295543 0.543498 -0.054831
v 0.291394 0.545567 -0.057133
v 0.286296 0.546460 -0.057223
v 0.281615 0.545937 -0.055076
v 0.278605 0.544139 -0.051267
v 0.278073 0.541548 -0.046818
v 0.280161 0.538858 -0.042920
v 0.284310 0.536789 -0.040617
v 0.313413 0.596742 -0.002975
v 0.317581 0.595951 -0.005942
v 0.320287 0.596972 -0.010234
v 0.320807 0.599533 -0.014703
v 0.319001 0.602946 -0.018150
v 0.315353 0.606297 -0.019653
v 0.310841 0.608689 -0.018807
v 0.306674 0.609480 -0.015841
v 0.303967 0.608458 -0.011548
v 0.303447 0.605898 -0.007080
v 0.305253 0.602485 -0.003632
v 0.308901 0.599133 -0.002130
v 0.384925 0.670153 0.047539
v 0.388063 0.668334 0.043846
v 0.390211 0.668799 0.039159
v 0.390795 0.671423 0.034736
v 0.389657 0.675503 0.031760
v 0.387103 0.679946 0.031030
v 0.383817 0.683561 0.032741
v 0.380679 0.685380 0.036434
v 0.378531 0.684915 0.041121
v 0.377947 0.682291 0.045544
v 0.379085 0.678211 0.048520
v 0.381639 0.673768 0.049250
v 0.469672 0.703959 0.080853
v 0.471355 0.701561 0.076586
v 0.472766 0.701732 0.071609
v 0.473527 0.704427 0.067255
v 0.473434 0.708923 0.064692
v 0.472512 0.714016 0.064605
v 0.471008 0.718341 0.067019
v 0.469325 0.720739 0.071287
v 0.467914 0.720568 0.076264
v 0.467153 0.717873 0.080618
v 0.467246 0.713377 0.083181
v 0.468168 0.708284 0.083267
v 0.564317 0.703601 0.099589
v 0.564568 0.701179 0.095022
v 0.565270 0.701338 0.089896
v 0.566234 0.704036 0.085585
v 0.567202 0.708550 0.083244
v 0.567915 0.713671 0.083500
v 0.568181 0.718026 0.086285
v 0.567930 0.720448 0.090853
v 0.567228 0.720289 0.095979
v 0.566264 0.717591 0.100290
v 0.565296 0.713077 0.102631
v 0.564583 0.707956 0.102375
v 0.665411 0.674117 0.106159
v 0.664640 0.671970 0.101513
v 0.664853 0.672261 0.096349
v 0.665993 0.674912 0.092052
v 0.667754 0.679212 0.089772
v 0.669665 0.684010 0.090121
v 0.671214 0.688020 0.093005
v 0.671985 0.690167 0.097651
v 0.671772 0.689877 0.102815
v 0.670632 0.687226 0.107113
v 0.668871 0.682925 0.109392
v 0.666960 0.678127 0.109044
v 0.769163 0.620525 0.102902
v 0.767747 0.618699 0.098270
v 0.767670 0.619135 0.093112
v 0.768953 0.621714 0.088812
v 0.771252 0.625746 0.086520
v 0.773951 0.630151 0.086852
v 0.776327 0.633747 0.089718
v 0.777744 0.635573 0.094350
v 0.777821 0.635137 0.099507
v 0.776538 0.632558 0.103808
v 0.774238 0.628526 0.106100
v 0.771539 0.624121 0.105768
v 0.871674 0.547976 0.092201
v 0.869849 0.546436 0.087609
v 0.869608 0.546986 0.082467
v 0.871016 0.549478 0.078155
v 0.873696 0.553245 0.075826
v 0.876929 0.557277 0.076106
v 0.879850 0.560495 0.078918
v 0.881675 0.562035 0.083511
v 0.881916 0.561486 0.088652
v 0.880508 0.558993 0.092965
v 0.877828 0.555226 0.095294
v 0.874595 0.551194 0.095014
v 0.969068 0.461699 0.076479
v 0.966969 0.460399 0.071929
v 0.966640 0.461026 0.066801
v 0.968170 0.463411 0.062469
v 0.971149 0.466915 0.060094
v 0.974778 0.470599 0.060312
v 0.978086 0.473477 0.063064
v 0.980185 0.474776 0.067614
v 0.980514 0.474150 0.072742
v 0.978983 0.471765 0.077074
v 0.976004 0.468261 0.079449
v 0.972375 0.464576 0.079231
v 1.057498 0.366950 0.058172
v 1.055203 0.365860 0.053662
v 1.054838 0.366526 0.048541
v 1.056500 0.368770 0.044183
v 1.059744 0.371989 0.041753
v 1.063702 0.375323 0.041905
v 1.067311 0.377877 0.044596
v 1.069606 0.378967 0.049106
v 1.069972 0.378301 0.054226
v 1.068309 0.376057 0.058585
v 1.065065 0.372837 0.061014
v 1.061108 0.369504 0.060863
v 1.133130 0.269021 0.039726
v 1.130684 0.268127 0.035252
v 1.130323 0.268789 0.030130
v 1.132141 0.270829 0.025734
v 1.135653 0.273700 0.023241
v 1.139917 0.276634 0.023319
v 1.143790 0.278844 0.025947
v 1.146236 0.279738 0.030420
v 1.146598 0.279077 0.035542
v 1.144779 0.277037 0.039938
v 1.141267 0.274165 0.042431
v 1.137004 0.271231 0.042353
v 1.192131 0.173276 0.023591
v 1.189562 0.172588 0.019150
v 1.189242 0.173180 0.014018
v 1.191257 0.174894 0.009569
v 1.195068 0.177270 0.006995
v 1.199653 0.179672 0.006986
v 1.203784 0.181456 0.009545
v 1.206354 0.182144 0.013985
v 1.206674 0.181552 0.019118
v 1.204659 0.179838 0.023567
v 1.200848 0.177462 0.026141
v 1.196262 0.175060 0.026149
v 1.230695 0.085273 0.012211
v 1.228018 0.084843 0.007801
v 1.227779 0.085241 0.002645
v 1.230040 0.086360 -0.001874
v 1.234196 0.087902 -0.004547
v 1.239134 0.089452 -0.004657
v 1.243530 0.090595 -0.002175
v 1.246206 0.091025 0.002235
v 1.246446 0.090627 0.007390
v 1.244185 0.089507 0.011910
v 1.240029 0.087966 0.014583
v 1.235091 0.086416 0.014693
v 1.245310 0.010689 0.007930
v 1.242574 0.010622 0.003536
v 1.242400 0.010617 -0.001637
v 1.244836 0.010677 -0.006204
v 1.249228 0.010785 -0.008941
v 1.254400 0.010912 -0.009115
v 1.258966 0.011024 -0.006678
v 1.261702 0.011092 -0.002285
v 1.261876 0.011096 0.002889
v 1.259440 0.011036 0.007456
v 1.255048 0.010928 0.010193
v 1.249876 0.010801 0.010366
vn -0.7161 0.0606 -0.6953
vn -0.9649 0.0879 -0.2474
vn -0.9599 0.0921 0.2647
vn -0.7023 0.0720 0.7082
vn -0.2572 0.0327 0.9658
vn 0.2592 -0.0155 0.9657
vn 0.7072 -0.0597 0.7045
vn 0.9639 -0.0877 0.2516
vn 0.9585 -0.0919 -0.2699
vn 0.6927 -0.0711 -0.7177
vn 0.2396 -0.0311 -0.9704
vn -0.2764 0.0172 -0.9609
vn -0.7105 0.1070 -0.6955
vn -0.9570 0.1508 -0.2478
vn -0.9519 0.1550 0.2644
vn -0.6964 0.1184 0.7078
vn -0.2559 0.0504 0.9654
vn 0.2552 -0.0314 0.9664
vn 0.6999 -0.1051 0.7065
vn 0.9556 -0.1505 0.2532
vn 0.9504 -0.1548 -0.2698
vn 0.6857 -0.1168 -0.7185
vn 0.2359 -0.0473 -0.9706
vn -0.2751 0.0347 -0.9608
vn -0.6891 0.2034 -0.6955
vn -0.9260 0.2842 -0.2484
vn -0.9201 0.2905 0.2629
vn -0.6731 0.2207 0.7059
vn -0.2476 0.0924 0.9644
vn 0.2462 -0.0613 0.9673
vn 0.6765 -0.1992 0.7090
vn 0.9242 -0.2834 0.2561
vn 0.9187 -0.2900 -0.2679
vn 0.6615 -0.2172 -0.7178
vn 0.2252 -0.0855 -0.9705
vn -0.2691 0.0685 -0.9607
vn -0.6499 0.3039 -0.6966
vn -0.8677 0.4292 -0.2506
vn -0.8585 0.4422 0.2596
vn -0.6252 0.3398 0.7026
vn -0.2268 0.1477 0.9627
vn 0.2345 -0.0849 0.9684
vn 0.6357 -0.2961 0.7129
vn 0.8654 -0.4276 0.2612
vn 0.8575 -0.4417 -0.2637
vn 0.6136 -0.3343 -0.7154
vn 0.2032 -0.1360 -0.9696
vn -0.2594 0.0977 -0.9608
vn -0.5920 0.3988 -0.7003
vn -0.7773 0.5743 -0.2569
vn -0.7596 0.5996 0.2521
vn -0.5442 0.4689 0.6957
vn -0.1855 0.2150 0.9588
vn 0.2246 -0.0976 0.9695
vn 0.5774 -0.3863 0.7193
vn 0.7748 -0.5713 0.2707
vn 0.7591 -0.5993 -0.2541
vn 0.5338 -0.4617 -0.7084
vn 0.1631 -0.1983 -0.9665
vn -0.2492 0.1170 -0.9614
vn -0.5211 0.4764 -0.7081
vn -0.6577 0.7032 -0.2701
vn -0.6224 0.7460 0.2367
vn -0.4255 0.5951 0.6818
vn -0.1169 0.2883 0.9504
vn 0.2245 -0.0966 0.9697
vn 0.5084 -0.4587 0.7288
vn 0.6557 -0.6982 0.2873
vn 0.6227 -0.7461 -0.2355
vn 0.4174 -0.5875 -0.6933
vn 0.0981 -0.2680 -0.9584
vn -0.2457 0.1220 -0.9616
vn -0.4508 0.5279 -0.7198
vn -0.5219 0.8014 -0.2922
vn -0.4565 0.8647 0.2097
vn -0.2726 0.7033 0.6565
vn -0.0173 0.3584 0.9334
vn 0.2440 -0.0829 0.9662
vn 0.4420 -0.5055 0.7410
vn 0.5215 -0.7939 0.3126
vn 0.4578 -0.8653 -0.2043
vn 0.2673 -0.6970 -0.6653
vn 0.0036 -0.3372 -0.9414
vn -0.2594 0.1122 -0.9592
vn -0.3982 0.5525 -0.7323
vn -0.3894 0.8627 -0.3228
vn -0.2787 0.9454 0.1689
vn -0.0958 0.7822 0.6156
vn 0.1122 0.4154 0.9027
vn 0.2918 -0.0622 0.9545
vn 0.3950 -0.5267 0.7528
vn 0.3921 -0.8524 0.3459
vn 0.2818 -0.9463 -0.1585
vn 0.0933 -0.7787 -0.6204
vn -0.1207 -0.3963 -0.9102
vn -0.3006 0.0924 -0.9493
vn -0.3781 0.5578 -0.7388
vn -0.2789 0.8910 -0.3584
vn -0.1069 0.9877 0.1139
vn 0.0923 0.8269 0.5547
vn 0.2675 0.4514 0.8513
vn 0.3734 -0.0434 0.9266
vn 0.3812 -0.5299 0.7575
vn 0.2866 -0.8779 0.3836
vn 0.1132 -0.9887 -0.0978
vn -0.0921 -0.8272 -0.5544
vn -0.2719 -0.4367 -0.8575
vn -0.3764 0.0721 -0.9237
vn -0.3989 0.5568 -0.7286
vn -0.2031 0.8972 -0.3921
vn 0.0451 0.9980 0.0454
vn 0.2802 0.8377 0.4687
vn 0.4422 0.4605 0.7696
vn 0.4896 -0.0372 0.8711
vn 0.4087 -0.5278 0.7446
vn 0.2180 -0.8817 0.4185
vn -0.0332 -0.9992 -0.0239
vn -0.2767 -0.8423 -0.4625
vn -0.4440 -0.4517 -0.7739
vn -0.4882 0.0627 -0.8705
vn -0.4596 0.5635 -0.6864
vn -0.1670 0.8948 -0.4140
vn 0.1675 0.9853 -0.0341
vn 0.4559 0.8174 0.3521
vn 0.6253 0.4385 0.6456
vn 0.6330 -0.0540 0.7722
vn 0.4758 -0.5346 0.6984
vn 0.1915 -0.8777 0.4393
vn -0.1470 -0.9874 0.0594
vn -0.4478 -0.8269 -0.3401
vn -0.6254 -0.4362 -0.6470
vn -0.6291 0.0755 -0.7737
vn -0.5444 0.5914 -0.5949
vn -0.1653 0.8969 -0.4103
vn 0.2534 0.9601 -0.1183
vn 0.6026 0.7719 0.2024
vn 0.7947 0.3845 0.4696
vn 0.7815 -0.1024 0.6155
vn 0.5653 -0.5640 0.6020
vn 0.1998 -0.8801 0.4306
vn -0.2222 -0.9644 0.1431
vn -0.5884 -0.7869 -0.1862
vn -0.7943 -0.3889 -0.4668
vn -0.7777 0.1193 -0.6173
vn -0.5802 0.5988 -0.5521
vn -0.1655 0.8799 -0.4454
vn 0.2943 0.9299 -0.2207
vn 0.6777 0.7326 0.0635
vn 0.8806 0.3397 0.3303
vn 0.8494 -0.1424 0.5081
vn 0.5935 -0.5866 0.5511
vn 0.1774 -0.8765 0.4475
vn -0.2912 -0.9307 0.2216
vn -0.6819 -0.7283 -0.0669
vn -0.8832 -0.3265 -0.3367
vn -0.8433 0.1594 -0.5133
vn -0.4469 0.4685 -0.7621
vn -0.0492 0.7492 -0.6605
vn 0.3643 0.8446 -0.3924
vn 0.6904 0.7232 -0.0176
vn 0.8379 0.4028 0.3684
vn 0.7548 -0.0380 0.6548
vn 0.4545 -0.4718 0.7555
vn 0.0209 -0.7679 0.6403
vn -0.4157 -0.8423 0.3430
vn -0.7281 -0.6838 -0.0474
vn -0.8389 -0.3478 -0.4186
vn -0.7336 0.0713 -0.6758
vn -0.0287 0.0444 -0.9986
vn 0.3230 0.3720 -0.8702
vn 0.5938 0.6069 -0.5283
vn 0.7191 0.6927 -0.0544
vn 0.6621 0.6023 0.4460
vn 0.4156 0.3382 0.8443
vn 0.0303 -0.0413 0.9987
vn -0.3653 -0.4087 0.8364
vn -0.6365 -0.6401 0.4303
vn -0.7229 -0.6870 -0.0739
vn -0.6247 -0.5590 -0.5453
vn -0.3733 -0.2941 -0.8798
vn 0.3862 -0.3972 -0.8325
vn 0.6894 -0.0187 -0.7241
vn 0.8228 0.3686 -0.4325
vn 0.7445 0.6672 -0.0223
vn 0.4605 0.7918 0.4012
vn 0.0410 0.6978 0.7151
vn -0.3922 0.4043 0.8263
vn -0.7112 -0.0064 0.7029
vn -0.8270 -0.4137 0.3808
vn -0.7139 -0.6988 -0.0452
vn -0.4136 -0.7901 -0.4523
vn -0.0130 -0.6772 -0.7356
vn 0.5576 -0.5853 -0.5886
vn 0.8438 -0.1741 -0.5076
vn 0.9123 0.2854 -0.2938
vn 0.7389 0.6738 0.0002
vn 0.3633 0.8834 0.2961
vn -0.1137 0.8519 0.5112
vn -0.5596 0.5861 0.5859
vn -0.8513 0.1590 0.5000
vn -0.9091 -0.3113 0.2770
vn -0.7192 -0.6945 -0.0213
vn -0.3382 -0.8879 -0.3120
vn 0.1278 -0.8458 -0.5180
vn 0.6145 -0.6478 -0.4502
vn 0.8940 -0.2217 -0.3893
vn 0.9378 0.2643 -0.2253
vn 0.7315 0.6819 -0.0004
vn 0.3273 0.9177 0.2253
vn -0.1667 0.9054 0.3906
vn -0.6160 0.6468 0.4497
vn -0.8975 0.2123 0.3866
vn -0.9351 -0.2789 0.2188
vn -0.7206 -0.6933 -0.0075
vn -0.3145 -0.9207 -0.2310
vn 0.1734 -0.9033 -0.3925
vn 0.6381 -0.6729 -0.3743
vn 0.9134 -0.2395 -0.3293
vn 0.9458 0.2585 -0.1965
vn 0.7252 0.6884 -0.0108
vn 0.3090 0.9342 0.1782
vn -0.1912 0.9281 0.3194
vn -0.6400 0.6710 0.3742
vn -0.9156 0.2328 0.3279
vn -0.9440 -0.2675 0.1933
vn -0.7190 -0.6950 0.0071
vn -0.3026 -0.9359 -0.1806
vn 0.1936 -0.9274 -0.3200
vn 0.6494 -0.6844 -0.3315
vn 0.9212 -0.2461 -0.3015
vn 0.9469 0.2587 -0.1908
vn 0.7186 0.6948 -0.0287
vn 0.2967 0.9445 0.1413
vn -0.2055 0.9397 0.2733
vn -0.6522 0.6816 0.3316
vn -0.9230 0.2403 0.3006
vn -0.9456 -0.2648 0.1890
vn -0.7152 -0.6984 0.0270
vn -0.2943 -0.9451 -0.1421
vn 0.2048 -0.9399 -0.2731
vn 0.6543 -0.6897 -0.3102
vn 0.9221 -0.2470 -0.2977
vn 0.9428 0.2626 -0.2052
vn 0.7097 0.7021 -0.0574
vn 0.2852 0.9526 0.1059
vn -0.2161 0.9462 0.2407
vn -0.6587 0.6853 0.3106
vn -0.9240 0.2409 0.2970
vn -0.9418 -0.2672 0.2041
vn -0.7084 -0.7035 0.0568
vn -0.2865 -0.9523 -0.1055
vn 0.2119 -0.9474 -0.2398
vn 0.6531 -0.6914 -0.3089
vn 0.9150 -0.2438 -0.3214
vn 0.9305 0.2704 -0.2473
vn 0.6943 0.7119 -0.1062
vn 0.2702 0.9607 0.0636
vn -0.2262 0.9498 0.2160
vn -0.6607 0.6836 0.3101
vn -0.9173 0.2355 0.3211
vn -0.9295 -0.2742 0.2467
vn -0.6953 -0.7107 0.1070
vn -0.2766 -0.9590 -0.0612
vn 0.2166 -0.9526 -0.2134
vn 0.6395 -0.6905 -0.3381
vn 0.8877 -0.2351 -0.3959
vn 0.8944 0.2834 -0.3460
vn 0.6580 0.7252 -0.2028
vn 0.2415 0.9704 -0.0041
vn -0.2408 0.9505 0.1966
vn -0.6547 0.6731 0.3440
vn -0.8903 0.2195 0.3990
vn -0.8917 -0.2875 0.3495
vn -0.6623 -0.7194 0.2093
vn -0.2584 -0.9659 0.0135
vn 0.2182 -0.9577 -0.1874
vn 0.5526 -0.7068 -0.4417
vn 0.7428 -0.2468 -0.6223
vn 0.7223 0.2910 -0.6273
vn 0.4891 0.7466 -0.4511
vn 0.1172 0.9823 -0.1458
vn -0.2770 0.9407 0.1960
vn -0.5877 0.6517 0.4796
vn -0.7444 0.2015 0.6366
vn -0.7146 -0.2964 0.6336
vn -0.5061 -0.7212 0.4730
vn -0.1684 -0.9669 0.1918
vn 0.2170 -0.9658 -0.1420
vn 0.3222 -0.7506 -0.5769
vn 0.3273 -0.3124 -0.8918
vn 0.2327 0.2332 -0.9442
vn 0.0694 0.7039 -0.7069
vn -0.1080 0.9557 -0.2738
vn -0.2525 0.9429 0.2171
vn -0.3317 0.6901 0.6433
vn -0.3274 0.2652 0.9069
vn -0.2411 -0.2267 0.9436
vn -0.0951 -0.6611 0.7443
vn 0.0743 -0.9299 0.3604
vn 0.2266 -0.9669 -0.1170
vn 0.1024 -0.7555 -0.6471
vn -0.0045 -0.3394 -0.9406
vn -0.1083 0.1623 -0.9808
vn -0.1820 0.6209 -0.7625
vn -0.2081 0.9174 -0.3391
vn -0.1805 0.9672 0.1787
vn -0.1068 0.7553 0.6466
vn -0.0070 0.3450 0.9386
vn 0.0942 -0.1526 0.9838
vn 0.1721 -0.6120 0.7719
vn 0.2051 -0.9137 0.3507
vn 0.1804 -0.9685 -0.1718
vn 0.0284 -0.7716 -0.6355
vn -0.0655 -0.3548 -0.9326
vn -0.1416 0.1575 -0.9773
vn -0.1794 0.6262 -0.7587
vn -0.1691 0.9260 -0.3375
vn -0.1137 0.9784 0.1727
vn -0.0283 0.7710 0.6362
vn 0.0647 0.3592 0.9310
vn 0.1405 -0.1485 0.9789
vn 0.1791 -0.6176 0.7658
vn 0.1697 -0.9224 0.3469
vn 0.1145 -0.9794 -0.1664
vn -0.0370 -0.7793 -0.6256
vn -0.1261 -0.3621 -0.9236
vn -0.1811 0.1526 -0.9716
vn -0.1871 0.6252 -0.7577
vn -0.1430 0.9290 -0.3413
vn -0.0608 0.9844 0.1651
vn 0.0374 0.7782 0.6269
vn 0.1256 0.3657 0.9222
vn 0.1806 -0.1443 0.9729
vn 0.1875 -0.6168 0.7645
vn 0.1443 -0.9253 0.3507
vn 0.0621 -0.9854 -0.1584
vn -0.1043 -0.7841 -0.6118
vn -0.1909 -0.3666 -0.9106
vn -0.2257 0.1498 -0.9626
vn -0.1996 0.6248 -0.7549
vn -0.1200 0.9308 -0.3453
vn -0.0086 0.9878 0.1553
vn 0.1048 0.7825 0.6137
vn 0.1905 0.3700 0.9093
vn 0.2257 -0.1409 0.9640
vn 0.2008 -0.6155 0.7621
vn 0.1222 -0.9265 0.3558
vn 0.0105 -0.9890 -0.1475
vn -0.1803 -0.7858 -0.5916
vn -0.2656 -0.3678 -0.8912
vn -0.2788 0.1495 -0.9486
vn -0.2166 0.6253 -0.7497
vn -0.0965 0.9317 -0.3503
vn 0.0489 0.9888 0.1413
vn 0.1811 0.7837 0.5942
vn 0.2653 0.3716 0.8897
vn 0.2793 -0.1392 0.9500
vn 0.2192 -0.6143 0.7580
vn 0.1002 -0.9265 0.3626
vn -0.0461 -0.9902 -0.1318
vn -0.2702 -0.7827 -0.5607
vn -0.3552 -0.3641 -0.8610
vn -0.3434 0.1532 -0.9266
vn -0.2387 0.6274 -0.7412
vn -0.0703 0.9313 -0.3575
vn 0.1162 0.9860 0.1199
vn 0.2714 0.7798 0.5641
vn 0.3549 0.3684 0.8592
vn 0.3449 -0.1407 0.9280
vn 0.2435 -0.6139 0.7509
vn 0.0765 -0.9249 0.3723
vn -0.1117 -0.9878 -0.1082
vn -0.3783 -0.7709 -0.5124
vn -0.4638 -0.3513 -0.8133
vn -0.4224 0.1637 -0.8915
vn -0.2664 0.6324 -0.7274
vn -0.0396 0.9287 -0.3686
vn 0.1966 0.9767 0.0863
vn 0.3802 0.7671 0.5168
vn 0.4637 0.3566 0.8111
vn 0.4256 -0.1481 0.8927
vn 0.2748 -0.6156 0.7386
vn 0.0499 -0.9209 0.3865
vn -0.1896 -0.9792 -0.0719
vn -0.5061 -0.7438 -0.4365
vn -0.5927 -0.3228 -0.7379
vn -0.5163 0.1863 -0.8359
vn -0.2995 0.6421 -0.7056
vn -0.0035 0.9223 -0.3865
vn 0.2916 0.9560 0.0331
vn 0.5088 0.7388 0.4420
vn 0.5929 0.3292 0.7349
vn 0.5223 -0.1670 0.8363
vn 0.3138 -0.6214 0.7179
vn 0.0202 -0.9131 0.4072
vn -0.2806 -0.9597 -0.0158
vn -0.6467 -0.6919 -0.3210
vn -0.7351 -0.2688 -0.6224
vn -0.6200 0.2277 -0.7508
vn -0.3359 0.6589 -0.6731
vn 0.0364 0.9091 -0.4149
vn 0.3961 0.9169 -0.0491
vn 0.6505 0.6853 0.3275
vn 0.7356 0.2765 0.6184
vn 0.6298 -0.2048 0.7492
vn 0.3584 -0.6351 0.6843
vn -0.0107 -0.8996 0.4366
vn -0.3798 -0.9225 0.0684
vn -0.7788 -0.6065 -0.1598
vn -0.8691 -0.1812 -0.4602
vn -0.7175 0.2935 -0.6317
vn -0.3700 0.6841 -0.6286
vn 0.0738 0.8867 -0.4564
vn 0.4942 0.8535 -0.1653
vn 0.7834 0.5986 0.1670
vn 0.8698 0.1898 0.4554
vn 0.7314 -0.2689 0.6266
vn 0.4011 -0.6601 0.6351
vn -0.0387 -0.8792 0.4748
vn -0.4724 -0.8620 0.1840
vn -0.8709 -0.4903 0.0343
vn -0.9625 -0.0632 -0.2636
vn -0.7863 0.3800 -0.4872
vn -0.3957 0.7158 -0.5754
vn 0.0979 0.8558 -0.5079
vn 0.5614 0.7685 -0.3069
vn 0.8759 0.4818 -0.0273
vn 0.9634 0.0717 0.2584
vn 0.8025 -0.3574 0.4778
vn 0.4314 -0.6960 0.5740
vn -0.0579 -0.8529 0.5188
vn -0.5368 -0.7798 0.3219
vn -0.8997 -0.3675 0.2356
vn -0.9966 0.0700 -0.0435
vn -0.8161 0.4878 -0.3099
vn -0.4108 0.7694 -0.4892
vn 0.1038 0.8390 -0.5341
vn 0.5859 0.6831 -0.4360
vn 0.9096 0.3494 -0.2248
vn 0.9965 -0.0720 0.0427
vn 0.8280 -0.4743 0.2990
vn 0.4449 -0.7564 0.4795
vn -0.0594 -0.8423 0.5358
vn -0.5537 -0.7020 0.4480
vn -0.8479 -0.2490 0.4680
vn -0.9389 0.2317 0.2543
vn -0.7603 0.6487 -0.0332
vn -0.3649 0.8782 -0.3091
vn 0.1264 0.8595 -0.4953
vn 0.5747 0.6096 -0.5460
vn 0.8669 0.2049 -0.4544
vn 0.9364 -0.2481 -0.2481
vn 0.7700 -0.6377 0.0201
vn 0.4084 -0.8675 0.2840
vn -0.0615 -0.8765 0.4775
vn -0.5221 -0.6539 0.5475
vn -0.6738 -0.1549 0.7225
vn -0.6982 0.3706 0.6125
vn -0.5186 0.7921 0.3220
vn -0.1898 0.9800 -0.0597
vn 0.1860 0.8897 -0.4171
vn 0.5040 0.5630 -0.6550
vn 0.6870 0.0962 -0.7202
vn 0.6951 -0.3911 -0.6032
vn 0.5292 -0.7794 -0.3353
vn 0.2301 -0.9730 0.0172
vn -0.1298 -0.9207 0.3681
vn -0.4612 -0.6266 0.6282
vn -0.4229 -0.1372 0.8957
vn -0.3370 0.3865 0.8585
vn -0.1551 0.8028 0.5757
vn 0.0699 0.9891 0.1298
vn 0.2734 0.8972 -0.3470
vn 0.4008 0.5640 -0.7220
vn 0.4218 0.0883 -0.9024
vn 0.3348 -0.4051 -0.8507
vn 0.1638 -0.7945 -0.5847
vn -0.0490 -0.9842 -0.1700
vn -0.2514 -0.9227 0.2923
vn -0.3898 -0.6165 0.6841
vn -0.2167 -0.1792 0.9596
vn -0.0373 0.3157 0.9481
vn 0.1528 0.7244 0.6723
vn 0.2998 0.9308 0.2094
vn 0.3634 0.8790 -0.3087
vn 0.3287 0.5894 -0.7380
vn 0.2076 0.1467 -0.9672
vn 0.0337 -0.3301 -0.9433
vn -0.1483 -0.7204 -0.6775
vn -0.2925 -0.9264 -0.2370
vn -0.3616 -0.8928 0.2686
vn -0.3351 -0.6217 0.7080
vn -0.0858 -0.2329 0.9687
vn 0.1601 0.2294 0.9601
vn 0.3626 0.6299 0.6869
vn 0.4649 0.8565 0.2244
vn 0.4394 0.8475 -0.2977
vn 0.2955 0.6092 -0.7359
vn 0.0742 0.2105 -0.9748
vn -0.1653 -0.2409 -0.9564
vn -0.3610 -0.6282 -0.6893
vn -0.4630 -0.8525 -0.2426
vn -0.4441 -0.8544 0.2697
vn -0.3070 -0.6293 0.7139
vn -0.0038 -0.2815 0.9596
vn 0.2937 0.1476 0.9444
vn 0.5115 0.5375 0.6704
vn 0.5889 0.7798 0.2124
vn 0.5052 0.8083 -0.3024
vn 0.2853 0.6180 -0.7326
vn -0.0094 0.2638 -0.9645
vn -0.3000 -0.1581 -0.9407
vn -0.5113 -0.5374 -0.6707
vn -0.5889 -0.7762 -0.2253
vn -0.5120 -0.8118 0.2808
vn -0.2987 -0.6321 0.7150
vn 0.0511 -0.3254 0.9442
vn 0.3944 0.0665 0.9165
vn 0.6309 0.4415 0.6380
vn 0.6944 0.6956 0.1842
vn 0.5679 0.7588 -0.3188
vn 0.2882 0.6162 -0.7330
vn -0.0671 0.3094 -0.9486
vn -0.4027 -0.0775 -0.9120
vn -0.6316 -0.4428 -0.6364
vn -0.6952 -0.6921 -0.1944
vn -0.5763 -0.7603 0.2997
vn -0.3042 -0.6274 0.7168
vn 0.0900 -0.3688 0.9252
vn 0.4788 -0.0240 0.8776
vn 0.7380 0.3288 0.5893
vn 0.7943 0.5915 0.1385
vn 0.6326 0.6912 -0.3493
vn 0.2997 0.6025 -0.7397
vn -0.1115 0.3529 -0.9290
vn -0.4906 0.0114 -0.8713
vn -0.7397 -0.3316 -0.5856
vn -0.7955 -0.5877 -0.1476
vn -0.6435 -0.6907 0.3300
vn -0.3207 -0.6119 0.7230
vn 0.1171 -0.4157 0.9019
vn 0.5521 -0.1374 0.8224
vn 0.8374 0.1805 0.5160
vn 0.8912 0.4488 0.0660
vn 0.6987 0.5924 -0.4013
vn 0.3162 0.5732 -0.7560
vn -0.1483 0.4002 -0.9044
vn -0.5699 0.1229 -0.8125
vn -0.8405 -0.1847 -0.5094
vn -0.8929 -0.4439 -0.0750
vn -0.7137 -0.5885 0.3799
vn -0.3460 -0.5795 0.7378
vn 0.1307 -0.4693 0.8733
vn 0.6044 -0.2892 0.7423
vn 0.9142 -0.0270 0.4043
vn 0.9687 0.2434 -0.0483
vn 0.7523 0.4447 -0.4861
vn 0.3302 0.5220 -0.7864
vn -0.1764 0.4581 -0.8712
vn -0.6311 0.2744 -0.7256
vn -0.9191 0.0211 -0.3934
vn -0.9708 -0.2368 0.0387
vn -0.7732 -0.4346 0.4618
vn -0.3730 -0.5207 0.7680
vn 0.1266 -0.5269 0.8405
vn 0.6055 -0.4812 0.6340
vn 0.9212 -0.3003 0.2476
vn 0.9768 -0.0330 -0.2116
vn 0.7550 0.2426 -0.6092
vn 0.3260 0.4477 -0.8326
vn -0.1844 0.5291 -0.8283
vn -0.6399 0.4711 -0.6072
vn -0.9276 0.2927 -0.2321
vn -0.9787 0.0403 0.2011
vn -0.7805 -0.2230 0.5840
vn -0.3794 -0.4305 0.8189
vn 0.1043 -0.5883 0.8019
vn 0.5313 -0.6767 0.5097
vn 0.8137 -0.5768 0.0722
vn 0.8670 -0.3136 -0.3873
vn 0.6758 0.0372 -0.7362
vn 0.2992 0.3746 -0.8776
vn -0.1531 0.6064 -0.7803
vn -0.5593 0.6760 -0.4798
vn -0.8183 0.5718 -0.0592
vn -0.8689 0.3229 0.3751
vn -0.6985 -0.0092 0.7156
vn -0.3454 -0.3421 0.8739
vn 0.0346 -0.6527 0.7569
vn 0.3572 -0.8490 0.3894
vn 0.5825 -0.8076 -0.0925
vn 0.6417 -0.5352 -0.5493
vn 0.5188 -0.1131 -0.8474
vn 0.2543 0.3348 -0.9073
vn -0.0741 0.6863 -0.7236
vn -0.3792 0.8549 -0.3541
vn -0.5852 0.8043 0.1027
vn -0.6428 0.5506 0.5326
vn -0.5374 0.1561 0.8287
vn -0.2921 -0.2826 0.9137
vn -0.0769 -0.6974 0.7126
vn 0.0944 -0.9537 0.2855
vn 0.2410 -0.9434 -0.2276
vn 0.3193 -0.6630 -0.6772
vn 0.3065 -0.1965 -0.9314
vn 0.2092 0.3175 -0.9249
vn 0.0573 0.7386 -0.6718
vn -0.1076 0.9629 -0.2475
vn -0.2439 0.9404 0.2370
vn -0.3183 0.6799 0.6606
vn -0.3121 0.2455 0.9178
vn -0.2250 -0.2564 0.9400
vn -0.1931 -0.7050 0.6824
vn -0.1698 -0.9598 0.2237
vn -0.0991 -0.9485 -0.3010
vn -0.0001 -0.6707 -0.7418
vn 0.0986 -0.2068 -0.9734
vn 0.1690 0.3094 -0.9358
vn 0.1929 0.7368 -0.6480
vn 0.1661 0.9669 -0.1937
vn 0.0967 0.9467 0.3073
vn 0.0026 0.6845 0.7290
vn -0.0925 0.2454 0.9650
vn -0.1643 -0.2618 0.9510
vn -0.2864 -0.6852 0.6697
vn -0.3668 -0.9078 0.2031
vn -0.3466 -0.8812 -0.3216
vn -0.2302 -0.6107 -0.7576
vn -0.0508 -0.1729 -0.9836
vn 0.1413 0.3094 -0.9404
vn 0.2937 0.7050 -0.6455
vn 0.3675 0.9119 -0.1828
vn 0.3454 0.8803 0.3251
vn 0.2337 0.6208 0.7483
vn 0.0608 0.1987 0.9782
vn -0.1293 -0.2786 0.9517
vn -0.3540 -0.6551 0.6675
vn -0.4989 -0.8427 0.2026
vn -0.5077 -0.8003 -0.3190
vn -0.3774 -0.5385 -0.7534
vn -0.1442 -0.1303 -0.9809
vn 0.1268 0.3113 -0.9418
vn 0.3624 0.6672 -0.6508
vn 0.5008 0.8447 -0.1892
vn 0.5073 0.7999 0.3205
vn 0.3811 0.5459 0.7462
vn 0.1544 0.1478 0.9769
vn -0.1143 -0.2915 0.9497
vn -0.4049 -0.6220 0.6701
vn -0.5904 -0.7795 0.2095
vn -0.6155 -0.7250 -0.3093
vn -0.4727 -0.4728 -0.7436
vn -0.2018 -0.0927 -0.9750
vn 0.1225 0.3110 -0.9425
vn 0.4126 0.6298 -0.6581
vn 0.5923 0.7804 -0.2003
vn 0.6154 0.7250 0.3092
vn 0.4765 0.4788 0.7374
vn 0.2114 0.1055 0.9717
vn -0.1109 -0.2973 0.9483
vn -0.4474 -0.5862 0.6754
vn -0.6600 -0.7186 0.2190
vn -0.6936 -0.6560 -0.2977
vn -0.5386 -0.4150 -0.7333
vn -0.2380 -0.0621 -0.9693
vn 0.1256 0.3063 -0.9436
vn 0.4544 0.5916 -0.6660
vn 0.6616 0.7191 -0.2126
vn 0.6937 0.6564 0.2963
vn 0.5427 0.4204 0.7271
vn 0.2475 0.0725 0.9662
vn -0.1147 -0.2960 0.9483
vn -0.4873 -0.5443 0.6829
vn -0.7195 -0.6552 0.2301
vn -0.7565 -0.5883 -0.2857
vn -0.5880 -0.3616 -0.7236
vn -0.2608 -0.0376 -0.9647
vn 0.1354 0.2953 -0.9458
vn 0.4940 0.5484 -0.6747
vn 0.7208 0.6554 -0.2255
vn 0.7569 0.5892 0.2827
vn 0.5930 0.3672 0.7167
vn 0.2712 0.0472 0.9614
vn -0.1241 -0.2865 0.9500
vn -0.5294 -0.4894 0.6929
vn -0.7771 -0.5806 0.2431
vn -0.8133 -0.5137 -0.2732
vn -0.6284 -0.3072 -0.7146
vn -0.2741 -0.0183 -0.9615
vn 0.1523 0.2743 -0.9495
vn 0.5366 0.4929 -0.6849
vn 0.7781 0.5805 -0.2400
vn 0.8142 0.5151 0.2679
vn 0.6353 0.3136 0.7057
vn 0.2873 0.0281 0.9574
vn -0.1391 -0.2660 0.9539
vn -0.5783 -0.4076 0.7067
vn -0.8392 -0.4780 0.2592
vn -0.8708 -0.4177 -0.2595
vn -0.6646 -0.2434 -0.7064
vn -0.2792 -0.0041 -0.9602
vn 0.1789 0.2350 -0.9554
vn 0.5873 0.4105 -0.6975
vn 0.8400 0.4776 -0.2573
vn 0.8726 0.4196 0.2501
vn 0.6757 0.2511 0.6931
vn 0.2986 0.0150 0.9543
vn -0.1606 -0.2264 0.9607
vn -0.6351 -0.2651 0.7255
vn -0.9091 -0.3098 0.2784
vn -0.9314 -0.2684 -0.2459
vn -0.6969 -0.1532 -0.7006
vn -0.2744 0.0025 -0.9616
vn 0.2178 0.1559 -0.9635
vn 0.6488 0.2670 -0.7126
vn 0.9096 0.3084 -0.2783
vn 0.9354 0.2702 0.2280
vn 0.7178 0.1614 0.6773
vn 0.3086 0.0090 0.9512
vn -0.1872 -0.1476 0.9712
vn -0.6589 -0.1711 0.7325
vn -0.9372 -0.2001 0.2856
vn -0.9550 -0.1733 -0.2407
vn -0.7068 -0.0981 -0.7006
vn -0.2638 0.0035 -0.9646
vn 0.2442 0.1022 -0.9643
vn 0.6790 0.1721 -0.7137
vn 0.9372 0.1980 -0.2873
vn 0.9617 0.1747 0.2112
vn 0.7410 0.1064 0.6630
vn 0.3190 0.0081 0.9477
vn -0.1964 -0.0943 0.9760
vt 0.000000 1.000000
vt 0.016667 1.000000
vt 0.016667 0.916667
vt 0.000000 0.916667
vt 0.000000 0.083333
vt 0.016667 0.083333
vt 0.016667 0.000000
vt 0.000000 0.000000
vt 0.000000 0.166667
vt 0.016667 0.166667
vt 0.000000 0.250000
vt 0.016667 0.250000
vt 0.000000 0.333333
vt 0.016667 0.333333
vt 0.000000 0.416667
vt 0.016667 0.416667
vt 0.000000 0.500000
vt 0.016667 0.500000
vt 0.000000 0.583333
vt 0.016667 0.583333
vt 0.000000 0.666667
vt 0.016667 0.666667
vt 0.000000 0.750000
vt 0.016667 0.750000
vt 0.000000 0.833333
vt 0.016667 0.833333
vt 0.033333 1.000000
vt 0.033333 0.916667
vt 0.033333 0.083333
vt 0.033333 0.000000
vt 0.033333 0.166667
vt 0.033333 0.250000
vt 0.033333 0.333333
vt 0.033333 0.416667
vt 0.033333 0.500000
vt 0.033333 0.583333
vt 0.033333 0.666667
vt 0.033333 0.750000
vt 0.033333 0.833333
vt 0.050000 1.000000
vt 0.050000 0.916667
vt 0.050000 0.083333
vt 0.050000 0.000000
vt 0.050000 0.166667
vt 0.050000 0.250000
vt 0.050000 0.333333
vt 0.050000 0.416667
vt 0.050000 0.500000
vt 0.050000 0.583333
vt 0.050000 0.666667
vt 0.050000 0.750000
vt 0.050000 0.833333
vt 0.066667 1.000000
vt 0.066667 0.916667
vt 0.066667 0.083333
vt 0.066667 0.000000
vt 0.066667 0.166667
vt 0.066667 0.250000
vt 0.066667 0.333333
vt 0.066667 0.416667
vt 0.066667 0.500000
vt 0.066667 0.583333
vt 0.066667 0.666667
vt 0.066667 0.750000
vt 0.066667 0.833333
vt 0.083333 1.000000
vt 0.083333 0.916667
vt 0.083333 0.083333
vt 0.083333 0.000000
vt 0.083333 0.166667
vt 0.083333 0.250000
vt 0.083333 0.333333
vt 0.083333 0.416667
vt 0.083333 0.500000
vt 0.083333 0.583333
vt 0.083333 0.666667
vt 0.083333 0.750000
vt 0.083333 0.833333
vt 0.100000 1.000000
vt 0.100000 0.916667
vt 0.100000 0.083333
vt 0.100000 0.000000
vt 0.100000 0.166667
vt 0.100000 0.250000
vt 0.100000 0.333333
vt 0.100000 0.416667
vt 0.100000 0.500000
vt 0.100000 0.583333
vt 0.100000 0.666667
vt 0.100000 0.750000
vt 0.100000 0.833333
vt 0.116667 1.000000
vt 0.116667 0.916667
vt 0.116667 0.083333
vt 0.116667 0.000000
vt 0.116667 0.166667
vt 0.116667 0.250000
vt 0.116667 0.333333
vt 0.116667 0.416667
vt 0.116667 0.500000
vt 0.116667 0.583333
vt 0.116667 0.666667
vt 0.116667 0.750000
vt 0.116667 0.833333
vt 0.133333 1.000000
vt 0.133333 0.916667
vt 0.133333 0.083333
vt 0.133333 0.000000
vt 0.133333 0.166667
vt 0.133333 0.250000
vt 0.133333 0.333333
vt 0.133333 0.416667
vt 0.133333 0.500000
vt 0.133333 0.583333
vt 0.133333 0.666667
vt 0.133333 0.750000
vt 0.133333 0.833333
vt 0.150000 1.000000
vt 0.150000 0.916667
vt 0.150000 0.083333
vt 0.150000 0.000000
vt 0.150000 0.166667
vt 0.150000 0.250000
vt 0.150000 0.333333
vt 0.150000 0.416667
vt 0.150000 0.500000
vt 0.150000 0.583333
vt 0.150000 0.666667
vt 0.150000 0.750000
vt 0.150000 0.833333
vt 0.166667 1.000000
vt 0.166667 0.916667
vt 0.166667 0.083333
vt 0.166667 0.000000
vt 0.166667 0.166667
vt 0.166667 0.250000
vt 0.166667 0.333333
vt 0.166667 0.416667
vt 0.166667 0.500000
vt 0.166667 0.583333
vt 0.166667 0.666667
vt 0.166667 0.750000
vt 0.166667 0.833333
vt 0.183333 1.000000
vt 0.183333 0.916667
vt 0.183333 0.083333
vt 0.183333 0.000000
vt 0.183333 0.166667
vt 0.183333 0.250000
vt 0.183333 0.333333
vt 0.183333 0.416667
vt 0.183333 0.500000
vt 0.183333 0.583333
vt 0.183333 0.666667
vt 0.183333 0.750000
vt 0.183333 0.833333
vt 0.200000 1.000000
vt 0.200000 0.916667
vt 0.200000 0.083333
vt 0.200000 0.000000
vt 0.200000 0.166667
vt 0.200000 0.250000
vt 0.200000 0.333333
vt 0.200000 0.416667
vt 0.200000 0.500000
vt 0.200000 0.583333
vt 0.200000 0.666667
vt 0.200000 0.750000
vt 0.200000 0.833333
vt 0.216667 1.000000
vt 0.216667 0.916667
vt 0.216667 0.083333
vt 0.216667 0.000000
vt 0.216667 0.166667
vt 0.216667 0.250000
vt 0.216667 0.333333
vt 0.216667 0.416667
vt 0.216667 0.500000
vt 0.216667 0.583333
vt 0.216667 0.666667
vt 0.216667 0.750000
vt 0.216667 0.833333
vt 0.233333 1.000000
vt 0.233333 0.916667
vt 0.233333 0.083333
vt 0.233333 0.000000
vt 0.233333 0.166667
vt 0.233333 0.250000
vt 0.233333 0.333333
vt 0.233333 0.416667
vt 0.233333 0.500000
vt 0.233333 0.583333
vt 0.233333 0.666667
vt 0.233333 0.750000
vt 0.233333 0.833333
vt 0.250000 1.000000
vt 0.250000 0.916667
vt 0.250000 0.083333
vt 0.250000 0.000000
vt 0.250000 0.166667
vt 0.250000 0.250000
vt 0.250000 0.333333
vt 0.250000 0.416667
vt 0.250000 0.500000
vt 0.250000 0.583333
vt 0.250000 0.666667
vt 0.250000 0.750000
vt 0.250000 0.833333
vt 0.266667 1.000000
vt 0.266667 0.916667
vt 0.266667 0.083333
vt 0.266667 0.000000
vt 0.266667 0.166667
vt 0.266667 0.250000
vt 0.266667 0.333333
vt 0.266667 0.416667
vt 0.266667 0.500000
vt 0.266667 0.583333
vt 0.266667 0.666667
vt 0.266667 0.750000
vt 0.266667 0.833333
vt 0.283333 1.000000
vt 0.283333 0.916667
vt 0.283333 0.083333
vt 0.283333 0.000000
vt 0.283333 0.166667
vt 0.283333 0.250000
vt 0.283333 0.333333
vt 0.283333 0.416667
vt 0.283333 0.500000
vt 0.283333 0.583333
vt 0.283333 0.666667
vt 0.283333 0.750000
vt 0.283333 0.833333
vt 0.300000 1.000000
vt 0.300000 0.916667
vt 0.300000 0.083333
vt 0.300000 0.000000
vt 0.300000 0.166667
vt 0.300000 0.250000
vt 0.300000 0.333333
vt 0.300000 0.416667
vt 0.300000 0.500000
vt 0.300000 0.583333
vt 0.300000 0.666667
vt 0.300000 0.750000
vt 0.300000 0.833333
vt 0.316667 1.000000
vt 0.316667 0.916667
vt 0.316667 0.083333
vt 0.316667 0.000000
vt 0.316667 0.166667
vt 0.316667 0.250000
vt 0.316667 0.333333
vt 0.316667 0.416667
vt 0.316667 0.500000
vt 0.316667 0.583333
vt 0.316667 0.666667
vt 0.316667 0.750000
vt 0.316667 0.833333
vt 0.333333 1.000000
vt 0.333333 0.916667
vt 0.333333 0.083333
vt 0.333333 0.000000
vt 0.333333 0.166667
vt 0.333333 0.250000
vt 0.333333 0.333333
vt 0.333333 0.416667
vt 0.333333 0.500000
vt 0.333333 0.583333
vt 0.333333 0.666667
vt 0.333333 0.750000
vt 0.333333 0.833333
vt 0.350000 1.000000
vt 0.350000 0.916667
vt 0.350000 0.083333
vt 0.350000 0.000000
vt 0.350000 0.166667
vt 0.350000 0.250000
vt 0.350000 0.333333
vt 0.350000 0.416667
vt 0.350000 0.500000
vt 0.350000 0.583333
vt 0.350000 0.666667
vt 0.350000 0.750000
vt 0.350000 0.833333
vt 0.366667 1.000000
vt 0.366667 0.916667
vt 0.366667 0.083333
vt 0.366667 0.000000
vt 0.366667 0.166667
vt 0.366667 0.250000
vt 0.366667 0.333333
vt 0.366667 0.416667
vt 0.366667 0.500000
vt 0.366667 0.583333
vt 0.366667 0.666667
vt 0.366667 0.750000
vt 0.366667 0.833333
vt 0.383333 1.000000
vt 0.383333 0.916667
vt 0.383333 0.083333
vt 0.383333 0.000000
vt 0.383333 0.166667
vt 0.383333 0.250000
vt 0.383333 0.333333
vt 0.383333 0.416667
vt 0.383333 0.500000
vt 0.383333 0.583333
vt 0.383333 0.666667
vt 0.383333 0.750000
vt 0.383333 0.833333
vt 0.400000 1.000000
vt 0.400000 0.916667
vt 0.400000 0.083333
vt 0.400000 0.000000
vt 0.400000 0.166667
vt 0.400000 0.250000
vt 0.400000 0.333333
vt 0.400000 0.416667
vt 0.400000 0.500000
vt 0.400000 0.583333
vt 0.400000 0.666667
vt 0.400000 0.750000
vt 0.400000 0.833333
vt 0.416667 1.000000
vt 0.416667 0.916667
vt 0.416667 0.083333
vt 0.416667 0.000000
vt 0.416667 0.166667
vt 0.416667 0.250000
vt 0.416667 0.333333
vt 0.416667 0.416667
vt 0.416667 0.500000
vt 0.416667 0.583333
vt 0.416667 0.666667
vt 0.416667 0.750000
vt 0.416667 0.833333
vt 0.433333 1.000000
vt 0.433333 0.916667
vt 0.433333 0.083333
vt 0.433333 0.000000
vt 0.433333 0.166667
vt 0.433333 0.250000
vt 0.433333 0.333333
vt 0.433333 0.416667
vt 0.433333 0.500000
vt 0.433333 0.583333
vt 0.433333 0.666667
vt 0.433333 0.750000
vt 0.433333 0.833333
vt 0.450000 1.000000
vt 0.450000 0.916667
vt 0.450000 0.083333
vt 0.450000 0.000000
vt 0.450000 0.166667
vt 0.450000 0.250000
vt 0.450000 0.333333
vt 0.450000 0.416667
vt 0.450000 0.500000
vt 0.450000 0.583333
vt 0.450000 0.666667
vt 0.450000 0.750000
vt 0.450000 0.833333
vt 0.466667 1.000000
vt 0.466667 0.916667
vt 0.466667 0.083333
vt 0.466667 0.000000
vt 0.466667 0.166667
vt 0.466667 0.250000
vt 0.466667 0.333333
vt 0.466667 0.416667
vt 0.466667 0.500000
vt 0.466667 0.583333
vt 0.466667 0.666667
vt 0.466667 0.750000
vt 0.466667 0.833333
vt 0.483333 1.000000
vt 0.483333 0.916667
vt 0.483333 0.083333
vt 0.483333 0.000000
vt 0.483333 0.166667
vt 0.483333 0.250000
vt 0.483333 0.333333
vt 0.483333 0.416667
vt 0.483333 0.500000
vt 0.483333 0.583333
vt 0.483333 0.666667
vt 0.483333 0.750000
vt 0.483333 0.833333
vt 0.500000 1.000000
vt 0.500000 0.916667
vt 0.500000 0.083333
vt 0.500000 0.000000
vt 0.500000 0.166667
vt 0.500000 0.250000
vt 0.500000 0.333333
vt 0.500000 0.416667
vt 0.500000 0.500000
vt 0.500000 0.583333
vt 0.500000 0.666667
vt 0.500000 0.750000
vt 0.500000 0.833333
vt 0.516667 1.000000
vt 0.516667 0.916667
vt 0.516667 0.083333
vt 0.516667 0.000000
vt 0.516667 0.166667
vt 0.516667 0.250000
vt 0.516667 0.333333
vt 0.516667 0.416667
vt 0.516667 0.500000
vt 0.516667 0.583333
vt 0.516667 0.666667
vt 0.516667 0.750000
vt 0.516667 0.833333
vt 0.533333 1.000000
vt 0.533333 0.916667
vt 0.533333 0.083333
vt 0.533333 0.000000
vt 0.533333 0.166667
vt 0.533333 0.250000
vt 0.533333 0.333333
vt 0.533333 0.416667
vt 0.533333 0.500000
vt 0.533333 0.583333
vt 0.533333 0.666667
vt 0.533333 0.750000
vt 0.533333 0.833333
vt 0.550000 1.000000
vt 0.550000 0.916667
vt 0.550000 0.083333
vt 0.550000 0.000000
vt 0.550000 0.166667
vt 0.550000 0.250000
vt 0.550000 0.333333
vt 0.550000 0.416667
vt 0.550000 0.500000
vt 0.550000 0.583333
vt 0.550000 0.666667
vt 0.550000 0.750000
vt 0.550000 0.833333
vt 0.566667 1.000000
vt 0.566667 0.916667
vt 0.566667 0.083333
vt 0.566667 0.000000
vt 0.566667 0.166667
vt 0.566667 0.250000
vt 0.566667 0.333333
vt 0.566667 0.416667
vt 0.566667 0.500000
vt 0.566667 0.583333
vt 0.566667 0.666667
vt 0.566667 0.750000
vt 0.566667 0.833333
vt 0.583333 1.000000
vt 0.583333 0.916667
vt 0.583333 0.083333
vt 0.583333 0.000000
vt 0.583333 0.166667
vt 0.583333 0.250000
vt 0.583333 0.333333
vt 0.583333 0.416667
vt 0.583333 0.500000
vt 0.583333 0.583333
vt 0.583333 0.666667
vt 0.583333 0.750000
vt 0.583333 0.833333
vt 0.600000 1.000000
vt 0.600000 0.916667
vt 0.600000 0.083333
vt 0.600000 0.000000
vt 0.600000 0.166667
vt 0.600000 0.250000
vt 0.600000 0.333333
vt 0.600000 0.416667
vt 0.600000 0.500000
vt 0.600000 0.583333
vt 0.600000 0.666667
vt 0.600000 0.750000
vt 0.600000 0.833333
vt 0.616667 1.000000
vt 0.616667 0.916667
vt 0.616667 0.083333
vt 0.616667 0.000000
vt 0.616667 0.166667
vt 0.616667 0.250000
vt 0.616667 0.333333
vt 0.616667 0.416667
vt 0.616667 0.500000
vt 0.616667 0.583333
vt 0.616667 0.666667
vt 0.616667 0.750000
vt 0.616667 0.833333
vt 0.633333 1.000000
vt 0.633333 0.916667
vt 0.633333 0.083333
vt 0.633333 0.000000
vt 0.633333 0.166667
vt 0.633333 0.250000
vt 0.633333 0.333333
vt 0.633333 0.416667
vt 0.633333 0.500000
vt 0.633333 0.583333
vt 0.633333 0.666667
vt 0.633333 0.750000
vt 0.633333 0.833333
vt 0.650000 1.000000
vt 0.650000 0.916667
vt 0.650000 0.083333
vt 0.650000 0.000000
vt 0.650000 0.166667
vt 0.650000 0.250000
vt 0.650000 0.333333
vt 0.650000 0.416667
vt 0.650000 0.500000
vt 0.650000 0.583333
vt 0.650000 0.666667
vt 0.650000 0.750000
vt 0.650000 0.833333
vt 0.666667 1.000000
vt 0.666667 0.916667
vt 0.666667 0.083333
vt 0.666667 0.000000
vt 0.666667 0.166667
vt 0.666667 0.250000
vt 0.666667 0.333333
vt 0.666667 0.416667
vt 0.666667 0.500000
vt 0.666667 0.583333
vt 0.666667 0.666667
vt 0.666667 0.750000
vt 0.666667 0.833333
vt 0.683333 1.000000
vt 0.683333 0.916667
vt 0.683333 0.083333
vt 0.683333 0.000000
vt 0.683333 0.166667
vt 0.683333 0.250000
vt 0.683333 0.333333
vt 0.683333 0.416667
vt 0.683333 0.500000
vt 0.683333 0.583333
vt 0.683333 0.666667
vt 0.683333 0.750000
vt 0.683333 0.833333
vt 0.700000 1.000000
vt 0.700000 0.916667
vt 0.700000 0.083333
vt 0.700000 0.000000
vt 0.700000 0.166667
vt 0.700000 0.250000
vt 0.700000 0.333333
vt 0.700000 0.416667
vt 0.700000 0.500000
vt 0.700000 0.583333
vt 0.700000 0.666667
vt 0.700000 0.750000
vt 0.700000 0.833333
vt 0.716667 1.000000
vt 0.716667 0.916667
vt 0.716667 0.083333
vt 0.716667 0.000000
vt 0.716667 0.166667
vt 0.716667 0.250000
vt 0.716667 0.333333
vt 0.716667 0.416667
vt 0.716667 0.500000
vt 0.716667 0.583333
vt 0.716667 0.666667
vt 0.716667 0.750000
vt 0.716667 0.833333
vt 0.733333 1.000000
vt 0.733333 0.916667
vt 0.733333 0.083333
vt 0.733333 0.000000
vt 0.733333 0.166667
vt 0.733333 0.250000
vt 0.733333 0.333333
vt 0.733333 0.416667
vt 0.733333 0.500000
vt 0.733333 0.583333
vt 0.733333 0.666667
vt 0.733333 0.750000
vt 0.733333 0.833333
vt 0.750000 1.000000
vt 0.750000 0.916667
vt 0.750000 0.083333
vt 0.750000 0.000000
vt 0.750000 0.166667
vt 0.750000 0.250000
vt 0.750000 0.333333
vt 0.750000 0.416667
vt 0.750000 0.500000
vt 0.750000 0.583333
vt 0.750000 0.666667
vt 0.750000 0.750000
vt 0.750000 0.833333
vt 0.766667 1.000000
vt 0.766667 0.916667
vt 0.766667 0.083333
vt 0.766667 0.000000
vt 0.766667 0.166667
vt 0.766667 0.250000
vt 0.766667 0.333333
vt 0.766667 0.416667
vt 0.766667 0.500000
vt 0.766667 0.583333
vt 0.766667 0.666667
vt 0.766667 0.750000
vt 0.766667 0.833333
vt 0.783333 1.000000
vt 0.783333 0.916667
vt 0.783333 0.083333
vt 0.783333 0.000000
vt 0.783333 0.166667
vt 0.783333 0.250000
vt 0.783333 0.333333
vt 0.783333 0.416667
vt 0.783333 0.500000
vt 0.783333 0.583333
vt 0.783333 0.666667
vt 0.783333 0.750000
vt 0.783333 0.833333
vt 0.800000 1.000000
vt 0.800000 0.916667
vt 0.800000 0.083333
vt 0.800000 0.000000
vt 0.800000 0.166667
vt 0.800000 0.250000
vt 0.800000 0.333333
vt 0.800000 0.416667
vt 0.800000 0.500000
vt 0.800000 0.583333
vt 0.800000 0.666667
vt 0.800000 0.750000
vt 0.800000 0.833333
vt 0.816667 1.000000
vt 0.816667 0.916667
vt 0.816667 0.083333
vt 0.816667 0.000000
vt 0.816667 0.166667
vt 0.816667 0.250000
vt 0.816667 0.333333
vt 0.816667 0.416667
vt 0.816667 0.500000
vt 0.816667 0.583333
vt 0.816667 0.666667
vt 0.816667 0.750000
vt 0.816667 0.833333
vt 0.833333 1.000000
vt 0.833333 0.916667
vt 0.833333 0.083333
vt 0.833333 0.000000
vt 0.833333 0.166667
vt 0.833333 0.250000
vt 0.833333 0.333333
vt 0.833333 0.416667
vt 0.833333 0.500000
vt 0.833333 0.583333
vt 0.833333 0.666667
vt 0.833333 0.750000
vt 0.833333 0.833333
vt 0.850000 1.000000
vt 0.850000 0.916667
vt 0.850000 0.083333
vt 0.850000 0.000000
vt 0.850000 0.166667
vt 0.850000 0.250000
vt 0.850000 0.333333
vt 0.850000 0.416667
vt 0.850000 0.500000
vt 0.850000 0.583333
vt 0.850000 0.666667
vt 0.850000 0.750000
vt 0.850000 0.833333
vt 0.866667 1.000000
vt 0.866667 0.916667
vt 0.866667 0.083333
vt 0.866667 0.000000
vt 0.866667 0.166667
vt 0.866667 0.250000
vt 0.866667 0.333333
vt 0.866667 0.416667
vt 0.866667 0.500000
vt 0.866667 0.583333
vt 0.866667 0.666667
vt 0.866667 0.750000
vt 0.866667 0.833333
vt 0.883333 1.000000
vt 0.883333 0.916667
vt 0.883333 0.083333
vt 0.883333 0.000000
vt 0.883333 0.166667
vt 0.883333 0.250000
vt 0.883333 0.333333
vt 0.883333 0.416667
vt 0.883333 0.500000
vt 0.883333 0.583333
vt 0.883333 0.666667
vt 0.883333 0.750000
vt 0.883333 0.833333
vt 0.900000 1.000000
vt 0.900000 0.916667
vt 0.900000 0.083333
vt 0.900000 0.000000
vt 0.900000 0.166667
vt 0.900000 0.250000
vt 0.900000 0.333333
vt 0.900000 0.416667
vt 0.900000 0.500000
vt 0.900000 0.583333
vt 0.900000 0.666667
vt 0.900000 0.750000
vt 0.900000 0.833333
vt 0.916667 1.000000
vt 0.916667 0.916667
vt 0.916667 0.083333
vt 0.916667 0.000000
vt 0.916667 0.166667
vt 0.916667 0.250000
vt 0.916667 0.333333
vt 0.916667 0.416667
vt 0.916667 0.500000
vt 0.916667 0.583333
vt 0.916667 0.666667
vt 0.916667 0.750000
vt 0.916667 0.833333
vt 0.933333 1.000000
vt 0.933333 0.916667
vt 0.933333 0.083333
vt 0.933333 0.000000
vt 0.933333 0.166667
vt 0.933333 0.250000
vt 0.933333 0.333333
vt 0.933333 0.416667
vt 0.933333 0.500000
vt 0.933333 0.583333
vt 0.933333 0.666667
vt 0.933333 0.750000
vt 0.933333 0.833333
vt 0.950000 1.000000
vt 0.950000 0.916667
vt 0.950000 0.083333
vt 0.950000 0.000000
vt 0.950000 0.166667
vt 0.950000 0.250000
vt 0.950000 0.333333
vt 0.950000 0.416667
vt 0.950000 0.500000
vt 0.950000 0.583333
vt 0.950000 0.666667
vt 0.950000 0.750000
vt 0.950000 0.833333
vt 0.966667 1.000000
vt 0.966667 0.916667
vt 0.966667 0.083333
vt 0.966667 0.000000
vt 0.966667 0.166667
vt 0.966667 0.250000
vt 0.966667 0.333333
vt 0.966667 0.416667
vt 0.966667 0.500000
vt 0.966667 0.583333
vt 0.966667 0.666667
vt 0.966667 0.750000
vt 0.966667 0.833333
vt 0.983333 1.000000
vt 0.983333 0.916667
vt 0.983333 0.083333
vt 0.983333 0.000000
vt 0.983333 0.166667
vt 0.983333 0.250000
vt 0.983333 0.333333
vt 0.983333 0.416667
vt 0.983333 0.500000
vt 0.983333 0.583333
vt 0.983333 0.666667
vt 0.983333 0.750000
vt 0.983333 0.833333
vt 1.000000 1.000000
vt 1.000000 0.916667
vt 1.000000 0.083333
vt 1.000000 0.000000
vt 1.000000 0.166667
vt 1.000000 0.250000
vt 1.000000 0.333333
vt 1.000000 0.416667
vt 1.000000 0.500000
vt 1.000000 0.583333
vt 1.000000 0.666667
vt 1.000000 0.750000
vt 1.000000 0.833333
s 1
f 1/1/1 13/2/13 24/3/24 12/4/12
f 2/5/2 14/6/14 13/7/13 1/8/1
f 3/9/3 15/10/15 14/6/14 2/5/2
f 4/11/4 16/12/16 15/10/15 3/9/3
f 5/13/5 17/14/17 16/12/16 4/11/4
f 6/15/6 18/16/18 17/14/17 5/13/5
f 7/17/7 19/18/19 18/16/18 6/15/6
f 8/19/8 20/20/20 19/18/19 7/17/7
f 9/21/9 21/22/21 20/20/20 8/19/8
f 10/23/10 22/24/22 21/22/21 9/21/9
f 11/25/11 23/26/23 22/24/22 10/23/10
f 12/4/12 24/3/24 23/26/23 11/25/11
f 13/2/13 25/27/25 36/28/36 24/3/24
f 14/6/14 26/29/26 25/30/25 13/7/13
f 15/10/15 27/31/27 26/29/26 14/6/14
f 16/12/16 28/32/28 27/31/27 15/10/15
f 17/14/17 29/33/29 28/32/28 16/12/16
f 18/16/18 30/34/30 29/33/29 17/14/17
f 19/18/19 31/35/31 30/34/30 18/16/18
f 20/20/20 32/36/32 31/35/31 19/18/19
f 21/22/21 33/37/33 32/36/32 20/20/20
f 22/24/22 34/38/34 33/37/33 21/22/21
f 23/26/23 35/39/35 34/38/34 22/24/22
f 24/3/24 36/28/36 35/39/35 23/26/23
f 25/27/25 37/40/37 48/41/48 36/28/36
f 26/29/26 38/42/38 37/43/37 25/30/25
f 27/31/27 39/44/39 38/42/38 26/29/26
f 28/32/28 40/45/40 39/44/39 27/31/27
f 29/33/29 41/46/41 40/45/40 28/32/28
f 30/34/30 42/47/42 41/46/41 29/33/29
f 31/35/31 43/48/43 42/47/42 30/34/30
f 32/36/32 44/49/44 43/48/43 31/35/31
f 33/37/33 45/50/45 44/49/44 32/36/32
f 34/38/34 46/51/46 45/50/45 33/37/33
f 35/39/35 47/52/47 46/51/46 34/38/34
f 36/28/36 48/41/48 47/52/47 35/39/35
f 37/40/37 49/53/49 60/54/60 48/41/48
f 38/42/38 50/55/50 49/56/49 37/43/37
f 39/44/39 51/57/51 50/55/50 38/42/38
f 40/45/40 52/58/52 51/57/51 39/44/39
f 41/46/41 53/59/53 52/58/52 40/45/40
f 42/47/42 54/60/54 53/59/53 41/46/41
f 43/48/43 55/61/55 54/60/54 42/47/42
f 44/49/44 56/62/56 55/61/55 43/48/43
f 45/50/45 57/63/57 56/62/56 44/49/44
f 46/51/46 58/64/58 57/63/57 45/50/45
f 47/52/47 59/65/59 58/64/58 46/51/46
f 48/41/48 60/54/60 59/65/59 47/52/47
f 49/53/49 61/66/61 72/67/72 60/54/60
f 50/55/50 62/68/62 61/69/61 49/56/49
f 51/57/51 63/70/63 62/68/62 50/55/50
f 52/58/52 64/71/64 63/70/63 51/57/51
f 53/59/53 65/72/65 64/71/64 52/58/52
f 54/60/54 66/73/66 65/72/65 53/59/53
f 55/61/55 67/74/67 66/73/66 54/60/54
f 56/62/56 68/75/68 67/74/67 55/61/55
f 57/63/57 69/76/69 68/75/68 56/62/56
f 58/64/58 70/77/70 69/76/69 57/63/57
f 59/65/59 71/78/71 70/77/70 58/64/58
f 60/54/60 72/67/72 71/78/71 59/65/59
f 61/66/61 73/79/73 84/80/84 72/67/72
f 62/68/62 74/81/74 73/82/73 61/69/61
f 63/70/63 75/83/75 74/81/74 62/68/62
f 64/71/64 76/84/76 75/83/75 63/70/63
f 65/72/65 77/85/77 76/84/76 64/71/64
f 66/73/66 78/86/78 77/85/77 65/72/65
f 67/74/67 79/87/79 78/86/78 66/73/66
f 68/75/68 80/88/80 79/87/79 67/74/67
f 69/76/69 81/89/81 80/88/80 68/75/68
f 70/77/70 82/90/82 81/89/81 69/76/69
f 71/78/71 83/91/83 82/90/82 70/77/70
f 72/67/72 84/80/84 83/91/83 71/78/71
f 73/79/73 85/92/85 96/93/96 84/80/84
f 74/81/74 86/94/86 85/95/85 73/82/73
f 75/83/75 87/96/87 86/94/86 74/81/74
f 76/84/76 88/97/88 87/96/87 75/83/75
f 77/85/77 89/98/89 88/97/88 76/84/76
f 78/86/78 90/99/90 89/98/89 77/85/77
f 79/87/79 91/100/91 90/99/90 78/86/78
f 80/88/80 92/101/92 91/100/91 79/87/79
f 81/89/81 93/102/93 92/101/92 80/88/80
f 82/90/82 94/103/94 93/102/93 81/89/81
f 83/91/83 95/104/95 94/103/94 82/90/82
f 84/80/84 96/93/96 95/104/95 83/91/83
f 85/92/85 97/105/97 108/106/108 96/93/96
f 86/94/86 98/107/98 97/108/97 85/95/85
f 87/96/87 99/109/99 98/107/98 86/94/86
f 88/97/88 100/110/100 99/109/99 87/96/87
f 89/98/89 101/111/101 100/110/100 88/97/88
f 90/99/90 102/112/102 101/111/101 89/98/89
f 91/100/91 103/113/103 102/112/102 90/99/90
f 92/101/92 104/114/104 103/113/103 91/100/91
f 93/102/93 105/115/105 104/114/104 92/101/92
f 94/103/94 106/116/106 105/115/105 93/102/93
f 95/104/95 107/117/107 106/116/106 94/103/94
f 96/93/96 108/106/108 107/117/107 95/104/95
f 97/105/97 109/118/109 120/119/120 108/106/108
f 98/107/98 110/120/110 109/121/109 97/108/97
f 99/109/99 111/122/111 110/120/110 98/107/98
f 100/110/100 112/123/112 111/122/111 99/109/99
f 101/111/101 113/124/113 112/123/112 100/110/100
f 102/112/102 114/125/114 113/124/113 101/111/101
f 103/113/103 115/126/115 114/125/114 102/112/102
f 104/114/104 116/127/116 115/126/115 103/113/103
f 105/115/105 117/128/117 116/127/116 104/114/104
f 106/116/106 118/129/118 117/128/117 105/115/105
f 107/117/107 119/130/119 118/129/118 106/116/106
f 108/106/108 120/119/120 119/130/119 107/117/107
f 109/118/109 121/131/121 132/132/132 120/119/120
f 110/120/110 122/133/122 121/134/121 109/121/109
f 111/122/111 123/135/123 122/133/122 110/120/110
f 112/123/112 124/136/124 123/135/123 111/122/111
f 113/124/113 125/137/125 124/136/124 112/123/112
f 114/125/114 126/138/126 125/137/125 113/124/113
f 115/126/115 127/139/127 126/138/126 114/125/114
f 116/127/116 128/140/128 127/139/127 115/126/115
f 117/128/117 129/141/129 128/140/128 116/127/116
f 118/129/118 130/142/130 129/141/129 117/128/117
f 119/130/119 131/143/131 130/142/130 118/129/118
f 120/119/120 132/132/132 131/143/131 119/130/119
f 121/131/121 133/144/133 144/145/144 132/132/132
f 122/133/122 134/146/134 133/147/133 121/134/121
f 123/135/123 135/148/135 134/146/134 122/133/122
f 124/136/124 136/149/136 135/148/135 123/135/123
f 125/137/125 137/150/137 136/149/136 124/136/124
f 126/138/126 138/151/138 137/150/137 125/137/125
f 127/139/127 139/152/139 138/151/138 126/138/126
f 128/140/128 140/153/140 139/152/139 127/139/127
f 129/141/129 141/154/141 140/153/140 128/140/128
f 130/142/130 142/155/142 141/154/141 129/141/129
f 131/143/131 143/156/143 142/155/142 130/142/130
f 132/132/132 144/145/144 143/156/143 131/143/131
f 133/144/133 145/157/145 156/158/156 144/145/144
f 134/146/134 146/159/146 145/160/145 133/147/133
f 135/148/135 147/161/147 146/159/146 134/146/134
f 136/149/136 148/162/148 147/161/147 135/148/135
f 137/150/137 149/163/149 148/162/148 136/149/136
f 138/151/138 150/164/150 149/163/149 137/150/137
f 139/152/139 151/165/151 150/164/150 138/151/138
f 140/153/140 152/166/152 151/165/151 139/152/139
f 141/154/141 153/167/153 152/166/152 140/153/140
f 142/155/142 154/168/154 153/167/153 141/154/141
f 143/156/143 155/169/155 154/168/154 142/155/142
f 144/145/144 156/158/156 155/169/155 143/156/143
f 145/157/145 157/170/157 168/171/168 156/158/156
f 146/159/146 158/172/158 157/173/157 145/160/145
f 147/161/147 159/174/159 158/172/158 146/159/146
f 148/162/148 160/175/160 159/174/159 147/161/147
f 149/163/149 161/176/161 160/175/160 148/162/148
f 150/164/150 162/177/162 161/176/161 149/163/149
f 151/165/151 163/178/163 162/177/162 150/164/150
f 152/166/152 164/179/164 163/178/163 151/165/151
f 153/167/153 165/180/165 164/179/164 152/166/152
f 154/168/154 166/181/166 165/180/165 153/167/153
f 155/169/155 167/182/167 166/181/166 154/168/154
f 156/158/156 168/171/168 167/182/167 155/169/155
f 157/170/157 169/183/169 180/184/180 168/171/168
f 158/172/158 170/185/170 169/186/169 157/173/157
f 159/174/159 171/187/171 170/185/170 158/172/158
f 160/175/160 172/188/172 171/187/171 159/174/159
f 161/176/161 173/189/173 172/188/172 160/175/160
f 162/177/162 174/190/174 173/189/173 161/176/161
f 163/178/163 175/191/175 174/190/174 162/177/162
f 164/179/164 176/192/176 175/191/175 163/178/163
f 165/180/165 177/193/177 176/192/176 164/179/164
f 166/181/166 178/194/178 177/193/177 165/180/165
f 167/182/167 179/195/179 178/194/178 166/181/166
f 168/171/168 180/184/180 179/195/179 167/182/167
f 169/183/169 181/196/181 192/197/192 180/184/180
f 170/185/170 182/198/182 181/199/181 169/186/169
f 171/187/171 183/200/183 182/198/182 170/185/170
f 172/188/172 184/201/184 183/200/183 171/187/171
f 173/189/173 185/202/185 184/201/184 172/188/172
f 174/190/174 186/203/186 185/202/185 173/189/173
f 175/191/175 187/204/187 186/203/186 174/190/174
f 176/192/176 188/205/188 187/204/187 175/191/175
f 177/193/177 189/206/189 188/205/188 176/192/176
f 178/194/178 190/207/190 189/206/189 177/193/177
f 179/195/179 191/208/191 190/207/190 178/194/178
f 180/184/180 192/197/192 191/208/191 179/195/179
f 181/196/181 193/209/193 204/210/204 192/197/192
f 182/198/182 194/211/194 193/212/193 181/199/181
f 183/200/183 195/213/195 194/211/194 182/198/182
f 184/201/184 196/214/196 195/213/195 183/200/183
f 185/202/185 197/215/197 196/214/196 184/201/184
f 186/203/186 198/216/198 197/215/197 185/202/185
f 187/204/187 199/217/199 198/216/198 186/203/186
f 188/205/188 200/218/200 199/217/199 187/204/187
f 189/206/189 201/219/201 200/218/200 188/205/188
f 190/207/190 202/220/202 201/219/201 189/206/189
f 191/208/191 203/221/203 202/220/202 190/207/190
f 192/197/192 204/210/204 203/221/203 191/208/191
f 193/209/193 205/222/205 216/223/216 204/210/204
f 194/211/194 206/224/206 205/225/205 193/212/193
f 195/213/195 207/226/207 206/224/206 194/211/194
f 196/214/196 208/227/208 207/226/207 195/213/195
f 197/215/197 209/228/209 208/227/208 196/214/196
f 198/216/198 210/229/210 209/228/209 197/215/197
f 199/217/199 211/230/211 210/229/210 198/216/198
f 200/218/200 212/231/212 211/230/211 199/217/199
f 201/219/201 213/232/213 212/231/212 200/218/200
f 202/220/202 214/233/214 213/232/213 201/219/201
f 203/221/203 215/234/215 214/233/214 202/220/202
f 204/210/204 216/223/216 215/234/215 203/221/203
f 205/222/205 217/235/217 228/236/228 216/223/216
f 206/224/206 218/237/218 217/238/217 205/225/205
f 207/226/207 219/239/219 218/237/218 206/224/206
f 208/227/208 220/240/220 219/239/219 207/226/207
f 209/228/209 221/241/221 220/240/220 208/227/208
f 210/229/210 222/242/222 221/241/221 209/228/209
f 211/230/211 223/243/223 222/242/222 210/229/210
f 212/231/212 224/244/224 223/243/223 211/230/211
f 213/232/213 225/245/225 224/244/224 212/231/212
f 214/233/214 226/246/226 225/245/225 213/232/213
f 215/234/215 227/247/227 226/246/226 214/233/214
f 216/223/216 228/236/228 227/247/227 215/234/215
f 217/235/217 229/248/229 240/249/240 228/236/228
f 218/237/218 230/250/230 229/251/229 217/238/217
f 219/239/219 231/252/231 230/250/230 218/237/218
f 220/240/220 232/253/232 231/252/231 219/239/219
f 221/241/221 233/254/233 232/253/232 220/240/220
f 222/242/222 234/255/234 233/254/233 221/241/221
f 223/243/223 235/256/235 234/255/234 222/242/222
f 224/244/224 236/257/236 235/256/235 223/243/223
f 225/245/225 237/258/237 236/257/236 224/244/224
f 226/246/226 238/259/238 237/258/237 225/245/225
f 227/247/227 239/260/239 238/259/238 226/246/226
f 228/236/228 240/249/240 239/260/239 227/247/227
f 229/248/229 241/261/241 252/262/252 240/249/240
f 230/250/230 242/263/242 241/264/241 229/251/229
f 231/252/231 243/265/243 242/263/242 230/250/230
f 232/253/232 244/266/244 243/265/243 231/252/231
f 233/254/233 245/267/245 244/266/244 232/253/232
f 234/255/234 246/268/246 245/267/245 233/254/233
f 235/256/235 247/269/247 246/268/246 234/255/234
f 236/257/236 248/270/248 247/269/247 235/256/235
f 237/258/237 249/271/249 248/270/248 236/257/236
f 238/259/238 250/272/250 249/271/249 237/258/237
f 239/260/239 251/273/251 250/272/250 238/259/238
f 240/249/240 252/262/252 251/273/251 239/260/239
f 241/261/241 253/274/253 264/275/264 252/262/252
f 242/263/242 254/276/254 253/277/253 241/264/241
f 243/265/243 255/278/255 254/276/254 242/263/242
f 244/266/244 256/279/256 255/278/255 243/265/243
f 245/267/245 257/280/257 256/279/256 244/266/244
f 246/268/246 258/281/258 257/280/257 245/267/245
f 247/269/247 259/282/259 258/281/258 246/268/246
f 248/270/248 260/283/260 259/282/259 247/269/247
f 249/271/249 261/284/261 260/283/260 248/270/248
f 250/272/250 262/285/262 261/284/261 249/271/249
f 251/273/251 263/286/263 262/285/262 250/272/250
f 252/262/252 264/275/264 263/286/263 251/273/251
f 253/274/253 265/287/265 276/288/276 264/275/264
f 254/276/254 266/289/266 265/290/265 253/277/253
f 255/278/255 267/291/267 266/289/266 254/276/254
f 256/279/256 268/292/268 267/291/267 255/278/255
f 257/280/257 269/293/269 268/292/268 256/279/256
f 258/281/258 270/294/270 269/293/269 257/280/257
f 259/282/259 271/295/271 270/294/270 258/281/258
f 260/283/260 272/296/272 271/295/271 259/282/259
f 261/284/261 273/297/273 272/296/272 260/283/260
f 262/285/262 274/298/274 273/297/273 261/284/261
f 263/286/263 275/299/275 274/298/274 262/285/262
f 264/275/264 276/288/276 275/299/275 263/286/263
f 265/287/265 277/300/277 288/301/288 276/288/276
f 266/289/266 278/302/278 277/303/277 265/290/265
f 267/291/267 279/304/279 278/302/278 266/289/266
f 268/292/268 280/305/280 279/304/279 267/291/267
f 269/293/269 281/306/281 280/305/280 268/292/268
f 270/294/270 282/307/282 281/306/281 269/293/269
f 271/295/271 283/308/283 282/307/282 270/294/270
f 272/296/272 284/309/284 283/308/283 271/295/271
f 273/297/273 285/310/285 284/309/284 272/296/272
f 274/298/274 286/311/286 285/310/285 273/297/273
f 275/299/275 287/312/287 286/311/286 274/298/274
f 276/288/276 288/301/288 287/312/287 275/299/275
f 277/300/277 289/313/289 300/314/300 288/301/288
f 278/302/278 290/315/290 289/316/289 277/303/277
f 279/304/279 291/317/291 290/315/290 278/302/278
f 280/305/280 292/318/292 291/317/291 279/304/279
f 281/306/281 293/319/293 292/318/292 280/305/280
f 282/307/282 294/320/294 293/319/293 281/306/281
f 283/308/283 295/321/295 294/320/294 282/307/282
f 284/309/284 296/322/296 295/321/295 283/308/283
f 285/310/285 297/323/297 296/322/296 284/309/284
f 286/311/286 298/324/298 297/323/297 285/310/285
f 287/312/287 299/325/299 298/324/298 286/311/286
f 288/301/288 300/314/300 299/325/299 287/312/287
f 289/313/289 301/326/301 312/327/312 300/314/300
f 290/315/290 302/328/302 301/329/301 289/316/289
f 291/317/291 303/330/303 302/328/302 290/315/290
f 292/318/292 304/331/304 303/330/303 291/317/291
f 293/319/293 305/332/305 304/331/304 292/318/292
f 294/320/294 306/333/306 305/332/305 293/319/293
f 295/321/295 307/334/307 306/333/306 294/320/294
f 296/322/296 308/335/308 307/334/307 295/321/295
f 297/323/297 309/336/309 308/335/308 296/322/296
f 298/324/298 310/337/310 309/336/309 297/323/297
f 299/325/299 311/338/311 310/337/310 298/324/298
f 300/314/300 312/327/312 311/338/311 299/325/299
f 301/326/301 313/339/313 324/340/324 312/327/312
f 302/328/302 314/341/314 313/342/313 301/329/301
f 303/330/303 315/343/315 314/341/314 302/328/302
f 304/331/304 316/344/316 315/343/315 303/330/303
f 305/332/305 317/345/317 316/344/316 304/331/304
f 306/333/306 318/346/318 317/345/317 305/332/305
f 307/334/307 319/347/319 318/346/318 306/333/306
f 308/335/308 320/348/320 319/347/319 307/334/307
f 309/336/309 321/349/321 320/348/320 308/335/308
f 310/337/310 322/350/322 321/349/321 309/336/309
f 311/338/311 323/351/323 322/350/322 310/337/310
f 312/327/312 324/340/324 323/351/323 311/338/311
f 313/339/313 325/352/325 336/353/336 324/340/324
f 314/341/314 326/354/326 325/355/325 313/342/313
f 315/343/315 327/356/327 326/354/326 314/341/314
f 316/344/316 328/357/328 327/356/327 315/343/315
f 317/345/317 329/358/329 328/357/328 316/344/316
f 318/346/318 330/359/330 329/358/329 317/345/317
f 319/347/319 331/360/331 330/359/330 318/346/318
f 320/348/320 332/361/332 331/360/331 319/347/319
f 321/349/321 333/362/333 332/361/332 320/348/320
f 322/350/322 334/363/334 333/362/333 321/349/321
f 323/351/323 335/364/335 334/363/334 322/350/322
f 324/340/324 336/353/336 335/364/335 323/351/323
f 325/352/325 337/365/337 348/366/348 336/353/336
f 326/354/326 338/367/338 337/368/337 325/355/325
f 327/356/327 339/369/339 338/367/338 326/354/326
f 328/357/328 340/370/340 339/369/339 327/356/327
f 329/358/329 341/371/341 340/370/340 328/357/328
f 330/359/330 342/372/342 341/371/341 329/358/329
f 331/360/331 343/373/343 342/372/342 330/359/330
f 332/361/332 344/374/344 343/373/343 331/360/331
f 333/362/333 345/375/345 344/374/344 332/361/332
f 334/363/334 346/376/346 345/375/345 333/362/333
f 335/364/335 347/377/347 346/376/346 334/363/334
f 336/353/336 348/366/348 347/377/347 335/364/335
f 337/365/337 349/378/349 360/379/360 348/366/348
f 338/367/338 350/380/350 349/381/349 337/368/337
f 339/369/339 351/382/351 350/380/350 338/367/338
f 340/370/340 352/383/352 351/382/351 339/369/339
f 341/371/341 353/384/353 352/383/352 340/370/340
f 342/372/342 354/385/354 353/384/353 341/371/341
f 343/373/343 355/386/355 354/385/354 342/372/342
f 344/374/344 356/387/356 355/386/355 343/373/343
f 345/375/345 357/388/357 356/387/356 344/374/344
f 346/376/346 358/389/358 357/388/357 345/375/345
f 347/377/347 359/390/359 358/389/358 346/376/346
f 348/366/348 360/379/360 359/390/359 347/377/347
f 349/378/349 361/391/361 372/392/372 360/379/360
f 350/380/350 362/393/362 361/394/361 349/381/349
f 351/382/351 363/395/363 362/393/362 350/380/350
f 352/383/352 364/396/364 363/395/363 351/382/351
f 353/384/353 365/397/365 364/396/364 352/383/352
f 354/385/354 366/398/366 365/397/365 353/384/353
f 355/386/355 367/399/367 366/398/366 354/385/354
f 356/387/356 368/400/368 367/399/367 355/386/355
f 357/388/357 369/401/369 368/400/368 356/387/356
f 358/389/358 370/402/370 369/401/369 357/388/357
f 359/390/359 371/403/371 370/402/370 358/389/358
f 360/379/360 372/392/372 371/403/371 359/390/359
f 361/391/361 373/404/373 384/405/384 372/392/372
f 362/393/362 374/406/374 373/407/373 361/394/361
f 363/395/363 375/408/375 374/406/374 362/393/362
f 364/396/364 376/409/376 375/408/375 363/395/363
f 365/397/365 377/410/377 376/409/376 364/396/364
f 366/398/366 378/411/378 377/410/377 365/397/365
f 367/399/367 379/412/379 378/411/378 366/398/366
f 368/400/368 380/413/380 379/412/379 367/399/367
f 369/401/369 381/414/381 380/413/380 368/400/368
f 370/402/370 382/415/382 381/414/381 369/401/369
f 371/403/371 383/416/383 382/415/382 370/402/370
f 372/392/372 384/405/384 383/416/383 371/403/371
f 373/404/373 385/417/385 396/418/396 384/405/384
f 374/406/374 386/419/386 385/420/385 373/407/373
f 375/408/375 387/421/387 386/419/386 374/406/374
f 376/409/376 388/422/388 387/421/387 375/408/375
f 377/410/377 389/423/389 388/422/388 376/409/376
f 378/411/378 390/424/390 389/423/389 377/410/377
f 379/412/379 391/425/391 390/424/390 378/411/378
f 380/413/380 392/426/392 391/425/391 379/412/379
f 381/414/381 393/427/393 392/426/392 380/413/380
f 382/415/382 394/428/394 393/427/393 381/414/381
f 383/416/383 395/429/395 394/428/394 382/415/382
f 384/405/384 396/418/396 395/429/395 383/416/383
f 385/417/385 397/430/397 408/431/408 396/418/396
f 386/419/386 398/432/398 397/433/397 385/420/385
f 387/421/387 399/434/399 398/432/398 386/419/386
f 388/422/388 400/435/400 399/434/399 387/421/387
f 389/423/389 401/436/401 400/435/400 388/422/388
f 390/424/390 402/437/402 401/436/401 389/423/389
f 391/425/391 403/438/403 402/437/402 390/424/390
f 392/426/392 404/439/404 403/438/403 391/425/391
f 393/427/393 405/440/405 404/439/404 392/426/392
f 394/428/394 406/441/406 405/440/405 393/427/393
f 395/429/395 407/442/407 406/441/406 394/428/394
f 396/418/396 408/431/408 407/442/407 395/429/395
f 397/430/397 409/443/409 420/444/420 408/431/408
f 398/432/398 410/445/410 409/446/409 397/433/397
f 399/434/399 411/447/411 410/445/410 398/432/398
f 400/435/400 412/448/412 411/447/411 399/434/399
f 401/436/401 413/449/413 412/448/412 400/435/400
f 402/437/402 414/450/414 413/449/413 401/436/401
f 403/438/403 415/451/415 414/450/414 402/437/402
f 404/439/404 416/452/416 415/451/415 403/438/403
f 405/440/405 417/453/417 416/452/416 404/439/404
f 406/441/406 418/454/418 417/453/417 405/440/405
f 407/442/407 419/455/419 418/454/418 406/441/406
f 408/431/408 420/444/420 419/455/419 407/442/407
f 409/443/409 421/456/421 432/457/432 420/444/420
f 410/445/410 422/458/422 421/459/421 409/446/409
f 411/447/411 423/460/423 422/458/422 410/445/410
f 412/448/412 424/461/424 423/460/423 411/447/411
f 413/449/413 425/462/425 424/461/424 412/448/412
f 414/450/414 426/463/426 425/462/425 413/449/413
f 415/451/415 427/464/427 426/463/426 414/450/414
f 416/452/416 428/465/428 427/464/427 415/451/415
f 417/453/417 429/466/429 428/465/428 416/452/416
f 418/454/418 430/467/430 429/466/429 417/453/417
f 419/455/419 431/468/431 430/467/430 418/454/418
f 420/444/420 432/457/432 431/468/431 419/455/419
f 421/456/421 433/469/433 444/470/444 432/457/432
f 422/458/422 434/471/434 433/472/433 421/459/421
f 423/460/423 435/473/435 434/471/434 422/458/422
f 424/461/424 436/474/436 435/473/435 423/460/423
f 425/462/425 437/475/437 436/474/436 424/461/424
f 426/463/426 438/476/438 437/475/437 425/462/425
f 427/464/427 439/477/439 438/476/438 426/463/426
f 428/465/428 440/478/440 439/477/439 427/464/427
f 429/466/429 441/479/441 440/478/440 428/465/428
f 430/467/430 442/480/442 441/479/441 429/466/429
f 431/468/431 443/481/443 442/480/442 430/467/430
f 432/457/432 444/470/444 443/481/443 431/468/431
f 433/469/433 445/482/445 456/483/456 444/470/444
f 434/471/434 446/484/446 445/485/445 433/472/433
f 435/473/435 447/486/447 446/484/446 434/471/434
f 436/474/436 448/487/448 447/486/447 435/473/435
f 437/475/437 449/488/449 448/487/448 436/474/436
f 438/476/438 450/489/450 449/488/449 437/475/437
f 439/477/439 451/490/451 450/489/450 438/476/438
f 440/478/440 452/491/452 451/490/451 439/477/439
f 441/479/441 453/492/453 452/491/452 440/478/440
f 442/480/442 454/493/454 453/492/453 441/479/441
f 443/481/443 455/494/455 454/493/454 442/480/442
f 444/470/444 456/483/456 455/494/455 443/481/443
f 445/482/445 457/495/457 468/496/468 456/483/456
f 446/484/446 458/497/458 457/498/457 445/485/445
f 447/486/447 459/499/459 458/497/458 446/484/446
f 448/487/448 460/500/460 459/499/459 447/486/447
f 449/488/449 461/501/461 460/500/460 448/487/448
f 450/489/450 462/502/462 461/501/461 449/488/449
f 451/490/451 463/503/463 462/502/462 450/489/450
f 452/491/452 464/504/464 463/503/463 451/490/451
f 453/492/453 465/505/465 464/504/464 452/491/452
f 454/493/454 466/506/466 465/505/465 453/492/453
f 455/494/455 467/507/467 466/506/466 454/493/454
f 456/483/456 468/496/468 467/507/467 455/494/455
f 457/495/457 469/508/469 480/509/480 468/496/468
f 458/497/458 470/510/470 469/511/469 457/498/457
f 459/499/459 471/512/471 470/510/470 458/497/458
f 460/500/460 472/513/472 471/512/471 459/499/459
f 461/501/461 473/514/473 472/513/472 460/500/460
f 462/502/462 474/515/474 473/514/473 461/501/461
f 463/503/463 475/516/475 474/515/474 462/502/462
f 464/504/464 476/517/476 475/516/475 463/503/463
f 465/505/465 477/518/477 476/517/476 464/504/464
f 466/506/466 478/519/478 477/518/477 465/505/465
f 467/507/467 479/520/479 478/519/478 466/506/466
f 468/496/468 480/509/480 479/520/479 467/507/467
f 469/508/469 481/521/481 492/522/492 480/509/480
f 470/510/470 482/523/482 481/524/481 469/511/469
f 471/512/471 483/525/483 482/523/482 470/510/470
f 472/513/472 484/526/484 483/525/483 471/512/471
f 473/514/473 485/527/485 484/526/484 472/513/472
f 474/515/474 486/528/486 485/527/485 473/514/473
f 475/516/475 487/529/487 486/528/486 474/515/474
f 476/517/476 488/530/488 487/529/487 475/516/475
f 477/518/477 489/531/489 488/530/488 476/517/476
f 478/519/478 490/532/490 489/531/489 477/518/477
f 479/520/479 491/533/491 490/532/490 478/519/478
f 480/509/480 492/522/492 491/533/491 479/520/479
f 481/521/481 493/534/493 504/535/504 492/522/492
f 482/523/482 494/536/494 493/537/493 481/524/481
f 483/525/483 495/538/495 494/536/494 482/523/482
f 484/526/484 496/539/496 495/538/495 483/525/483
f 485/527/485 497/540/497 496/539/496 484/526/484
f 486/528/486 498/541/498 497/540/497 485/527/485
f 487/529/487 499/542/499 498/541/498 486/528/486
f 488/530/488 500/543/500 499/542/499 487/529/487
f 489/531/489 501/544/501 500/543/500 488/530/488
f 490/532/490 502/545/502 501/544/501 489/531/489
f 491/533/491 503/546/503 502/545/502 490/532/490
f 492/522/492 504/535/504 503/546/503 491/533/491
f 493/534/493 505/547/505 516/548/516 504/535/504
f 494/536/494 506/549/506 505/550/505 493/537/493
f 495/538/495 507/551/507 506/549/506 494/536/494
f 496/539/496 508/552/508 507/551/507 495/538/495
f 497/540/497 509/553/509 508/552/508 496/539/496
f 498/541/498 510/554/510 509/553/509 497/540/497
f 499/542/499 511/555/511 510/554/510 498/541/498
f 500/543/500 512/556/512 511/555/511 499/542/499
f 501/544/501 513/557/513 512/556/512 500/543/500
f 502/545/502 514/558/514 513/557/513 501/544/501
f 503/546/503 515/559/515 514/558/514 502/545/502
f 504/535/504 516/548/516 515/559/515 503/546/503
f 505/547/505 517/560/517 528/561/528 516/548/516
f 506/549/506 518/562/518 517/563/517 505/550/505
f 507/551/507 519/564/519 518/562/518 506/549/506
f 508/552/508 520/565/520 519/564/519 507/551/507
f 509/553/509 521/566/521 520/565/520 508/552/508
f 510/554/510 522/567/522 521/566/521 509/553/509
f 511/555/511 523/568/523 522/567/522 510/554/510
f 512/556/512 524/569/524 523/568/523 511/555/511
f 513/557/513 525/570/525 524/569/524 512/556/512
f 514/558/514 526/571/526 525/570/525 513/557/513
f 515/559/515 527/572/527 526/571/526 514/558/514
f 516/548/516 528/561/528 527/572/527 515/559/515
f 517/560/517 529/573/529 540/574/540 528/561/528
f 518/562/518 530/575/530 529/576/529 517/563/517
f 519/564/519 531/577/531 530/575/530 518/562/518
f 520/565/520 532/578/532 531/577/531 519/564/519
f 521/566/521 533/579/533 532/578/532 520/565/520
f 522/567/522 534/580/534 533/579/533 521/566/521
f 523/568/523 535/581/535 534/580/534 522/567/522
f 524/569/524 536/582/536 535/581/535 523/568/523
f 525/570/525 537/583/537 536/582/536 524/569/524
f 526/571/526 538/584/538 537/583/537 525/570/525
f 527/572/527 539/585/539 538/584/538 526/571/526
f 528/561/528 540/574/540 539/585/539 527/572/527
f 529/573/529 541/586/541 552/587/552 540/574/540
f 530/575/530 542/588/542 541/589/541 529/576/529
f 531/577/531 543/590/543 542/588/542 530/575/530
f 532/578/532 544/591/544 543/590/543 531/577/531
f 533/579/533 545/592/545 544/591/544 532/578/532
f 534/580/534 546/593/546 545/592/545 533/579/533
f 535/581/535 547/594/547 546/593/546 534/580/534
f 536/582/536 548/595/548 547/594/547 535/581/535
f 537/583/537 549/596/549 548/595/548 536/582/536
f 538/584/538 550/597/550 549/596/549 537/583/537
f 539/585/539 551/598/551 550/597/550 538/584/538
f 540/574/540 552/587/552 551/598/551 539/585/539
f 541/586/541 553/599/553 564/600/564 552/587/552
f 542/588/542 554/601/554 553/602/553 541/589/541
f 543/590/543 555/603/555 554/601/554 542/588/542
f 544/591/544 556/604/556 555/603/555 543/590/543
f 545/592/545 557/605/557 556/604/556 544/591/544
f 546/593/546 558/606/558 557/605/557 545/592/545
f 547/594/547 559/607/559 558/606/558 546/593/546
f 548/595/548 560/608/560 559/607/559 547/594/547
f 549/596/549 561/609/561 560/608/560 548/595/548
f 550/597/550 562/610/562 561/609/561 549/596/549
f 551/598/551 563/611/563 562/610/562 550/597/550
f 552/587/552 564/600/564 563/611/563 551/598/551
f 553/599/553 565/612/565 576/613/576 564/600/564
f 554/601/554 566/614/566 565/615/565 553/602/553
f 555/603/555 567/616/567 566/614/566 554/601/554
f 556/604/556 568/617/568 567/616/567 555/603/555
f 557/605/557 569/618/569 568/617/568 556/604/556
f 558/606/558 570/619/570 569/618/569 557/605/557
f 559/607/559 571/620/571 570/619/570 558/606/558
f 560/608/560 572/621/572 571/620/571 559/607/559
f 561/609/561 573/622/573 572/621/572 560/608/560
f 562/610/562 574/623/574 573/622/573 561/609/561
f 563/611/563 575/624/575 574/623/574 562/610/562
f 564/600/564 576/613/576 575/624/575 563/611/563
f 565/612/565 577/625/577 588/626/588 576/613/576
f 566/614/566 578/627/578 577/628/577 565/615/565
f 567/616/567 579/629/579 578/627/578 566/614/566
f 568/617/568 580/630/580 579/629/579 567/616/567
f 569/618/569 581/631/581 580/630/580 568/617/568
f 570/619/570 582/632/582 581/631/581 569/618/569
f 571/620/571 583/633/583 582/632/582 570/619/570
f 572/621/572 584/634/584 583/633/583 571/620/571
f 573/622/573 585/635/585 584/634/584 572/621/572
f 574/623/574 586/636/586 585/635/585 573/622/573
f 575/624/575 587/637/587 586/636/586 574/623/574
f 576/613/576 588/626/588 587/637/587 575/624/575
f 577/625/577 589/638/589 600/639/600 588/626/588
f 578/627/578 590/640/590 589/641/589 577/628/577
f 579/629/579 591/642/591 590/640/590 578/627/578
f 580/630/580 592/643/592 591/642/591 579/629/579
f 581/631/581 593/644/593 592/643/592 580/630/580
f 582/632/582 594/645/594 593/644/593 581/631/581
f 583/633/583 595/646/595 594/645/594 582/632/582
f 584/634/584 596/647/596 595/646/595 583/633/583
f 585/635/585 597/648/597 596/647/596 584/634/584
f 586/636/586 598/649/598 597/648/597 585/635/585
f 587/637/587 599/650/599 598/649/598 586/636/586
f 588/626/588 600/639/600 599/650/599 587/637/587
f 589/638/589 601/651/601 612/652/612 600/639/600
f 590/640/590 602/653/602 601/654/601 589/641/589
f 591/642/591 603/655/603 602/653/602 590/640/590
f 592/643/592 604/656/604 603/655/603 591/642/591
f 593/644/593 605/657/605 604/656/604 592/643/592
f 594/645/594 606/658/606 605/657/605 593/644/593
f 595/646/595 607/659/607 606/658/606 594/645/594
f 596/647/596 608/660/608 607/659/607 595/646/595
f 597/648/597 609/661/609 608/660/608 596/647/596
f 598/649/598 610/662/610 609/661/609 597/648/597
f 599/650/599 611/663/611 610/662/610 598/649/598
f 600/639/600 612/652/612 611/663/611 599/650/599
f 601/651/601 613/664/613 624/665/624 612/652/612
f 602/653/602 614/666/614 613/667/613 601/654/601
f 603/655/603 615/668/615 614/666/614 602/653/602
f 604/656/604 616/669/616 615/668/615 603/655/603
f 605/657/605 617/670/617 616/669/616 604/656/604
f 606/658/606 618/671/618 617/670/617 605/657/605
f 607/659/607 619/672/619 618/671/618 606/658/606
f 608/660/608 620/673/620 619/672/619 607/659/607
f 609/661/609 621/674/621 620/673/620 608/660/608
f 610/662/610 622/675/622 621/674/621 609/661/609
f 611/663/611 623/676/623 622/675/622 610/662/610
f 612/652/612 624/665/624 623/676/623 611/663/611
f 613/664/613 625/677/625 636/678/636 624/665/624
f 614/666/614 626/679/626 625/680/625 613/667/613
f 615/668/615 627/681/627 626/679/626 614/666/614
f 616/669/616 628/682/628 627/681/627 615/668/615
f 617/670/617 629/683/629 628/682/628 616/669/616
f 618/671/618 630/684/630 629/683/629 617/670/617
f 619/672/619 631/685/631 630/684/630 618/671/618
f 620/673/620 632/686/632 631/685/631 619/672/619
f 621/674/621 633/687/633 632/686/632 620/673/620
f 622/675/622 634/688/634 633/687/633 621/674/621
f 623/676/623 635/689/635 634/688/634 622/675/622
f 624/665/624 636/678/636 635/689/635 623/676/623
f 625/677/625 637/690/637 648/691/648 636/678/636
f 626/679/626 638/692/638 637/693/637 625/680/625
f 627/681/627 639/694/639 638/692/638 626/679/626
f 628/682/628 640/695/640 639/694/639 627/681/627
f 629/683/629 641/696/641 640/695/640 628/682/628
f 630/684/630 642/697/642 641/696/641 629/683/629
f 631/685/631 643/698/643 642/697/642 630/684/630
f 632/686/632 644/699/644 643/698/643 631/685/631
f 633/687/633 645/700/645 644/699/644 632/686/632
f 634/688/634 646/701/646 645/700/645 633/687/633
f 635/689/635 647/702/647 646/701/646 634/688/634
f 636/678/636 648/691/648 647/702/647 635/689/635
f 637/690/637 649/703/649 660/704/660 648/691/648
f 638/692/638 650/705/650 649/706/649 637/693/637
f 639/694/639 651/707/651 650/705/650 638/692/638
f 640/695/640 652/708/652 651/707/651 639/694/639
f 641/696/641 653/709/653 652/708/652 640/695/640
f 642/697/642 654/710/654 653/709/653 641/696/641
f 643/698/643 655/711/655 654/710/654 642/697/642
f 644/699/644 656/712/656 655/711/655 643/698/643
f 645/700/645 657/713/657 656/712/656 644/699/644
f 646/701/646 658/714/658 657/713/657 645/700/645
f 647/702/647 659/715/659 658/714/658 646/701/646
f 648/691/648 660/704/660 659/715/659 647/702/647
f 649/703/649 661/716/661 672/717/672 660/704/660
f 650/705/650 662/718/662 661/719/661 649/706/649
f 651/707/651 663/720/663 662/718/662 650/705/650
f 652/708/652 664/721/664 663/720/663 651/707/651
f 653/709/653 665/722/665 664/721/664 652/708/652
f 654/710/654 666/723/666 665/722/665 653/709/653
f 655/711/655 667/724/667 666/723/666 654/710/654
f 656/712/656 668/725/668 667/724/667 655/711/655
f 657/713/657 669/726/669 668/725/668 656/712/656
f 658/714/658 670/727/670 669/726/669 657/713/657
f 659/715/659 671/728/671 670/727/670 658/714/658
f 660/704/660 672/717/672 671/728/671 659/715/659
f 661/716/661 673/729/673 684/730/684 672/717/672
f 662/718/662 674/731/674 673/732/673 661/719/661
f 663/720/663 675/733/675 674/731/674 662/718/662
f 664/721/664 676/734/676 675/733/675 663/720/663
f 665/722/665 677/735/677 676/734/676 664/721/664
f 666/723/666 678/736/678 677/735/677 665/722/665
f 667/724/667 679/737/679 678/736/678 666/723/666
f 668/725/668 680/738/680 679/737/679 667/724/667
f 669/726/669 681/739/681 680/738/680 668/725/668
f 670/727/670 682/740/682 681/739/681 669/726/669
f 671/728/671 683/741/683 682/740/682 670/727/670
f 672/717/672 684/730/684 683/741/683 671/728/671
f 673/729/673 685/742/685 696/743/696 684/730/684
f 674/731/674 686/744/686 685/745/685 673/732/673
f 675/733/675 687/746/687 686/744/686 674/731/674
f 676/734/676 688/747/688 687/746/687 675/733/675
f 677/735/677 689/748/689 688/747/688 676/734/676
f 678/736/678 690/749/690 689/748/689 677/735/677
f 679/737/679 691/750/691 690/749/690 678/736/678
f 680/738/680 692/751/692 691/750/691 679/737/679
f 681/739/681 693/752/693 692/751/692 680/738/680
f 682/740/682 694/753/694 693/752/693 681/739/681
f 683/741/683 695/754/695 694/753/694 682/740/682
f 684/730/684 696/743/696 695/754/695 683/741/683
f 685/742/685 697/755/697 708/756/708 696/743/696
f 686/744/686 698/757/698 697/758/697 685/745/685
f 687/746/687 699/759/699 698/757/698 686/744/686
f 688/747/688 700/760/700 699/759/699 687/746/687
f 689/748/689 701/761/701 700/760/700 688/747/688
f 690/749/690 702/762/702 701/761/701 689/748/689
f 691/750/691 703/763/703 702/762/702 690/749/690
f 692/751/692 704/764/704 703/763/703 691/750/691
f 693/752/693 705/765/705 704/764/704 692/751/692
f 694/753/694 706/766/706 705/765/705 693/752/693
f 695/754/695 707/767/707 706/766/706 694/753/694
f 696/743/696 708/756/708 707/767/707 695/754/695
f 697/755/697 709/768/709 720/769/720 708/756/708
f 698/757/698 710/770/710 709/771/709 697/758/697
f 699/759/699 711/772/711 710/770/710 698/757/698
f 700/760/700 712/773/712 711/772/711 699/759/699
f 701/761/701 713/774/713 712/773/712 700/760/700
f 702/762/702 714/775/714 713/774/713 701/761/701
f 703/763/703 715/776/715 714/775/714 702/762/702
f 704/764/704 716/777/716 715/776/715 703/763/703
f 705/765/705 717/778/717 716/777/716 704/764/704
f 706/766/706 718/779/718 717/778/717 705/765/705
f 707/767/707 719/780/719 718/779/718 706/766/706
f 708/756/708 720/769/720 719/780/719 707/767/707
f 709/768/709 721/781/721 732/782/732 720/769/720
f 710/770/710 722/783/722 721/784/721 709/771/709
f 711/772/711 723/785/723 722/783/722 710/770/710
f 712/773/712 724/786/724 723/785/723 711/772/711
f 713/774/713 725/787/725 724/786/724 712/773/712
f 714/775/714 726/788/726 725/787/725 713/774/713
f 715/776/715 727/789/727 726/788/726 714/775/714
f 716/777/716 728/790/728 727/789/727 715/776/715
f 717/778/717 729/791/729 728/790/728 716/777/716
f 718/779/718 730/792/730 729/791/729 717/778/717
f 719/780/719 731/793/731 730/792/730 718/779/718
f 720/769/720 732/782/732 731/793/731 719/780/719
o BézierCurve
v -1.007138 0.000189 -0.007001
v -1.009679 0.000327 -0.002493
v -1.009626 0.000378 0.002683
v -1.006994 0.000327 0.007140
v -1.002488 0.000189 0.009684
v -0.997315 -0.000000 0.009633
v -0.992862 -0.000189 0.007001
v -0.990321 -0.000327 0.002493
v -0.990374 -0.000378 -0.002683
v -0.993006 -0.000327 -0.007140
v -0.997512 -0.000189 -0.009684
v -1.002685 0.000000 -0.009633
v -0.990537 0.177909 -0.008600
v -0.993047 0.178355 -0.004095
v -0.992995 0.178398 0.001081
v -0.990395 0.178025 0.005541
v -0.985943 0.177337 0.008090
v -0.980832 0.176518 0.008046
v -0.976431 0.175788 0.005419
v -0.973921 0.175342 0.000915
v -0.973973 0.175300 -0.004261
v -0.976573 0.175673 -0.008722
v -0.981025 0.176361 -0.011271
v -0.986136 0.177179 -0.011227
v -0.956870 0.325403 -0.010160
v -0.959291 0.326228 -0.005660
v -0.959234 0.326292 -0.000485
v -0.956714 0.325578 0.003980
v -0.952405 0.324278 0.006537
v -0.947463 0.322740 0.006502
v -0.943211 0.321376 0.003883
v -0.940789 0.320551 -0.000617
v -0.940846 0.320486 -0.005792
v -0.943367 0.321200 -0.010257
v -0.947675 0.322500 -0.012814
v -0.952618 0.324038 -0.012779
v -0.909198 0.445112 -0.012725
v -0.911435 0.446395 -0.008236
v -0.911349 0.446531 -0.003062
v -0.908964 0.445482 0.001411
v -0.904919 0.443530 0.003984
v -0.900298 0.441197 0.003969
v -0.896339 0.439110 0.001368
v -0.894103 0.437827 -0.003120
v -0.894188 0.437691 -0.008294
v -0.896573 0.438740 -0.012767
v -0.900618 0.440692 -0.015341
v -0.905239 0.443025 -0.015325
v -0.850618 0.539431 -0.017339
v -0.852530 0.541232 -0.012879
v -0.852363 0.541498 -0.007712
v -0.850160 0.540157 -0.003223
v -0.846514 0.537570 -0.000616
v -0.842399 0.534429 -0.000587
v -0.838920 0.531576 -0.003146
v -0.837008 0.529775 -0.007607
v -0.837175 0.529509 -0.012774
v -0.839378 0.530849 -0.017262
v -0.843024 0.533437 -0.019870
v -0.847139 0.536578 -0.019898
v -0.784290 0.610734 -0.025050
v -0.785708 0.613064 -0.020651
v -0.785367 0.613517 -0.015505
v -0.783357 0.611970 -0.010993
v -0.780218 0.608839 -0.008322
v -0.776790 0.604962 -0.008208
v -0.773992 0.601378 -0.010683
v -0.772574 0.599048 -0.015082
v -0.772915 0.598595 -0.020227
v -0.774925 0.600142 -0.024740
v -0.778064 0.603273 -0.027411
v -0.781492 0.607150 -0.027524
v -0.713449 0.661428 -0.036886
v -0.714202 0.664237 -0.032603
v -0.713556 0.664908 -0.027511
v -0.711685 0.663261 -0.022974
v -0.709091 0.659738 -0.020208
v -0.706468 0.655282 -0.019953
v -0.704520 0.651088 -0.022279
v -0.703768 0.648280 -0.026561
v -0.704413 0.647609 -0.031653
v -0.706284 0.649255 -0.036190
v -0.708878 0.652778 -0.038957
v -0.711501 0.657234 -0.039211
v -0.641365 0.693998 -0.053850
v -0.641307 0.697177 -0.049765
v -0.640201 0.698058 -0.044786
v -0.638345 0.696405 -0.040245
v -0.636236 0.692660 -0.037360
v -0.634438 0.687827 -0.036904
v -0.633434 0.683201 -0.038999
v -0.633492 0.680022 -0.043084
v -0.634598 0.679141 -0.048063
v -0.636454 0.680794 -0.052604
v -0.638563 0.684539 -0.055489
v -0.640361 0.689372 -0.055945
v -0.571281 0.711010 -0.076909
v -0.570312 0.714416 -0.073134
v -0.568585 0.715452 -0.068366
v -0.566563 0.713840 -0.063881
v -0.564789 0.710012 -0.060883
v -0.563737 0.704993 -0.060174
v -0.563690 0.700129 -0.061944
v -0.564659 0.696723 -0.065719
v -0.566386 0.695687 -0.070487
v -0.568408 0.697299 -0.074972
v -0.570182 0.701127 -0.077970
v -0.571234 0.706145 -0.078679
v -0.506380 0.715081 -0.106990
v -0.504446 0.718554 -0.103674
v -0.501949 0.719643 -0.099273
v -0.499557 0.718057 -0.094965
v -0.497912 0.714220 -0.091905
v -0.497453 0.709160 -0.090913
v -0.498305 0.704234 -0.092254
v -0.500239 0.700760 -0.095570
v -0.502736 0.699671 -0.099971
v -0.505128 0.701257 -0.104279
v -0.506773 0.705094 -0.107339
v -0.507231 0.710154 -0.108331
v -0.449748 0.708842 -0.144971
v -0.446861 0.712217 -0.142312
v -0.443495 0.713217 -0.138509
v -0.440550 0.711573 -0.134582
v -0.438817 0.707727 -0.131583
v -0.438759 0.702709 -0.130315
v -0.440392 0.697863 -0.131118
v -0.443279 0.694488 -0.133777
v -0.446646 0.693488 -0.137580
v -0.449590 0.695132 -0.141507
v -0.451324 0.698978 -0.144507
v -0.451381 0.703996 -0.145775
v -0.404336 0.694900 -0.191718
v -0.400610 0.698024 -0.189942
v -0.396391 0.698770 -0.187037
v -0.392809 0.696936 -0.183781
v -0.390824 0.693014 -0.181047
v -0.390967 0.688056 -0.179567
v -0.393201 0.683389 -0.179738
v -0.396926 0.680265 -0.181514
v -0.401145 0.679520 -0.184419
v -0.404727 0.681354 -0.187675
v -0.406713 0.685275 -0.190409
v -0.406570 0.690233 -0.191889
v -0.372406 0.675452 -0.249221
v -0.368226 0.678316 -0.248162
v -0.363593 0.678824 -0.245909
v -0.359750 0.676840 -0.243065
v -0.357724 0.672895 -0.240394
v -0.358061 0.668048 -0.238610
v -0.360668 0.663596 -0.238192
v -0.364848 0.660732 -0.239251
v -0.369480 0.660224 -0.241504
v -0.373324 0.662208 -0.244347
v -0.375349 0.666152 -0.247019
v -0.375013 0.671000 -0.248803
v -0.329736 0.635611 -0.333056
v -0.325580 0.638496 -0.331961
v -0.321333 0.639345 -0.329125
v -0.318134 0.637931 -0.325309
v -0.316840 0.634633 -0.321535
v -0.317797 0.630334 -0.318815
v -0.320748 0.626187 -0.317877
v -0.324904 0.623302 -0.318972
v -0.329151 0.622453 -0.321808
v -0.332350 0.623866 -0.325624
v -0.333644 0.627164 -0.329398
v -0.332688 0.631463 -0.332118
v -0.286972 0.592168 -0.362115
v -0.283320 0.595566 -0.360732
v -0.280568 0.597937 -0.357044
v -0.279455 0.598646 -0.352039
v -0.280278 0.597503 -0.347058
v -0.282816 0.594814 -0.343436
v -0.286391 0.591300 -0.342143
v -0.290043 0.587903 -0.343525
v -0.292794 0.585532 -0.347214
v -0.293908 0.584823 -0.352219
v -0.293085 0.585966 -0.357200
v -0.290546 0.588654 -0.360822
v -0.246628 0.548919 -0.341137
v -0.243500 0.552874 -0.339966
v -0.242252 0.556842 -0.336886
v -0.243218 0.559761 -0.332722
v -0.246140 0.560849 -0.328589
v -0.250234 0.559813 -0.325596
v -0.254404 0.556931 -0.324544
v -0.257532 0.552977 -0.325714
v -0.258780 0.549008 -0.328795
v -0.257813 0.546089 -0.332959
v -0.254892 0.545002 -0.337091
v -0.250798 0.546037 -0.340085
v -0.210821 0.509509 -0.282620
v -0.207925 0.513715 -0.281779
v -0.207300 0.518364 -0.279590
v -0.209117 0.522210 -0.276639
v -0.212886 0.524222 -0.273717
v -0.217599 0.523861 -0.271607
v -0.221993 0.521223 -0.270875
v -0.224890 0.517017 -0.271716
v -0.225514 0.512368 -0.273905
v -0.223698 0.508523 -0.276856
v -0.219928 0.506511 -0.279778
v -0.215215 0.506872 -0.281888
v -0.177864 0.473479 -0.197497
v -0.175058 0.477785 -0.196876
v -0.174653 0.482671 -0.195216
v -0.176756 0.486828 -0.192962
v -0.180805 0.489144 -0.190717
v -0.185715 0.488996 -0.189083
v -0.190169 0.486425 -0.188498
v -0.192975 0.482120 -0.189119
v -0.193381 0.477233 -0.190779
v -0.191277 0.473076 -0.193033
v -0.187228 0.470761 -0.195278
v -0.182319 0.470908 -0.196912
v -0.146615 0.440858 -0.094480
v -0.143860 0.445217 -0.094023
v -0.143556 0.450208 -0.092686
v -0.145784 0.454495 -0.090827
v -0.149947 0.456928 -0.088943
v -0.154929 0.456856 -0.087541
v -0.159396 0.454297 -0.086995
v -0.162150 0.449939 -0.087451
v -0.162454 0.444947 -0.088789
v -0.160227 0.440661 -0.090648
v -0.156064 0.438228 -0.092532
v -0.151082 0.438300 -0.093934
v -0.116527 0.412308 0.017570
v -0.113814 0.416706 0.017875
v -0.113572 0.421755 0.018987
v -0.115866 0.426104 0.020607
v -0.120080 0.428586 0.022302
v -0.125086 0.428536 0.023618
v -0.129543 0.425968 0.024201
v -0.132255 0.421570 0.023896
v -0.132497 0.416520 0.022785
v -0.130204 0.412172 0.021164
v -0.125989 0.409690 0.019469
v -0.120983 0.409740 0.018154
v -0.087201 0.388652 0.129621
v -0.084536 0.393087 0.129751
v -0.084343 0.398176 0.130679
v -0.086676 0.402555 0.132154
v -0.090908 0.405051 0.133783
v -0.095906 0.404995 0.135128
v -0.100331 0.402402 0.135829
v -0.102997 0.397967 0.135699
v -0.103189 0.392878 0.134772
v -0.100857 0.388499 0.133296
v -0.096624 0.386003 0.131668
v -0.091626 0.386059 0.130323
v -0.058293 0.370763 0.232540
v -0.055700 0.375242 0.232421
v -0.055561 0.380363 0.233164
v -0.057914 0.384754 0.234569
v -0.062129 0.387240 0.236258
v -0.067075 0.387153 0.237781
v -0.071429 0.384517 0.238728
v -0.074022 0.380039 0.238847
v -0.074161 0.374918 0.238104
v -0.071808 0.370527 0.236700
v -0.067593 0.368041 0.235010
v -0.062647 0.368128 0.233487
v -0.029526 0.359535 0.317062
v -0.027097 0.364070 0.316492
v -0.027049 0.369223 0.316986
v -0.029394 0.373612 0.318413
v -0.033504 0.376061 0.320389
v -0.038277 0.375914 0.322386
v -0.042435 0.373210 0.323868
v -0.044864 0.368674 0.324439
v -0.044912 0.363522 0.323944
v -0.042567 0.359133 0.322517
v -0.038457 0.356684 0.320541
v -0.033684 0.356831 0.318544
v -0.001071 0.355820 0.373475
v 0.000659 0.360394 0.371776
v 0.000393 0.365564 0.371764
v -0.001796 0.369944 0.373443
v -0.005322 0.372361 0.376361
v -0.009240 0.372168 0.379738
v -0.012501 0.369415 0.382668
v -0.014231 0.364842 0.384367
v -0.013965 0.359672 0.384379
v -0.011776 0.355292 0.382700
v -0.008250 0.352875 0.379782
v -0.004331 0.353068 0.376405
v 0.026342 0.360133 0.393119
v 0.026327 0.364462 0.390282
v 0.025438 0.369544 0.389862
v 0.023911 0.374018 0.391973
v 0.022157 0.376683 0.396049
v 0.020645 0.376827 0.400998
v 0.019781 0.374410 0.405493
v 0.019795 0.370081 0.408331
v 0.020685 0.364999 0.408750
v 0.022211 0.360526 0.406639
v 0.023965 0.357860 0.402563
v 0.025477 0.357716 0.397614
v 0.064301 0.369182 0.391163
v 0.063271 0.373309 0.388212
v 0.062233 0.378361 0.387777
v 0.061466 0.382986 0.389972
v 0.061177 0.385944 0.394210
v 0.061441 0.386442 0.399356
v 0.062189 0.384347 0.404030
v 0.063220 0.380220 0.406980
v 0.064258 0.375168 0.407416
v 0.065024 0.370543 0.405220
v 0.065314 0.367585 0.400982
v 0.065049 0.367087 0.395837
v 0.120494 0.378320 0.385621
v 0.119560 0.382463 0.382661
v 0.118801 0.387562 0.382198
v 0.118419 0.392251 0.384357
v 0.118518 0.395275 0.388557
v 0.119070 0.395821 0.393675
v 0.119928 0.393745 0.398338
v 0.120862 0.389602 0.401298
v 0.121622 0.384503 0.401761
v 0.122003 0.379813 0.399603
v 0.121905 0.376790 0.395402
v 0.121352 0.376243 0.390284
v 0.189746 0.386144 0.375464
v 0.188859 0.390293 0.372497
v 0.188310 0.395416 0.372003
v 0.188245 0.400142 0.374115
v 0.188682 0.403203 0.378266
v 0.189503 0.403781 0.383344
v 0.190490 0.401719 0.387988
v 0.191376 0.397571 0.390955
v 0.191926 0.392448 0.391448
v 0.191991 0.387722 0.389337
v 0.191554 0.384660 0.385186
v 0.190732 0.384083 0.380108
v 0.268079 0.391487 0.359977
v 0.267218 0.395637 0.357005
v 0.266868 0.400774 0.356472
v 0.267122 0.405521 0.358520
v 0.267913 0.408607 0.362600
v 0.269029 0.409204 0.367619
v 0.270170 0.407153 0.372233
v 0.271031 0.403003 0.375204
v 0.271381 0.397866 0.375738
v 0.271127 0.393119 0.373690
v 0.270335 0.390033 0.369610
v 0.269220 0.389436 0.364591
v 0.351584 0.393207 0.338457
v 0.350736 0.397357 0.335482
v 0.350600 0.402498 0.334893
v 0.351211 0.407252 0.336847
v 0.352406 0.410345 0.340822
v 0.353865 0.410949 0.345751
v 0.355197 0.408901 0.350315
v 0.356045 0.404751 0.353290
v 0.356181 0.399610 0.353880
v 0.355570 0.394856 0.351925
v 0.354374 0.391763 0.347951
v 0.352915 0.391159 0.343021
v 0.436367 0.390178 0.310215
v 0.435525 0.394328 0.307238
v 0.435633 0.399460 0.306566
v 0.436664 0.404197 0.308379
v 0.438341 0.407272 0.312190
v 0.440215 0.407860 0.316980
v 0.441783 0.405803 0.321464
v 0.442626 0.401653 0.324441
v 0.442517 0.396522 0.325113
v 0.441486 0.391784 0.323300
v 0.439809 0.388709 0.319488
v 0.437936 0.388121 0.314699
v 0.518545 0.381297 0.274588
v 0.517700 0.385447 0.271612
v 0.518098 0.390546 0.270813
v 0.519631 0.395227 0.272404
v 0.521890 0.398236 0.275959
v 0.524269 0.398767 0.280526
v 0.526130 0.396677 0.284880
v 0.526975 0.392527 0.287856
v 0.526577 0.387428 0.288656
v 0.525044 0.382747 0.287065
v 0.522785 0.379738 0.283510
v 0.520406 0.379207 0.278943
v 0.594262 0.365487 0.230948
v 0.593409 0.369640 0.227977
v 0.594144 0.374665 0.226979
v 0.596270 0.379218 0.228222
v 0.599218 0.382078 0.231372
v 0.602198 0.382479 0.235585
v 0.604412 0.380313 0.239733
v 0.605265 0.376161 0.242704
v 0.604530 0.371135 0.243702
v 0.602404 0.366582 0.242459
v 0.599456 0.363722 0.239309
v 0.596475 0.363321 0.235095
v 0.659746 0.341702 0.178684
v 0.658879 0.345859 0.175724
v 0.659982 0.350747 0.174427
v 0.662760 0.355057 0.175139
v 0.666469 0.357632 0.177670
v 0.670114 0.357784 0.181342
v 0.672719 0.355472 0.185171
v 0.673586 0.351315 0.188131
v 0.672483 0.346426 0.189429
v 0.669705 0.342117 0.188716
v 0.665997 0.339541 0.186185
v 0.662351 0.339389 0.182513
v 0.711372 0.308880 0.117129
v 0.710489 0.313047 0.114188
v 0.711936 0.317712 0.112474
v 0.715326 0.321625 0.112445
v 0.719749 0.323736 0.114110
v 0.724021 0.323481 0.117022
v 0.726996 0.320928 0.120401
v 0.727879 0.316761 0.123343
v 0.726432 0.312096 0.125057
v 0.723042 0.308184 0.125086
v 0.718619 0.306072 0.123421
v 0.714347 0.306327 0.120509
v 0.745615 0.265851 0.045430
v 0.744720 0.270034 0.042514
v 0.746406 0.274397 0.040297
v 0.750221 0.277772 0.039374
v 0.755141 0.279255 0.039991
v 0.759850 0.278448 0.041983
v 0.763085 0.275567 0.044817
v 0.763980 0.271385 0.047733
v 0.762294 0.267022 0.049950
v 0.758480 0.263646 0.050873
v 0.753559 0.262164 0.050256
v 0.748850 0.262971 0.048264
v 0.758847 0.211268 -0.037422
v 0.757924 0.215565 -0.040156
v 0.759672 0.219673 -0.042776
v 0.763622 0.222492 -0.044579
v 0.768716 0.223265 -0.045082
v 0.773588 0.221786 -0.044151
v 0.776933 0.218451 -0.042034
v 0.777856 0.214153 -0.039300
v 0.776108 0.210045 -0.036681
v 0.772158 0.207227 -0.034878
v 0.767065 0.206453 -0.034374
v 0.762192 0.207933 -0.035306
v 0.748359 0.170691 -0.103191
v 0.747564 0.175357 -0.105289
v 0.749282 0.179378 -0.108059
v 0.753052 0.181678 -0.110760
v 0.757864 0.181640 -0.112667
v 0.762429 0.179275 -0.113270
v 0.765523 0.175216 -0.112407
v 0.766318 0.170551 -0.110309
v 0.764600 0.166529 -0.107539
v 0.760830 0.164230 -0.104839
v 0.756018 0.164267 -0.102931
v 0.751454 0.166633 -0.102328
v 0.718029 0.151509 -0.149496
v 0.717879 0.156555 -0.150642
v 0.719595 0.160575 -0.153414
v 0.722718 0.162493 -0.157071
v 0.726409 0.161794 -0.160631
v 0.729682 0.158666 -0.163141
v 0.731658 0.153947 -0.163929
v 0.731808 0.148901 -0.162783
v 0.730091 0.144881 -0.160011
v 0.726969 0.142963 -0.156354
v 0.723277 0.143662 -0.152794
v 0.720005 0.146790 -0.150284
v 0.672247 0.150606 -0.179375
v 0.673109 0.155690 -0.179827
v 0.674871 0.159712 -0.182567
v 0.677061 0.161594 -0.186864
v 0.679092 0.160832 -0.191564
v 0.680419 0.157631 -0.195408
v 0.680687 0.152847 -0.197368
v 0.679825 0.147763 -0.196916
v 0.678063 0.143741 -0.194175
v 0.675873 0.141859 -0.189879
v 0.673842 0.142620 -0.185179
v 0.672515 0.145822 -0.181334
v 0.614561 0.165859 -0.195045
v 0.616327 0.170722 -0.195221
v 0.618188 0.174720 -0.197932
v 0.619646 0.176781 -0.202451
v 0.620309 0.176355 -0.207567
v 0.620001 0.173554 -0.211909
v 0.618804 0.169129 -0.214314
v 0.617038 0.164267 -0.214137
v 0.615176 0.160269 -0.211427
v 0.613719 0.158207 -0.206908
v 0.613055 0.158634 -0.201792
v 0.613364 0.161435 -0.197450
v 0.549559 0.195357 -0.197821
v 0.551986 0.199927 -0.197956
v 0.553978 0.203867 -0.200659
v 0.554999 0.206122 -0.205205
v 0.554778 0.206087 -0.210377
v 0.553373 0.203771 -0.214788
v 0.551160 0.199796 -0.217257
v 0.548733 0.195226 -0.217122
v 0.546742 0.191285 -0.214419
v 0.545720 0.189031 -0.209873
v 0.545941 0.189066 -0.204701
v 0.547347 0.191381 -0.200290
v 0.482397 0.236790 -0.189233
v 0.485338 0.241046 -0.189428
v 0.487483 0.244892 -0.192149
v 0.488258 0.247298 -0.196666
v 0.487455 0.247619 -0.201770
v 0.485289 0.245769 -0.206092
v 0.482341 0.242244 -0.208475
v 0.479400 0.237989 -0.208280
v 0.477255 0.234143 -0.205560
v 0.476480 0.231737 -0.201042
v 0.477283 0.231416 -0.195939
v 0.479449 0.233266 -0.191616
v 0.418171 0.287688 -0.171064
v 0.421566 0.291582 -0.171385
v 0.423893 0.295284 -0.174157
v 0.424528 0.297800 -0.178635
v 0.423302 0.298458 -0.183621
v 0.420542 0.297081 -0.187778
v 0.416989 0.294037 -0.189993
v 0.413594 0.290142 -0.189671
v 0.411267 0.286441 -0.186900
v 0.410632 0.283924 -0.182422
v 0.411859 0.283266 -0.177436
v 0.414618 0.284644 -0.173279
v 0.361872 0.345548 -0.145192
v 0.365712 0.348979 -0.145719
v 0.368252 0.352458 -0.148589
v 0.368813 0.355052 -0.153034
v 0.367245 0.356066 -0.157861
v 0.363966 0.355229 -0.161778
v 0.359856 0.352764 -0.163736
v 0.356017 0.349333 -0.163209
v 0.353476 0.345854 -0.160339
v 0.352915 0.343260 -0.155895
v 0.354484 0.342246 -0.151067
v 0.357762 0.343083 -0.147150
v 0.318418 0.407863 -0.113532
v 0.322701 0.410642 -0.114390
v 0.325480 0.413769 -0.117438
v 0.326011 0.416407 -0.121860
v 0.324152 0.417849 -0.126471
v 0.320401 0.417708 -0.130035
v 0.315763 0.416023 -0.131598
v 0.311481 0.413244 -0.130740
v 0.308701 0.410117 -0.127692
v 0.308170 0.407479 -0.123270
v 0.310029 0.406038 -0.118659
v 0.313780 0.406178 -0.115095
v 0.292667 0.472131 -0.078009
v 0.297310 0.473953 -0.079395
v 0.300297 0.476529 -0.082747
v 0.300828 0.479169 -0.087168
v 0.298760 0.481166 -0.091472
v 0.294647 0.481985 -0.094507
v 0.289592 0.481406 -0.095460
v 0.284949 0.479585 -0.094074
v 0.281962 0.477009 -0.090722
v 0.281432 0.474369 -0.086301
v 0.283500 0.472371 -0.081997
v 0.287612 0.471553 -0.078961
v 0.289408 0.535896 -0.040528
v 0.294089 0.536419 -0.042675
v 0.297099 0.538217 -0.046483
v 0.297631 0.540808 -0.050933
v 0.295543 0.543498 -0.054831
v 0.291394 0.545567 -0.057133
v 0.286296 0.546460 -0.057223
v 0.281615 0.545937 -0.055076
v 0.278605 0.544139 -0.051267
v 0.278073 0.541548 -0.046818
v 0.280161 0.538858 -0.042920
v 0.284310 0.536789 -0.040617
v 0.313413 0.596742 -0.002975
v 0.317581 0.595951 -0.005942
v 0.320287 0.596972 -0.010234
v 0.320807 0.599533 -0.014703
v 0.319001 0.602946 -0.018150
v 0.315353 0.606297 -0.019653
v 0.310841 0.608689 -0.018807
v 0.306674 0.609480 -0.015841
v 0.303967 0.608458 -0.011548
v 0.303447 0.605898 -0.007080
v 0.305253 0.602485 -0.003632
v 0.308901 0.599133 -0.002130
v 0.384925 0.670153 0.047539
v 0.388063 0.668334 0.043846
v 0.390211 0.668799 0.039159
v 0.390795 0.671423 0.034736
v 0.389657 0.675503 0.031760
v 0.387103 0.679946 0.031030
v 0.383817 0.683561 0.032741
v 0.380679 0.685380 0.036434
v 0.378531 0.684915 0.041121
v 0.377947 0.682291 0.045544
v 0.379085 0.678211 0.048520
v 0.381639 0.673768 0.049250
v 0.469672 0.703959 0.080853
v 0.471355 0.701561 0.076586
v 0.472766 0.701732 0.071609
v 0.473527 0.704427 0.067255
v 0.473434 0.708923 0.064692
v 0.472512 0.714016 0.064605
v 0.471008 0.718341 0.067019
v 0.469325 0.720739 0.071287
v 0.467914 0.720568 0.076264
v 0.467153 0.717873 0.080618
v 0.467246 0.713377 0.083181
v 0.468168 0.708284 0.083267
v 0.564317 0.703601 0.099589
v 0.564568 0.701179 0.095022
v 0.565270 0.701338 0.089896
v 0.566234 0.704036 0.085585
v 0.567202 0.708550 0.083244
v 0.567915 0.713671 0.083500
v 0.568181 0.718026 0.086285
v 0.567930 0.720448 0.090853
v 0.567228 0.720289 0.095979
v 0.566264 0.717591 0.100290
v 0.565296 0.713077 0.102631
v 0.564583 0.707956 0.102375
v 0.665411 0.674117 0.106159
v 0.664640 0.671970 0.101513
v 0.664853 0.672261 0.096349
v 0.665993 0.674912 0.092052
v 0.667754 0.679212 0.089772
v 0.669665 0.684010 0.090121
v 0.671214 0.688020 0.093005
v 0.671985 0.690167 0.097651
v 0.671772 0.689877 0.102815
v 0.670632 0.687226 0.107113
v 0.668871 0.682925 0.109392
v 0.666960 0.678127 0.109044
v 0.769163 0.620525 0.102902
v 0.767747 0.618699 0.098270
v 0.767670 0.619135 0.093112
v 0.768953 0.621714 0.088812
v 0.771252 0.625746 0.086520
v 0.773951 0.630151 0.086852
v 0.776327 0.633747 0.089718
v 0.777744 0.635573 0.094350
v 0.777821 0.635137 0.099507
v 0.776538 0.632558 0.103808
v 0.774238 0.628526 0.106100
v 0.771539 0.624121 0.105768
v 0.871674 0.547976 0.092201
v 0.869849 0.546436 0.087609
v 0.869608 0.546986 0.082467
v 0.871016 0.549478 0.078155
v 0.873696 0.553245 0.075826
v 0.876929 0.557277 0.076106
v 0.879850 0.560495 0.078918
v 0.881675 0.562035 0.083511
v 0.881916 0.561486 0.088652
v 0.880508 0.558993 0.092965
v 0.877828 0.555226 0.095294
v 0.874595 0.551194 0.095014
v 0.969068 0.461699 0.076479
v 0.966969 0.460399 0.071929
v 0.966640 0.461026 0.066801
v 0.968170 0.463411 0.062469
v 0.971149 0.466915 0.060094
v 0.974778 0.470599 0.060312
v 0.978086 0.473477 0.063064
v 0.980185 0.474776 0.067614
v 0.980514 0.474150 0.072742
v 0.978983 0.471765 0.077074
v 0.976004 0.468261 0.079449
v 0.972375 0.464576 0.079231
v 1.057498 0.366950 0.058172
v 1.055203 0.365860 0.053662
v 1.054838 0.366526 0.048541
v 1.056500 0.368770 0.044183
v 1.059744 0.371989 0.041753
v 1.063702 0.375323 0.041905
v 1.067311 0.377877 0.044596
v 1.069606 0.378967 0.049106
v 1.069972 0.378301 0.054226
v 1.068309 0.376057 0.058585
v 1.065065 0.372837 0.061014
v 1.061108 0.369504 0.060863
v 1.133130 0.269021 0.039726
v 1.130684 0.268127 0.035252
v 1.130323 0.268789 0.030130
v 1.132141 0.270829 0.025734
v 1.135653 0.273700 0.023241
v 1.139917 0.276634 0.023319
v 1.143790 0.278844 0.025947
v 1.146236 0.279738 0.030420
v 1.146598 0.279077 0.035542
v 1.144779 0.277037 0.039938
v 1.141267 0.274165 0.042431
v 1.137004 0.271231 0.042353
v 1.192131 0.173276 0.023591
v 1.189562 0.172588 0.019150
v 1.189242 0.173180 0.014018
v 1.191257 0.174894 0.009569
v 1.195068 0.177270 0.006995
v 1.199653 0.179672 0.006986
v 1.203784 0.181456 0.009545
v 1.206354 0.182144 0.013985
v 1.206674 0.181552 0.019118
v 1.204659 0.179838 0.023567
v 1.200848 0.177462 0.026141
v 1.196262 0.175060 0.026149
v 1.230695 0.085273 0.012211
v 1.228018 0.084843 0.007801
v 1.227779 0.085241 0.002645
v 1.230040 0.086360 -0.001874
v 1.234196 0.087902 -0.004547
v 1.239134 0.089452 -0.004657
v 1.243530 0.090595 -0.002175
v 1.246206 0.091025 0.002235
v 1.246446 0.090627 0.007390
v 1.244185 0.089507 0.011910
v 1.240029 0.087966 0.014583
v 1.235091 0.086416 0.014693
v 1.245310 0.010689 0.007930
v 1.242574 0.010622 0.003536
v 1.242400 0.010617 -0.001637
v 1.244836 0.010677 -0.006204
v 1.249228 0.010785 -0.008941
v 1.254400 0.010912 -0.009115
v 1.258966 0.011024 -0.006678
v 1.261702 0.011092 -0.002285
v 1.261876 0.011096 0.002889
v 1.259440 0.011036 0.007456
v 1.255048 0.010928 0.010193
v 1.249876 0.010801 0.010366
vn -0.7161 0.0606 -0.6953
vn -0.9649 0.0879 -0.2474
vn -0.9599 0.0921 0.2647
vn -0.7023 0.0720 0.7082
vn -0.2572 0.0327 0.9658
vn 0.2592 -0.0155 0.9657
vn 0.7072 -0.0597 0.7045
vn 0.9639 -0.0877 0.2516
vn 0.9585 -0.0919 -0.2699
vn 0.6927 -0.0711 -0.7177
vn 0.2396 -0.0311 -0.9704
vn -0.2764 0.0172 -0.9609
vn -0.7105 0.1070 -0.6955
vn -0.9570 0.1508 -0.2478
vn -0.9519 0.1550 0.2644
vn -0.6964 0.1184 0.7078
vn -0.2559 0.0504 0.9654
vn 0.2552 -0.0314 0.9664
vn 0.6999 -0.1051 0.7065
vn 0.9556 -0.1505 0.2532
vn 0.9504 -0.1548 -0.2698
vn 0.6857 -0.1168 -0.7185
vn 0.2359 -0.0473 -0.9706
vn -0.2751 0.0347 -0.9608
vn -0.6891 0.2034 -0.6955
vn -0.9260 0.2842 -0.2484
vn -0.9201 0.2905 0.2629
vn -0.6731 0.2207 0.7059
vn -0.2476 0.0924 0.9644
vn 0.2462 -0.0613 0.9673
vn 0.6765 -0.1992 0.7090
vn 0.9242 -0.2834 0.2561
vn 0.9187 -0.2900 -0.2679
vn 0.6615 -0.2172 -0.7178
vn 0.2252 -0.0855 -0.9705
vn -0.2691 0.0685 -0.9607
vn -0.6499 0.3039 -0.6966
vn -0.8677 0.4292 -0.2506
vn -0.8585 0.4422 0.2596
vn -0.6252 0.3398 0.7026
vn -0.2268 0.1477 0.9627
vn 0.2345 -0.0849 0.9684
vn 0.6357 -0.2961 0.7129
vn 0.8654 -0.4276 0.2612
vn 0.8575 -0.4417 -0.2637
vn 0.6136 -0.3343 -0.7154
vn 0.2032 -0.1360 -0.9696
vn -0.2594 0.0977 -0.9608
vn -0.5920 0.3988 -0.7003
vn -0.7773 0.5743 -0.2569
vn -0.7596 0.5996 0.2521
vn -0.5442 0.4689 0.6957
vn -0.1855 0.2150 0.9588
vn 0.2246 -0.0976 0.9695
vn 0.5774 -0.3863 0.7193
vn 0.7748 -0.5713 0.2707
vn 0.7591 -0.5993 -0.2541
vn 0.5338 -0.4617 -0.7084
vn 0.1631 -0.1983 -0.9665
vn -0.2492 0.1170 -0.9614
vn -0.5211 0.4764 -0.7081
vn -0.6577 0.7032 -0.2701
vn -0.6224 0.7460 0.2367
vn -0.4255 0.5951 0.6818
vn -0.1169 0.2883 0.9504
vn 0.2245 -0.0966 0.9697
vn 0.5084 -0.4587 0.7288
vn 0.6557 -0.6982 0.2873
vn 0.6227 -0.7461 -0.2355
vn 0.4174 -0.5875 -0.6933
vn 0.0981 -0.2680 -0.9584
vn -0.2457 0.1220 -0.9616
vn -0.4508 0.5279 -0.7198
vn -0.5219 0.8014 -0.2922
vn -0.4565 0.8647 0.2097
vn -0.2726 0.7033 0.6565
vn -0.0173 0.3584 0.9334
vn 0.2440 -0.0829 0.9662
vn 0.4420 -0.5055 0.7410
vn 0.5215 -0.7939 0.3126
vn 0.4578 -0.8653 -0.2043
vn 0.2673 -0.6970 -0.6653
vn 0.0036 -0.3372 -0.9414
vn -0.2594 0.1122 -0.9592
vn -0.3982 0.5525 -0.7323
vn -0.3894 0.8627 -0.3228
vn -0.2787 0.9454 0.1689
vn -0.0958 0.7822 0.6156
vn 0.1122 0.4154 0.9027
vn 0.2918 -0.0622 0.9545
vn 0.3950 -0.5267 0.7528
vn 0.3921 -0.8524 0.3459
vn 0.2818 -0.9463 -0.1585
vn 0.0933 -0.7787 -0.6204
vn -0.1207 -0.3963 -0.9102
vn -0.3006 0.0924 -0.9493
vn -0.3781 0.5578 -0.7388
vn -0.2789 0.8910 -0.3584
vn -0.1069 0.9877 0.1139
vn 0.0923 0.8269 0.5547
vn 0.2675 0.4514 0.8513
vn 0.3734 -0.0434 0.9266
vn 0.3812 -0.5299 0.7575
vn 0.2866 -0.8779 0.3836
vn 0.1132 -0.9887 -0.0978
vn -0.0921 -0.8272 -0.5544
vn -0.2719 -0.4367 -0.8575
vn -0.3764 0.0721 -0.9237
vn -0.3989 0.5568 -0.7286
vn -0.2031 0.8972 -0.3921
vn 0.0451 0.9980 0.0454
vn 0.2802 0.8377 0.4687
vn 0.4422 0.4605 0.7696
vn 0.4896 -0.0372 0.8711
vn 0.4087 -0.5278 0.7446
vn 0.2180 -0.8817 0.4185
vn -0.0332 -0.9992 -0.0239
vn -0.2767 -0.8423 -0.4625
vn -0.4440 -0.4517 -0.7739
vn -0.4882 0.0627 -0.8705
vn -0.4596 0.5635 -0.6864
vn -0.1670 0.8948 -0.4140
vn 0.1675 0.9853 -0.0341
vn 0.4559 0.8174 0.3521
vn 0.6253 0.4385 0.6456
vn 0.6330 -0.0540 0.7722
vn 0.4758 -0.5346 0.6984
vn 0.1915 -0.8777 0.4393
vn -0.1470 -0.9874 0.0594
vn -0.4478 -0.8269 -0.3401
vn -0.6254 -0.4362 -0.6470
vn -0.6291 0.0755 -0.7737
vn -0.5444 0.5914 -0.5949
vn -0.1653 0.8969 -0.4103
vn 0.2534 0.9601 -0.1183
vn 0.6026 0.7719 0.2024
vn 0.7947 0.3845 0.4696
vn 0.7815 -0.1024 0.6155
vn 0.5653 -0.5640 0.6020
vn 0.1998 -0.8801 0.4306
vn -0.2222 -0.9644 0.1431
vn -0.5884 -0.7869 -0.1862
vn -0.7943 -0.3889 -0.4668
vn -0.7777 0.1193 -0.6173
vn -0.5802 0.5988 -0.5521
vn -0.1655 0.8799 -0.4454
vn 0.2943 0.9299 -0.2207
vn 0.6777 0.7326 0.0635
vn 0.8806 0.3397 0.3303
vn 0.8494 -0.1424 0.5081
vn 0.5935 -0.5866 0.5511
vn 0.1774 -0.8765 0.4475
vn -0.2912 -0.9307 0.2216
vn -0.6819 -0.7283 -0.0669
vn -0.8832 -0.3265 -0.3367
vn -0.8433 0.1594 -0.5133
vn -0.4469 0.4685 -0.7621
vn -0.0492 0.7492 -0.6605
vn 0.3643 0.8446 -0.3924
vn 0.6904 0.7232 -0.0176
vn 0.8379 0.4028 0.3684
vn 0.7548 -0.0380 0.6548
vn 0.4545 -0.4718 0.7555
vn 0.0209 -0.7679 0.6403
vn -0.4157 -0.8423 0.3430
vn -0.7281 -0.6838 -0.0474
vn -0.8389 -0.3478 -0.4186
vn -0.7336 0.0713 -0.6758
vn -0.0287 0.0444 -0.9986
vn 0.3230 0.3720 -0.8702
vn 0.5938 0.6069 -0.5283
vn 0.7191 0.6927 -0.0544
vn 0.6621 0.6023 0.4460
vn 0.4156 0.3382 0.8443
vn 0.0303 -0.0413 0.9987
vn -0.3653 -0.4087 0.8364
vn -0.6365 -0.6401 0.4303
vn -0.7229 -0.6870 -0.0739
vn -0.6247 -0.5590 -0.5453
vn -0.3733 -0.2941 -0.8798
vn 0.3862 -0.3972 -0.8325
vn 0.6894 -0.0187 -0.7241
vn 0.8228 0.3686 -0.4325
vn 0.7445 0.6672 -0.0223
vn 0.4605 0.7918 0.4012
vn 0.0410 0.6978 0.7151
vn -0.3922 0.4043 0.8263
vn -0.7112 -0.0064 0.7029
vn -0.8270 -0.4137 0.3808
vn -0.7139 -0.6988 -0.0452
vn -0.4136 -0.7901 -0.4523
vn -0.0130 -0.6772 -0.7356
vn 0.5576 -0.5853 -0.5886
vn 0.8438 -0.1741 -0.5076
vn 0.9123 0.2854 -0.2938
vn 0.7389 0.6738 0.0002
vn 0.3633 0.8834 0.2961
vn -0.1137 0.8519 0.5112
vn -0.5596 0.5861 0.5859
vn -0.8513 0.1590 0.5000
vn -0.9091 -0.3113 0.2770
vn -0.7192 -0.6945 -0.0213
vn -0.3382 -0.8879 -0.3120
vn 0.1278 -0.8458 -0.5180
vn 0.6145 -0.6478 -0.4502
vn 0.8940 -0.2217 -0.3893
vn 0.9378 0.2643 -0.2253
vn 0.7315 0.6819 -0.0004
vn 0.3273 0.9177 0.2253
vn -0.1667 0.9054 0.3906
vn -0.6160 0.6468 0.4497
vn -0.8975 0.2123 0.3866
vn -0.9351 -0.2789 0.2188
vn -0.7206 -0.6933 -0.0075
vn -0.3145 -0.9207 -0.2310
vn 0.1734 -0.9033 -0.3925
vn 0.6381 -0.6729 -0.3743
vn 0.9134 -0.2395 -0.3293
vn 0.9458 0.2585 -0.1965
vn 0.7252 0.6884 -0.0108
vn 0.3090 0.9342 0.1782
vn -0.1912 0.9281 0.3194
vn -0.6400 0.6710 0.3742
vn -0.9156 0.2328 0.3279
vn -0.9440 -0.2675 0.1933
vn -0.7190 -0.6950 0.0071
vn -0.3026 -0.9359 -0.1806
vn 0.1936 -0.9274 -0.3200
vn 0.6494 -0.6844 -0.3315
vn 0.9212 -0.2461 -0.3015
vn 0.9469 0.2587 -0.1908
vn 0.7186 0.6948 -0.0287
vn 0.2967 0.9445 0.1413
vn -0.2055 0.9397 0.2733
vn -0.6522 0.6816 0.3316
vn -0.9230 0.2403 0.3006
vn -0.9456 -0.2648 0.1890
vn -0.7152 -0.6984 0.0270
vn -0.2943 -0.9451 -0.1421
vn 0.2048 -0.9399 -0.2731
vn 0.6543 -0.6897 -0.3102
vn 0.9221 -0.2470 -0.2977
vn 0.9428 0.2626 -0.2052
vn 0.7097 0.7021 -0.0574
vn 0.2852 0.9526 0.1059
vn -0.2161 0.9462 0.2407
vn -0.6587 0.6853 0.3106
vn -0.9240 0.2409 0.2970
vn -0.9418 -0.2672 0.2041
vn -0.7084 -0.7035 0.0568
vn -0.2865 -0.9523 -0.1055
vn 0.2119 -0.9474 -0.2398
vn 0.6531 -0.6914 -0.3089
vn 0.9150 -0.2438 -0.3214
vn 0.9305 0.2704 -0.2473
vn 0.6943 0.7119 -0.1062
vn 0.2702 0.9607 0.0636
vn -0.2262 0.9498 0.2160
vn -0.6607 0.6836 0.3101
vn -0.9173 0.2355 0.3211
vn -0.9295 -0.2742 0.2467
vn -0.6953 -0.7107 0.1070
vn -0.2766 -0.9590 -0.0612
vn 0.2166 -0.9526 -0.2134
vn 0.6395 -0.6905 -0.3381
vn 0.8877 -0.2351 -0.3959
vn 0.8944 0.2834 -0.3460
vn 0.6580 0.7252 -0.2028
vn 0.2415 0.9704 -0.0041
vn -0.2408 0.9505 0.1966
vn -0.6547 0.6731 0.3440
vn -0.8903 0.2195 0.3990
vn -0.8917 -0.2875 0.3495
vn -0.6623 -0.7194 0.2093
vn -0.2584 -0.9659 0.0135
vn 0.2182 -0.9577 -0.1874
vn 0.5526 -0.7068 -0.4417
vn 0.7428 -0.2468 -0.6223
vn 0.7223 0.2910 -0.6273
vn 0.4891 0.7466 -0.4511
vn 0.1172 0.9823 -0.1458
vn -0.2770 0.9407 0.1960
vn -0.5877 0.6517 0.4796
vn -0.7444 0.2015 0.6366
vn -0.7146 -0.2964 0.6336
vn -0.5061 -0.7212 0.4730
vn -0.1684 -0.9669 0.1918
vn 0.2170 -0.9658 -0.1420
vn 0.3222 -0.7506 -0.5769
vn 0.3273 -0.3124 -0.8918
vn 0.2327 0.2332 -0.9442
vn 0.0694 0.7039 -0.7069
vn -0.1080 0.9557 -0.2738
vn -0.2525 0.9429 0.2171
vn -0.3317 0.6901 0.6433
vn -0.3274 0.2652 0.9069
vn -0.2411 -0.2267 0.9436
vn -0.0951 -0.6611 0.7443
vn 0.0743 -0.9299 0.3604
vn 0.2266 -0.9669 -0.1170
vn 0.1024 -0.7555 -0.6471
vn -0.0045 -0.3394 -0.9406
vn -0.1083 0.1623 -0.9808
vn -0.1820 0.6209 -0.7625
vn -0.2081 0.9174 -0.3391
vn -0.1805 0.9672 0.1787
vn -0.1068 0.7553 0.6466
vn -0.0070 0.3450 0.9386
vn 0.0942 -0.1526 0.9838
vn 0.1721 -0.6120 0.7719
vn 0.2051 -0.9137 0.3507
vn 0.1804 -0.9685 -0.1718
vn 0.0284 -0.7716 -0.6355
vn -0.0655 -0.3548 -0.9326
vn -0.1416 0.1575 -0.9773
vn -0.1794 0.6262 -0.7587
vn -0.1691 0.9260 -0.3375
vn -0.1137 0.9784 0.1727
vn -0.0283 0.7710 0.6362
vn 0.0647 0.3592 0.9310
vn 0.1405 -0.1485 0.9789
vn 0.1791 -0.6176 0.7658
vn 0.1697 -0.9224 0.3469
vn 0.1145 -0.9794 -0.1664
vn -0.0370 -0.7793 -0.6256
vn -0.1261 -0.3621 -0.9236
vn -0.1811 0.1526 -0.9716
vn -0.1871 0.6252 -0.7577
vn -0.1430 0.9290 -0.3413
vn -0.0608 0.9844 0.1651
vn 0.0374 0.7782 0.6269
vn 0.1256 0.3657 0.9222
vn 0.1806 -0.1443 0.9729
vn 0.1875 -0.6168 0.7645
vn 0.1443 -0.9253 0.3507
vn 0.0621 -0.9854 -0.1584
vn -0.1043 -0.7841 -0.6118
vn -0.1909 -0.3666 -0.9106
vn -0.2257 0.1498 -0.9626
vn -0.1996 0.6248 -0.7549
vn -0.1200 0.9308 -0.3453
vn -0.0086 0.9878 0.1553
vn 0.1048 0.7825 0.6137
vn 0.1905 0.3700 0.9093
vn 0.2257 -0.1409 0.9640
vn 0.2008 -0.6155 0.7621
vn 0.1222 -0.9265 0.3558
vn 0.0105 -0.9890 -0.1475
vn -0.1803 -0.7858 -0.5916
vn -0.2656 -0.3678 -0.8912
vn -0.2788 0.1495 -0.9486
vn -0.2166 0.6253 -0.7497
vn -0.0965 0.9317 -0.3503
vn 0.0489 0.9888 0.1413
vn 0.1811 0.7837 0.5942
vn 0.2653 0.3716 0.8897
vn 0.2793 -0.1392 0.9500
vn 0.2192 -0.6143 0.7580
vn 0.1002 -0.9265 0.3626
vn -0.0461 -0.9902 -0.1318
vn -0.2702 -0.7827 -0.5607
vn -0.3552 -0.3641 -0.8610
vn -0.3434 0.1532 -0.9266
vn -0.2387 0.6274 -0.7412
vn -0.0703 0.9313 -0.3575
vn 0.1162 0.9860 0.1199
vn 0.2714 0.7798 0.5641
vn 0.3549 0.3684 0.8592
vn 0.3449 -0.1407 0.9280
vn 0.2435 -0.6139 0.7509
vn 0.0765 -0.9249 0.3723
vn -0.1117 -0.9878 -0.1082
vn -0.3783 -0.7709 -0.5124
vn -0.4638 -0.3513 -0.8133
vn -0.4224 0.1637 -0.8915
vn -0.2664 0.6324 -0.7274
vn -0.0396 0.9287 -0.3686
vn 0.1966 0.9767 0.0863
vn 0.3802 0.7671 0.5168
vn 0.4637 0.3566 0.8111
vn 0.4256 -0.1481 0.8927
vn 0.2748 -0.6156 0.7386
vn 0.0499 -0.9209 0.3865
vn -0.1896 -0.9792 -0.0719
vn -0.5061 -0.7438 -0.4365
vn -0.5927 -0.3228 -0.7379
vn -0.5163 0.1863 -0.8359
vn -0.2995 0.6421 -0.7056
vn -0.0035 0.9223 -0.3865
vn 0.2916 0.9560 0.0331
vn 0.5088 0.7388 0.4420
vn 0.5929 0.3292 0.7349
vn 0.5223 -0.1670 0.8363
vn 0.3138 -0.6214 0.7179
vn 0.0202 -0.9131 0.4072
vn -0.2806 -0.9597 -0.0158
vn -0.6467 -0.6919 -0.3210
vn -0.7351 -0.2688 -0.6224
vn -0.6200 0.2277 -0.7508
vn -0.3359 0.6589 -0.6731
vn 0.0364 0.9091 -0.4149
vn 0.3961 0.9169 -0.0491
vn 0.6505 0.6853 0.3275
vn 0.7356 0.2765 0.6184
vn 0.6298 -0.2048 0.7492
vn 0.3584 -0.6351 0.6843
vn -0.0107 -0.8996 0.4366
vn -0.3798 -0.9225 0.0684
vn -0.7788 -0.6065 -0.1598
vn -0.8691 -0.1812 -0.4602
vn -0.7175 0.2935 -0.6317
vn -0.3700 0.6841 -0.6286
vn 0.0738 0.8867 -0.4564
vn 0.4942 0.8535 -0.1653
vn 0.7834 0.5986 0.1670
vn 0.8698 0.1898 0.4554
vn 0.7314 -0.2689 0.6266
vn 0.4011 -0.6601 0.6351
vn -0.0387 -0.8792 0.4748
vn -0.4724 -0.8620 0.1840
vn -0.8709 -0.4903 0.0343
vn -0.9625 -0.0632 -0.2636
vn -0.7863 0.3800 -0.4872
vn -0.3957 0.7158 -0.5754
vn 0.0979 0.8558 -0.5079
vn 0.5614 0.7685 -0.3069
vn 0.8759 0.4818 -0.0273
vn 0.9634 0.0717 0.2584
vn 0.8025 -0.3574 0.4778
vn 0.4314 -0.6960 0.5740
vn -0.0579 -0.8529 0.5188
vn -0.5368 -0.7798 0.3219
vn -0.8997 -0.3675 0.2356
vn -0.9966 0.0700 -0.0435
vn -0.8161 0.4878 -0.3099
vn -0.4108 0.7694 -0.4892
vn 0.1038 0.8390 -0.5341
vn 0.5859 0.6831 -0.4360
vn 0.9096 0.3494 -0.2248
vn 0.9965 -0.0720 0.0427
vn 0.8280 -0.4743 0.2990
vn 0.4449 -0.7564 0.4795
vn -0.0594 -0.8423 0.5358
vn -0.5537 -0.7020 0.4480
vn -0.8479 -0.2490 0.4680
vn -0.9389 0.2317 0.2543
vn -0.7603 0.6487 -0.0332
vn -0.3649 0.8782 -0.3091
vn 0.1264 0.8595 -0.4953
vn 0.5747 0.6096 -0.5460
vn 0.8669 0.2049 -0.4544
vn 0.9364 -0.2481 -0.2481
vn 0.7700 -0.6377 0.0201
vn 0.4084 -0.8675 0.2840
vn -0.0615 -0.8765 0.4775
vn -0.5221 -0.6539 0.5475
vn -0.6738 -0.1549 0.7225
vn -0.6982 0.3706 0.6125
vn -0.5186 0.7921 0.3220
vn -0.1898 0.9800 -0.0597
vn 0.1860 0.8897 -0.4171
vn 0.5040 0.5630 -0.6550
vn 0.6870 0.0962 -0.7202
vn 0.6951 -0.3911 -0.6032
vn 0.5292 -0.7794 -0.3353
vn 0.2301 -0.9730 0.0172
vn -0.1298 -0.9207 0.3681
vn -0.4612 -0.6266 0.6282
vn -0.4229 -0.1372 0.8957
vn -0.3370 0.3865 0.8585
vn -0.1551 0.8028 0.5757
vn 0.0699 0.9891 0.1298
vn 0.2734 0.8972 -0.3470
vn 0.4008 0.5640 -0.7220
vn 0.4218 0.0883 -0.9024
vn 0.3348 -0.4051 -0.8507
vn 0.1638 -0.7945 -0.5847
vn -0.0490 -0.9842 -0.1700
vn -0.2514 -0.9227 0.2923
vn -0.3898 -0.6165 0.6841
vn -0.2167 -0.1792 0.9596
vn -0.0373 0.3157 0.9481
vn 0.1528 0.7244 0.6723
vn 0.2998 0.9308 0.2094
vn 0.3634 0.8790 -0.3087
vn 0.3287 0.5894 -0.7380
vn 0.2076 0.1467 -0.9672
vn 0.0337 -0.3301 -0.9433
vn -0.1483 -0.7204 -0.6775
vn -0.2925 -0.9264 -0.2370
vn -0.3616 -0.8928 0.2686
vn -0.3351 -0.6217 0.7080
vn -0.0858 -0.2329 0.9687
vn 0.1601 0.2294 0.9601
vn 0.3626 0.6299 0.6869
vn 0.4649 0.8565 0.2244
vn 0.4394 0.8475 -0.2977
vn 0.2955 0.6092 -0.7359
vn 0.0742 0.2105 -0.9748
vn -0.1653 -0.2409 -0.9564
vn -0.3610 -0.6282 -0.6893
vn -0.4630 -0.8525 -0.2426
vn -0.4441 -0.8544 0.2697
vn -0.3070 -0.6293 0.7139
vn -0.0038 -0.2815 0.9596
vn 0.2937 0.1476 0.9444
vn 0.5115 0.5375 0.6704
vn 0.5889 0.7798 0.2124
vn 0.5052 0.8083 -0.3024
vn 0.2853 0.6180 -0.7326
vn -0.0094 0.2638 -0.9645
vn -0.3000 -0.1581 -0.9407
vn -0.5113 -0.5374 -0.6707
vn -0.5889 -0.7762 -0.2253
vn -0.5120 -0.8118 0.2808
vn -0.2987 -0.6321 0.7150
vn 0.0511 -0.3254 0.9442
vn 0.3944 0.0665 0.9165
vn 0.6309 0.4415 0.6380
vn 0.6944 0.6956 0.1842
vn 0.5679 0.7588 -0.3188
vn 0.2882 0.6162 -0.7330
vn -0.0671 0.3094 -0.9486
vn -0.4027 -0.0775 -0.9120
vn -0.6316 -0.4428 -0.6364
vn -0.6952 -0.6921 -0.1944
vn -0.5763 -0.7603 0.2997
vn -0.3042 -0.6274 0.7168
vn 0.0900 -0.3688 0.9252
vn 0.4788 -0.0240 0.8776
vn 0.7380 0.3288 0.5893
vn 0.7943 0.5915 0.1385
vn 0.6326 0.6912 -0.3493
vn 0.2997 0.6025 -0.7397
vn -0.1115 0.3529 -0.9290
vn -0.4906 0.0114 -0.8713
vn -0.7397 -0.3316 -0.5856
vn -0.7955 -0.5877 -0.1476
vn -0.6435 -0.6907 0.3300
vn -0.3207 -0.6119 0.7230
vn 0.1171 -0.4157 0.9019
vn 0.5521 -0.1374 0.8224
vn 0.8374 0.1805 0.5160
vn 0.8912 0.4488 0.0660
vn 0.6987 0.5924 -0.4013
vn 0.3162 0.5732 -0.7560
vn -0.1483 0.4002 -0.9044
vn -0.5699 0.1229 -0.8125
vn -0.8405 -0.1847 -0.5094
vn -0.8929 -0.4439 -0.0750
vn -0.7137 -0.5885 0.3799
vn -0.3460 -0.5795 0.7378
vn 0.1307 -0.4693 0.8733
vn 0.6044 -0.2892 0.7423
vn 0.9142 -0.0270 0.4043
vn 0.9687 0.2434 -0.0483
vn 0.7523 0.4447 -0.4861
vn 0.3302 0.5220 -0.7864
vn -0.1764 0.4581 -0.8712
vn -0.6311 0.2744 -0.7256
vn -0.9191 0.0211 -0.3934
vn -0.9708 -0.2368 0.0387
vn -0.7732 -0.4346 0.4618
vn -0.3730 -0.5207 0.7680
vn 0.1266 -0.5269 0.8405
vn 0.6055 -0.4812 0.6340
vn 0.9212 -0.3003 0.2476
vn 0.9768 -0.0330 -0.2116
vn 0.7550 0.2426 -0.6092
vn 0.3260 0.4477 -0.8326
vn -0.1844 0.5291 -0.8283
vn -0.6399 0.4711 -0.6072
vn -0.9276 0.2927 -0.2321
vn -0.9787 0.0403 0.2011
vn -0.7805 -0.2230 0.5840
vn -0.3794 -0.4305 0.8189
vn 0.1043 -0.5883 0.8019
vn 0.5313 -0.6767 0.5097
vn 0.8137 -0.5768 0.0722
vn 0.8670 -0.3136 -0.3873
vn 0.6758 0.0372 -0.7362
vn 0.2992 0.3746 -0.8776
vn -0.1531 0.6064 -0.7803
vn -0.5593 0.6760 -0.4798
vn -0.8183 0.5718 -0.0592
vn -0.8689 0.3229 0.3751
vn -0.6985 -0.0092 0.7156
vn -0.3454 -0.3421 0.8739
vn 0.0346 -0.6527 0.7569
vn 0.3572 -0.8490 0.3894
vn 0.5825 -0.8076 -0.0925
vn 0.6417 -0.5352 -0.5493
vn 0.5188 -0.1131 -0.8474
vn 0.2543 0.3348 -0.9073
vn -0.0741 0.6863 -0.7236
vn -0.3792 0.8549 -0.3541
vn -0.5852 0.8043 0.1027
vn -0.6428 0.5506 0.5326
vn -0.5374 0.1561 0.8287
vn -0.2921 -0.2826 0.9137
vn -0.0769 -0.6974 0.7126
vn 0.0944 -0.9537 0.2855
vn 0.2410 -0.9434 -0.2276
vn 0.3193 -0.6630 -0.6772
vn 0.3065 -0.1965 -0.9314
vn 0.2092 0.3175 -0.9249
vn 0.0573 0.7386 -0.6718
vn -0.1076 0.9629 -0.2475
vn -0.2439 0.9404 0.2370
vn -0.3183 0.6799 0.6606
vn -0.3121 0.2455 0.9178
vn -0.2250 -0.2564 0.9400
vn -0.1931 -0.7050 0.6824
vn -0.1698 -0.9598 0.2237
vn -0.0991 -0.9485 -0.3010
vn -0.0001 -0.6707 -0.7418
vn 0.0986 -0.2068 -0.9734
vn 0.1690 0.3094 -0.9358
vn 0.1929 0.7368 -0.6480
vn 0.1661 0.9669 -0.1937
vn 0.0967 0.9467 0.3073
vn 0.0026 0.6845 0.7290
vn -0.0925 0.2454 0.9650
vn -0.1643 -0.2618 0.9510
vn -0.2864 -0.6852 0.6697
vn -0.3668 -0.9078 0.2031
vn -0.3466 -0.8812 -0.3216
vn -0.2302 -0.6107 -0.7576
vn -0.0508 -0.1729 -0.9836
vn 0.1413 0.3094 -0.9404
vn 0.2937 0.7050 -0.6455
vn 0.3675 0.9119 -0.1828
vn 0.3454 0.8803 0.3251
vn 0.2337 0.6208 0.7483
vn 0.0608 0.1987 0.9782
vn -0.1293 -0.2786 0.9517
vn -0.3540 -0.6551 0.6675
vn -0.4989 -0.8427 0.2026
vn -0.5077 -0.8003 -0.3190
vn -0.3774 -0.5385 -0.7534
vn -0.1442 -0.1303 -0.9809
vn 0.1268 0.3113 -0.9418
vn 0.3624 0.6672 -0.6508
vn 0.5008 0.8447 -0.1892
vn 0.5073 0.7999 0.3205
vn 0.3811 0.5459 0.7462
vn 0.1544 0.1478 0.9769
vn -0.1143 -0.2915 0.9497
vn -0.4049 -0.6220 0.6701
vn -0.5904 -0.7795 0.2095
vn -0.6155 -0.7250 -0.3093
vn -0.4727 -0.4728 -0.7436
vn -0.2018 -0.0927 -0.9750
vn 0.1225 0.3110 -0.9425
vn 0.4126 0.6298 -0.6581
vn 0.5923 0.7804 -0.2003
vn 0.6154 0.7250 0.3092
vn 0.4765 0.4788 0.7374
vn 0.2114 0.1055 0.9717
vn -0.1109 -0.2973 0.9483
vn -0.4474 -0.5862 0.6754
vn -0.6600 -0.7186 0.2190
vn -0.6936 -0.6560 -0.2977
vn -0.5386 -0.4150 -0.7333
vn -0.2380 -0.0621 -0.9693
vn 0.1256 0.3063 -0.9436
vn 0.4544 0.5916 -0.6660
vn 0.6616 0.7191 -0.2126
vn 0.6937 0.6564 0.2963
vn 0.5427 0.4204 0.7271
vn 0.2475 0.0725 0.9662
vn -0.1147 -0.2960 0.9483
vn -0.4873 -0.5443 0.6829
vn -0.7195 -0.6552 0.2301
vn -0.7565 -0.5883 -0.2857
vn -0.5880 -0.3616 -0.7236
vn -0.2608 -0.0376 -0.9647
vn 0.1354 0.2953 -0.9458
vn 0.4940 0.5484 -0.6747
vn 0.7208 0.6554 -0.2255
vn 0.7569 0.5892 0.2827
vn 0.5930 0.3672 0.7167
vn 0.2712 0.0472 0.9614
vn -0.1241 -0.2865 0.9500
vn -0.5294 -0.4894 0.6929
vn -0.7771 -0.5806 0.2431
vn -0.8133 -0.5137 -0.2732
vn -0.6284 -0.3072 -0.7146
vn -0.2741 -0.0183 -0.9615
vn 0.1523 0.2743 -0.9495
vn 0.5366 0.4929 -0.6849
vn 0.7781 0.5805 -0.2400
vn 0.8142 0.5151 0.2679
vn 0.6353 0.3136 0.7057
vn 0.2873 0.0281 0.9574
vn -0.1391 -0.2660 0.9539
vn -0.5783 -0.4076 0.7067
vn -0.8392 -0.4780 0.2592
vn -0.8708 -0.4177 -0.2595
vn -0.6646 -0.2434 -0.7064
vn -0.2792 -0.0041 -0.9602
vn 0.1789 0.2350 -0.9554
vn 0.5873 0.4105 -0.6975
vn 0.8400 0.4776 -0.2573
vn 0.8726 0.4196 0.2501
vn 0.6757 0.2511 0.6931
vn 0.2986 0.0150 0.9543
vn -0.1606 -0.2264 0.9607
vn -0.6351 -0.2651 0.7255
vn -0.9091 -0.3098 0.2784
vn -0.9314 -0.2684 -0.2459
vn -0.6969 -0.1532 -0.7006
vn -0.2744 0.0025 -0.9616
vn 0.2178 0.1559 -0.9635
vn 0.6488 0.2670 -0.7126
vn 0.9096 0.3084 -0.2783
vn 0.9354 0.2702 0.2280
vn 0.7178 0.1614 0.6773
vn 0.3086 0.0090 0.9512
vn -0.1872 -0.1476 0.9712
vn -0.6589 -0.1711 0.7325
vn -0.9372 -0.2001 0.2856
vn -0.9550 -0.1733 -0.2407
vn -0.7068 -0.0981 -0.7006
vn -0.2638 0.0035 -0.9646
vn 0.2442 0.1022 -0.9643
vn 0.6790 0.1721 -0.7137
vn 0.9372 0.1980 -0.2873
vn 0.9617 0.1747 0.2112
vn 0.7410 0.1064 0.6630
vn 0.3190 0.0081 0.9477
vn -0.1964 -0.0943 0.9760
vt 0.000000 1.000000
vt 0.016667 1.000000
vt 0.016667 0.916667
vt 0.000000 0.916667
vt 0.000000 0.083333
vt 0.016667 0.083333
vt 0.016667 0.000000
vt 0.000000 0.000000
vt 0.000000 0.166667
vt 0.016667 0.166667
vt 0.000000 0.250000
vt 0.016667 0.250000
vt 0.000000 0.333333
vt 0.016667 0.333333
vt 0.000000 0.416667
vt 0.016667 0.416667
vt 0.000000 0.500000
vt 0.016667 0.500000
vt 0.000000 0.583333
vt 0.016667 0.583333
vt 0.000000 0.666667
vt 0.016667 0.666667
vt 0.000000 0.750000
vt 0.016667 0.750000
vt 0.000000 0.833333
vt 0.016667 0.833333
vt 0.033333 1.000000
vt 0.033333 0.916667
vt 0.033333 0.083333
vt 0.033333 0.000000
vt 0.033333 0.166667
vt 0.033333 0.250000
vt 0.033333 0.333333
vt 0.033333 0.416667
vt 0.033333 0.500000
vt 0.033333 0.583333
vt 0.033333 0.666667
vt 0.033333 0.750000
vt 0.033333 0.833333
vt 0.050000 1.000000
vt 0.050000 0.916667
vt 0.050000 0.083333
vt 0.050000 0.000000
vt 0.050000 0.166667
vt 0.050000 0.250000
vt 0.050000 0.333333
vt 0.050000 0.416667
vt 0.050000 0.500000
vt 0.050000 0.583333
vt 0.050000 0.666667
vt 0.050000 0.750000
vt 0.050000 0.833333
vt 0.066667 1.000000
vt 0.066667 0.916667
vt 0.066667 0.083333
vt 0.066667 0.000000
vt 0.066667 0.166667
vt 0.066667 0.250000
vt 0.066667 0.333333
vt 0.066667 0.416667
vt 0.066667 0.500000
vt 0.066667 0.583333
vt 0.066667 0.666667
vt 0.066667 0.750000
vt 0.066667 0.833333
vt 0.083333 1.000000
vt 0.083333 0.916667
vt 0.083333 0.083333
vt 0.083333 0.000000
vt 0.083333 0.166667
vt 0.083333 0.250000
vt 0.083333 0.333333
vt 0.083333 0.416667
vt 0.083333 0.500000
vt 0.083333 0.583333
vt 0.083333 0.666667
vt 0.083333 0.750000
vt 0.083333 0.833333
vt 0.100000 1.000000
vt 0.100000 0.916667
vt 0.100000 0.083333
vt 0.100000 0.000000
vt 0.100000 0.166667
vt 0.100000 0.250000
vt 0.100000 0.333333
vt 0.100000 0.416667
vt 0.100000 0.500000
vt 0.100000 0.583333
vt 0.100000 0.666667
vt 0.100000 0.750000
vt 0.100000 0.833333
vt 0.116667 1.000000
vt 0.116667 0.916667
vt 0.116667 0.083333
vt 0.116667 0.000000
vt 0.116667 0.166667
vt 0.116667 0.250000
vt 0.116667 0.333333
vt 0.116667 0.416667
vt 0.116667 0.500000
vt 0.116667 0.583333
vt 0.116667 0.666667
vt 0.116667 0.750000
vt 0.116667 0.833333
vt 0.133333 1.000000
vt 0.133333 0.916667
vt 0.133333 0.083333
vt 0.133333 0.000000
vt 0.133333 0.166667
vt 0.133333 0.250000
vt 0.133333 0.333333
vt 0.133333 0.416667
vt 0.133333 0.500000
vt 0.133333 0.583333
vt 0.133333 0.666667
vt 0.133333 0.750000
vt 0.133333 0.833333
vt 0.150000 1.000000
vt 0.150000 0.916667
vt 0.150000 0.083333
vt 0.150000 0.000000
vt 0.150000 0.166667
vt 0.150000 0.250000
vt 0.150000 0.333333
vt 0.150000 0.416667
vt 0.150000 0.500000
vt 0.150000 0.583333
vt 0.150000 0.666667
vt 0.150000 0.750000
vt 0.150000 0.833333
vt 0.166667 1.000000
vt 0.166667 0.916667
vt 0.166667 0.083333
vt 0.166667 0.000000
vt 0.166667 0.166667
vt 0.166667 0.250000
vt 0.166667 0.333333
vt 0.166667 0.416667
vt 0.166667 0.500000
vt 0.166667 0.583333
vt 0.166667 0.666667
vt 0.166667 0.750000
vt 0.166667 0.833333
vt 0.183333 1.000000
vt 0.183333 0.916667
vt 0.183333 0.083333
vt 0.183333 0.000000
vt 0.183333 0.166667
vt 0.183333 0.250000
vt 0.183333 0.333333
vt 0.183333 0.416667
vt 0.183333 0.500000
vt 0.183333 0.583333
vt 0.183333 0.666667
vt 0.183333 0.750000
vt 0.183333 0.833333
vt 0.200000 1.000000
vt 0.200000 0.916667
vt 0.200000 0.083333
vt 0.200000 0.000000
vt 0.200000 0.166667
vt 0.200000 0.250000
vt 0.200000 0.333333
vt 0.200000 0.416667
vt 0.200000 0.500000
vt 0.200000 0.583333
vt 0.200000 0.666667
vt 0.200000 0.750000
vt 0.200000 0.833333
vt 0.216667 1.000000
vt 0.216667 0.916667
vt 0.216667 0.083333
vt 0.216667 0.000000
vt 0.216667 0.166667
vt 0.216667 0.250000
vt 0.216667 0.333333
vt 0.216667 0.416667
vt 0.216667 0.500000
vt 0.216667 0.583333
vt 0.216667 0.666667
vt 0.216667 0.750000
vt 0.216667 0.833333
vt 0.233333 1.000000
vt 0.233333 0.916667
vt 0.233333 0.083333
vt 0.233333 0.000000
vt 0.233333 0.166667
vt 0.233333 0.250000
vt 0.233333 0.333333
vt 0.233333 0.416667
vt 0.233333 0.500000
vt 0.233333 0.583333
vt 0.233333 0.666667
vt 0.233333 0.750000
vt 0.233333 0.833333
vt 0.250000 1.000000
vt 0.250000 0.916667
vt 0.250000 0.083333
vt 0.250000 0.000000
vt 0.250000 0.166667
vt 0.250000 0.250000
vt 0.250000 0.333333
vt 0.250000 0.416667
vt 0.250000 0.500000
vt 0.250000 0.583333
vt 0.250000 0.666667
vt 0.250000 0.750000
vt 0.250000 0.833333
vt 0.266667 1.000000
vt 0.266667 0.916667
vt 0.266667 0.083333
vt 0.266667 0.000000
vt 0.266667 0.166667
vt 0.266667 0.250000
vt 0.266667 0.333333
vt 0.266667 0.416667
vt 0.266667 0.500000
vt 0.266667 0.583333
vt 0.266667 0.666667
vt 0.266667 0.750000
vt 0.266667 0.833333
vt 0.283333 1.000000
vt 0.283333 0.916667
vt 0.283333 0.083333
vt 0.283333 0.000000
vt 0.283333 0.166667
vt 0.283333 0.250000
vt 0.283333 0.333333
vt 0.283333 0.416667
vt 0.283333 0.500000
vt 0.283333 0.583333
vt 0.283333 0.666667
vt 0.283333 0.750000
vt 0.283333 0.833333
vt 0.300000 1.000000
vt 0.300000 0.916667
vt 0.300000 0.083333
vt 0.300000 0.000000
vt 0.300000 0.166667
vt 0.300000 0.250000
vt 0.300000 0.333333
vt 0.300000 0.416667
vt 0.300000 0.500000
vt 0.300000 0.583333
vt 0.300000 0.666667
vt 0.300000 0.750000
vt 0.300000 0.833333
vt 0.316667 1.000000
vt 0.316667 0.916667
vt 0.316667 0.083333
vt 0.316667 0.000000
vt 0.316667 0.166667
vt 0.316667 0.250000
vt 0.316667 0.333333
vt 0.316667 0.416667
vt 0.316667 0.500000
vt 0.316667 0.583333
vt 0.316667 0.666667
vt 0.316667 0.750000
vt 0.316667 0.833333
vt 0.333333 1.000000
vt 0.333333 0.916667
vt 0.333333 0.083333
vt 0.333333 0.000000
vt 0.333333 0.166667
vt 0.333333 0.250000
vt 0.333333 0.333333
vt 0.333333 0.416667
vt 0.333333 0.500000
vt 0.333333 0.583333
vt 0.333333 0.666667
vt 0.333333 0.750000
vt 0.333333 0.833333
vt 0.350000 1.000000
vt 0.350000 0.916667
vt 0.350000 0.083333
vt 0.350000 0.000000
vt 0.350000 0.166667
vt 0.350000 0.250000
vt 0.350000 0.333333
vt 0.350000 0.416667
vt 0.350000 0.500000
vt 0.350000 0.583333
vt 0.350000 0.666667
vt 0.350000 0.750000
vt 0.350000 0.833333
vt 0.366667 1.000000
vt 0.366667 0.916667
vt 0.366667 0.083333
vt 0.366667 0.000000
vt 0.366667 0.166667
vt 0.366667 0.250000
vt 0.366667 0.333333
vt 0.366667 0.416667
vt 0.366667 0.500000
vt 0.366667 0.583333
vt 0.366667 0.666667
vt 0.366667 0.750000
vt 0.366667 0.833333
vt 0.383333 1.000000
vt 0.383333 0.916667
vt 0.383333 0.083333
vt 0.383333 0.000000
vt 0.383333 0.166667
vt 0.383333 0.250000
vt 0.383333 0.333333
vt 0.383333 0.416667
vt 0.383333 0.500000
vt 0.383333 0.583333
vt 0.383333 0.666667
vt 0.383333 0.750000
vt 0.383333 0.833333
vt 0.400000 1.000000
vt 0.400000 0.916667
vt 0.400000 0.083333
vt 0.400000 0.000000
vt 0.400000 0.166667
vt 0.400000 0.250000
vt 0.400000 0.333333
vt 0.400000 0.416667
vt 0.400000 0.500000
vt 0.400000 0.583333
vt 0.400000 0.666667
vt 0.400000 0.750000
vt 0.400000 0.833333
vt 0.416667 1.000000
vt 0.416667 0.916667
vt 0.416667 0.083333
vt 0.416667 0.000000
vt 0.416667 0.166667
vt 0.416667 0.250000
vt 0.416667 0.333333
vt 0.416667 0.416667
vt 0.416667 0.500000
vt 0.416667 0.583333
vt 0.416667 0.666667
vt 0.416667 0.750000
vt 0.416667 0.833333
vt 0.433333 1.000000
vt 0.433333 0.916667
vt 0.433333 0.083333
vt 0.433333 0.000000
vt 0.433333 0.166667
vt 0.433333 0.250000
vt 0.433333 0.333333
vt 0.433333 0.416667
vt 0.433333 0.500000
vt 0.433333 0.583333
vt 0.433333 0.666667
vt 0.433333 0.750000
vt 0.433333 0.833333
vt 0.450000 1.000000
vt 0.450000 0.916667
vt 0.450000 0.083333
vt 0.450000 0.000000
vt 0.450000 0.166667
vt 0.450000 0.250000
vt 0.450000 0.333333
vt 0.450000 0.416667
vt 0.450000 0.500000
vt 0.450000 0.583333
vt 0.450000 0.666667
vt 0.450000 0.750000
vt 0.450000 0.833333
vt 0.466667 1.000000
vt 0.466667 0.916667
vt 0.466667 0.083333
vt 0.466667 0.000000
vt 0.466667 0.166667
vt 0.466667 0.250000
vt 0.466667 0.333333
vt 0.466667 0.416667
vt 0.466667 0.500000
vt 0.466667 0.583333
vt 0.466667 0.666667
vt 0.466667 0.750000
vt 0.466667 0.833333
vt 0.483333 1.000000
vt 0.483333 0.916667
vt 0.483333 0.083333
vt 0.483333 0.000000
vt 0.483333 0.166667
vt 0.483333 0.250000
vt 0.483333 0.333333
vt 0.483333 0.416667
vt 0.483333 0.500000
vt 0.483333 0.583333
vt 0.483333 0.666667
vt 0.483333 0.750000
vt 0.483333 0.833333
vt 0.500000 1.000000
vt 0.500000 0.916667
vt 0.500000 0.083333
vt 0.500000 0.000000
vt 0.500000 0.166667
vt 0.500000 0.250000
vt 0.500000 0.333333
vt 0.500000 0.416667
vt 0.500000 0.500000
vt 0.500000 0.583333
vt 0.500000 0.666667
vt 0.500000 0.750000
vt 0.500000 0.833333
vt 0.516667 1.000000
vt 0.516667 0.916667
vt 0.516667 0.083333
vt 0.516667 0.000000
vt 0.516667 0.166667
vt 0.516667 0.250000
vt 0.516667 0.333333
vt 0.516667 0.416667
vt 0.516667 0.500000
vt 0.516667 0.583333
vt 0.516667 0.666667
vt 0.516667 0.750000
vt 0.516667 0.833333
vt 0.533333 1.000000
vt 0.533333 0.916667
vt 0.533333 0.083333
vt 0.533333 0.000000
vt 0.533333 0.166667
vt 0.533333 0.250000
vt 0.533333 0.333333
vt 0.533333 0.416667
vt 0.533333 0.500000
vt 0.533333 0.583333
vt 0.533333 0.666667
vt 0.533333 0.750000
vt 0.533333 0.833333
vt 0.550000 1.000000
vt 0.550000 0.916667
vt 0.550000 0.083333
vt 0.550000 0.000000
vt 0.550000 0.166667
vt 0.550000 0.250000
vt 0.550000 0.333333
vt 0.550000 0.416667
vt 0.550000 0.500000
vt 0.550000 0.583333
vt 0.550000 0.666667
vt 0.550000 0.750000
vt 0.550000 0.833333
vt 0.566667 1.000000
vt 0.566667 0.916667
vt 0.566667 0.083333
vt 0.566667 0.000000
vt 0.566667 0.166667
vt 0.566667 0.250000
vt 0.566667 0.333333
vt 0.566667 0.416667
vt 0.566667 0.500000
vt 0.566667 0.583333
vt 0.566667 0.666667
vt 0.566667 0.750000
vt 0.566667 0.833333
vt 0.583333 1.000000
vt 0.583333 0.916667
vt 0.583333 0.083333
vt 0.583333 0.000000
vt 0.583333 0.166667
vt 0.583333 0.250000
vt 0.583333 0.333333
vt 0.583333 0.416667
vt 0.583333 0.500000
vt 0.583333 0.583333
vt 0.583333 0.666667
vt 0.583333 0.750000
vt 0.583333 0.833333
vt 0.600000 1.000000
vt 0.600000 0.916667
vt 0.600000 0.083333
vt 0.600000 0.000000
vt 0.600000 0.166667
vt 0.600000 0.250000
vt 0.600000 0.333333
vt 0.600000 0.416667
vt 0.600000 0.500000
vt 0.600000 0.583333
vt 0.600000 0.666667
vt 0.600000 0.750000
vt 0.600000 0.833333
vt 0.616667 1.000000
vt 0.616667 0.916667
vt 0.616667 0.083333
vt 0.616667 0.000000
vt 0.616667 0.166667
vt 0.616667 0.250000
vt 0.616667 0.333333
vt 0.616667 0.416667
vt 0.616667 0.500000
vt 0.616667 0.583333
vt 0.616667 0.666667
vt 0.616667 0.750000
vt 0.616667 0.833333
vt 0.633333 1.000000
vt 0.633333 0.916667
vt 0.633333 0.083333
vt 0.633333 0.000000
vt 0.633333 0.166667
vt 0.633333 0.250000
vt 0.633333 0.333333
vt 0.633333 0.416667
vt 0.633333 0.500000
vt 0.633333 0.583333
vt 0.633333 0.666667
vt 0.633333 0.750000
vt 0.633333 0.833333
vt 0.650000 1.000000
vt 0.650000 0.916667
vt 0.650000 0.083333
vt 0.650000 0.000000
vt 0.650000 0.166667
vt 0.650000 0.250000
vt 0.650000 0.333333
vt 0.650000 0.416667
vt 0.650000 0.500000
vt 0.650000 0.583333
vt 0.650000 0.666667
vt 0.650000 0.750000
vt 0.650000 0.833333
vt 0.666667 1.000000
vt 0.666667 0.916667
vt 0.666667 0.083333
vt 0.666667 0.000000
vt 0.666667 0.166667
vt 0.666667 0.250000
vt 0.666667 0.333333
vt 0.666667 0.416667
vt 0.666667 0.500000
vt 0.666667 0.583333
vt 0.666667 0.666667
vt 0.666667 0.750000
vt 0.666667 0.833333
vt 0.683333 1.000000
vt 0.683333 0.916667
vt 0.683333 0.083333
vt 0.683333 0.000000
vt 0.683333 0.166667
vt 0.683333 0.250000
vt 0.683333 0.333333
vt 0.683333 0.416667
vt 0.683333 0.500000
vt 0.683333 0.583333
vt 0.683333 0.666667
vt 0.683333 0.750000
vt 0.683333 0.833333
vt 0.700000 1.000000
vt 0.700000 0.916667
vt 0.700000 0.083333
vt 0.700000 0.000000
vt 0.700000 0.166667
vt 0.700000 0.250000
vt 0.700000 0.333333
vt 0.700000 0.416667
vt 0.700000 0.500000
vt 0.700000 0.583333
vt 0.700000 0.666667
vt 0.700000 0.750000
vt 0.700000 0.833333
vt 0.716667 1.000000
vt 0.716667 0.916667
vt 0.716667 0.083333
vt 0.716667 0.000000
vt 0.716667 0.166667
vt 0.716667 0.250000
vt 0.716667 0.333333
vt 0.716667 0.416667
vt 0.716667 0.500000
vt 0.716667 0.583333
vt 0.716667 0.666667
vt 0.716667 0.750000
vt 0.716667 0.833333
vt 0.733333 1.000000
vt 0.733333 0.916667
vt 0.733333 0.083333
vt 0.733333 0.000000
vt 0.733333 0.166667
vt 0.733333 0.250000
vt 0.733333 0.333333
vt 0.733333 0.416667
vt 0.733333 0.500000
vt 0.733333 0.583333
vt 0.733333 0.666667
vt 0.733333 0.750000
vt 0.733333 0.833333
vt 0.750000 1.000000
vt 0.750000 0.916667
vt 0.750000 0.083333
vt 0.750000 0.000000
vt 0.750000 0.166667
vt 0.750000 0.250000
vt 0.750000 0.333333
vt 0.750000 0.416667
vt 0.750000 0.500000
vt 0.750000 0.583333
vt 0.750000 0.666667
vt 0.750000 0.750000
vt 0.750000 0.833333
vt 0.766667 1.000000
vt 0.766667 0.916667
vt 0.766667 0.083333
vt 0.766667 0.000000
vt 0.766667 0.166667
vt 0.766667 0.250000
vt 0.766667 0.333333
vt 0.766667 0.416667
vt 0.766667 0.500000
vt 0.766667 0.583333
vt 0.766667 0.666667
vt 0.766667 0.750000
vt 0.766667 0.833333
vt 0.783333 1.000000
vt 0.783333 0.916667
vt 0.783333 0.083333
vt 0.783333 0.000000
vt 0.783333 0.166667
vt 0.783333 0.250000
vt 0.783333 0.333333
vt 0.783333 0.416667
vt 0.783333 0.500000
vt 0.783333 0.583333
vt 0.783333 0.666667
vt 0.783333 0.750000
vt 0.783333 0.833333
vt 0.800000 1.000000
vt 0.800000 0.916667
vt 0.800000 0.083333
vt 0.800000 0.000000
vt 0.800000 0.166667
vt 0.800000 0.250000
vt 0.800000 0.333333
vt 0.800000 0.416667
vt 0.800000 0.500000
vt 0.800000 0.583333
vt 0.800000 0.666667
vt 0.800000 0.750000
vt 0.800000 0.833333
vt 0.816667 1.000000
vt 0.816667 0.916667
vt 0.816667 0.083333
vt 0.816667 0.000000
vt 0.816667 0.166667
vt 0.816667 0.250000
vt 0.816667 0.333333
vt 0.816667 0.416667
vt 0.816667 0.500000
vt 0.816667 0.583333
vt 0.816667 0.666667
vt 0.816667 0.750000
vt 0.816667 0.833333
vt 0.833333 1.000000
vt 0.833333 0.916667
vt 0.833333 0.083333
vt 0.833333 0.000000
vt 0.833333 0.166667
vt 0.833333 0.250000
vt 0.833333 0.333333
vt 0.833333 0.416667
vt 0.833333 0.500000
vt 0.833333 0.583333
vt 0.833333 0.666667
vt 0.833333 0.750000
vt 0.833333 0.833333
vt 0.850000 1.000000
vt 0.850000 0.916667
vt 0.850000 0.083333
vt 0.850000 0.000000
vt 0.850000 0.166667
vt 0.850000 0.250000
vt 0.850000 0.333333
vt 0.850000 0.416667
vt 0.850000 0.500000
vt 0.850000 0.583333
vt 0.850000 0.666667
vt 0.850000 0.750000
vt 0.850000 0.833333
vt 0.866667 1.000000
vt 0.866667 0.916667
vt 0.866667 0.083333
vt 0.866667 0.000000
vt 0.866667 0.166667
vt 0.866667 0.250000
vt 0.866667 0.333333
vt 0.866667 0.416667
vt 0.866667 0.500000
vt 0.866667 0.583333
vt 0.866667 0.666667
vt 0.866667 0.750000
vt 0.866667 0.833333
vt 0.883333 1.000000
vt 0.883333 0.916667
vt 0.883333 0.083333
vt 0.883333 0.000000
vt 0.883333 0.166667
vt 0.883333 0.250000
vt 0.883333 0.333333
vt 0.883333 0.416667
vt 0.883333 0.500000
vt 0.883333 0.583333
vt 0.883333 0.666667
vt 0.883333 0.750000
vt 0.883333 0.833333
vt 0.900000 1.000000
vt 0.900000 0.916667
vt 0.900000 0.083333
vt 0.900000 0.000000
vt 0.900000 0.166667
vt 0.900000 0.250000
vt 0.900000 0.333333
vt 0.900000 0.416667
vt 0.900000 0.500000
vt 0.900000 0.583333
vt 0.900000 0.666667
vt 0.900000 0.750000
vt 0.900000 0.833333
vt 0.916667 1.000000
vt 0.916667 0.916667
vt 0.916667 0.083333
vt 0.916667 0.000000
vt 0.916667 0.166667
vt 0.916667 0.250000
vt 0.916667 0.333333
vt 0.916667 0.416667
vt 0.916667 0.500000
vt 0.916667 0.583333
vt 0.916667 0.666667
vt 0.916667 0.750000
vt 0.916667 0.833333
vt 0.933333 1.000000
vt 0.933333 0.916667
vt 0.933333 0.083333
vt 0.933333 0.000000
vt 0.933333 0.166667
vt 0.933333 0.250000
vt 0.933333 0.333333
vt 0.933333 0.416667
vt 0.933333 0.500000
vt 0.933333 0.583333
vt 0.933333 0.666667
vt 0.933333 0.750000
vt 0.933333 0.833333
vt 0.950000 1.000000
vt 0.950000 0.916667
vt 0.950000 0.083333
vt 0.950000 0.000000
vt 0.950000 0.166667
vt 0.950000 0.250000
vt 0.950000 0.333333
vt 0.950000 0.416667
vt 0.950000 0.500000
vt 0.950000 0.583333
vt 0.950000 0.666667
vt 0.950000 0.750000
vt 0.950000 0.833333
vt 0.966667 1.000000
vt 0.966667 0.916667
vt 0.966667 0.083333
vt 0.966667 0.000000
vt 0.966667 0.166667
vt 0.966667 0.250000
vt 0.966667 0.333333
vt 0.966667 0.416667
vt 0.966667 0.500000
vt 0.966667 0.583333
vt 0.966667 0.666667
vt 0.966667 0.750000
vt 0.966667 0.833333
vt 0.983333 1.000000
vt 0.983333 0.916667
vt 0.983333 0.083333
vt 0.983333 0.000000
vt 0.983333 0.166667
vt 0.983333 0.250000
vt 0.983333 0.333333
vt 0.983333 0.416667
vt 0.983333 0.500000
vt 0.983333 0.583333
vt 0.983333 0.666667
vt 0.983333 0.750000
vt 0.983333 0.833333
vt 1.000000 1.000000
vt 1.000000 0.916667
vt 1.000000 0.083333
vt 1.000000 0.000000
vt 1.000000 0.166667
vt 1.000000 0.250000
vt 1.000000 0.333333
vt 1.000000 0.416667
vt 1.000000 0.500000
vt 1.000000 0.583333
vt 1.000000 0.666667
vt 1.000000 0.750000
vt 1.000000 0.833333
s 1
f 733/794/733 745/795/745 756/796/756 744/797/744
f 734/798/734 746/799/746 745/800/745 733/801/733
f 735/802/735 747/803/747 746/799/746 734/798/734
f 736/804/736 748/805/748 747/803/747 735/802/735
f 737/806/737 749/807/749 748/805/748 736/804/736
f 738/808/738 750/809/750 749/807/749 737/806/737
f 739/810/739 751/811/751 750/809/750 738/808/738
f 740/812/740 752/813/752 751/811/751 739/810/739
f 741/814/741 753/815/753 752/813/752 740/812/740
f 742/816/742 754/817/754 753/815/753 741/814/741
f 743/818/743 755/819/755 754/817/754 742/816/742
f 744/797/744 756/796/756 755/819/755 743/818/743
f 745/795/745 757/820/757 768/821/768 756/796/756
f 746/799/746 758/822/758 757/823/757 745/800/745
f 747/803/747 759/824/759 758/822/758 746/799/746
f 748/805/748 760/825/760 759/824/759 747/803/747
f 749/807/749 761/826/761 760/825/760 748/805/748
f 750/809/750 762/827/762 761/826/761 749/807/749
f 751/811/751 763/828/763 762/827/762 750/809/750
f 752/813/752 764/829/764 763/828/763 751/811/751
f 753/815/753 765/830/765 764/829/764 752/813/752
f 754/817/754 766/831/766 765/830/765 753/815/753
f 755/819/755 767/832/767 766/831/766 754/817/754
f 756/796/756 768/821/768 767/832/767 755/819/755
f 757/820/757 769/833/769 780/834/780 768/821/768
f 758/822/758 770/835/770 769/836/769 757/823/757
f 759/824/759 771/837/771 770/835/770 758/822/758
f 760/825/760 772/838/772 771/837/771 759/824/759
f 761/826/761 773/839/773 772/838/772 760/825/760
f 762/827/762 774/840/774 773/839/773 761/826/761
f 763/828/763 775/841/775 774/840/774 762/827/762
f 764/829/764 776/842/776 775/841/775 763/828/763
f 765/830/765 777/843/777 776/842/776 764/829/764
f 766/831/766 778/844/778 777/843/777 765/830/765
f 767/832/767 779/845/779 778/844/778 766/831/766
f 768/821/768 780/834/780 779/845/779 767/832/767
f 769/833/769 781/846/781 792/847/792 780/834/780
f 770/835/770 782/848/782 781/849/781 769/836/769
f 771/837/771 783/850/783 782/848/782 770/835/770
f 772/838/772 784/851/784 783/850/783 771/837/771
f 773/839/773 785/852/785 784/851/784 772/838/772
f 774/840/774 786/853/786 785/852/785 773/839/773
f 775/841/775 787/854/787 786/853/786 774/840/774
f 776/842/776 788/855/788 787/854/787 775/841/775
f 777/843/777 789/856/789 788/855/788 776/842/776
f 778/844/778 790/857/790 789/856/789 777/843/777
f 779/845/779 791/858/791 790/857/790 778/844/778
f 780/834/780 792/847/792 791/858/791 779/845/779
f 781/846/781 793/859/793 804/860/804 792/847/792
f 782/848/782 794/861/794 793/862/793 781/849/781
f 783/850/783 795/863/795 794/861/794 782/848/782
f 784/851/784 796/864/796 795/863/795 783/850/783
f 785/852/785 797/865/797 796/864/796 784/851/784
f 786/853/786 798/866/798 797/865/797 785/852/785
f 787/854/787 799/867/799 798/866/798 786/853/786
f 788/855/788 800/868/800 799/867/799 787/854/787
f 789/856/789 801/869/801 800/868/800 788/855/788
f 790/857/790 802/870/802 801/869/801 789/856/789
f 791/858/791 803/871/803 802/870/802 790/857/790
f 792/847/792 804/860/804 803/871/803 791/858/791
f 793/859/793 805/872/805 816/873/816 804/860/804
f 794/861/794 806/874/806 805/875/805 793/862/793
f 795/863/795 807/876/807 806/874/806 794/861/794
f 796/864/796 808/877/808 807/876/807 795/863/795
f 797/865/797 809/878/809 808/877/808 796/864/796
f 798/866/798 810/879/810 809/878/809 797/865/797
f 799/867/799 811/880/811 810/879/810 798/866/798
f 800/868/800 812/881/812 811/880/811 799/867/799
f 801/869/801 813/882/813 812/881/812 800/868/800
f 802/870/802 814/883/814 813/882/813 801/869/801
f 803/871/803 815/884/815 814/883/814 802/870/802
f 804/860/804 816/873/816 815/884/815 803/871/803
f 805/872/805 817/885/817 828/886/828 816/873/816
f 806/874/806 818/887/818 817/888/817 805/875/805
f 807/876/807 819/889/819 818/887/818 806/874/806
f 808/877/808 820/890/820 819/889/819 807/876/807
f 809/878/809 821/891/821 820/890/820 808/877/808
f 810/879/810 822/892/822 821/891/821 809/878/809
f 811/880/811 823/893/823 822/892/822 810/879/810
f 812/881/812 824/894/824 823/893/823 811/880/811
f 813/882/813 825/895/825 824/894/824 812/881/812
f 814/883/814 826/896/826 825/895/825 813/882/813
f 815/884/815 827/897/827 826/896/826 814/883/814
f 816/873/816 828/886/828 827/897/827 815/884/815
f 817/885/817 829/898/829 840/899/840 828/886/828
f 818/887/818 830/900/830 829/901/829 817/888/817
f 819/889/819 831/902/831 830/900/830 818/887/818
f 820/890/820 832/903/832 831/902/831 819/889/819
f 821/891/821 833/904/833 832/903/832 820/890/820
f 822/892/822 834/905/834 833/904/833 821/891/821
f 823/893/823 835/906/835 834/905/834 822/892/822
f 824/894/824 836/907/836 835/906/835 823/893/823
f 825/895/825 837/908/837 836/907/836 824/894/824
f 826/896/826 838/909/838 837/908/837 825/895/825
f 827/897/827 839/910/839 838/909/838 826/896/826
f 828/886/828 840/899/840 839/910/839 827/897/827
f 829/898/829 841/911/841 852/912/852 840/899/840
f 830/900/830 842/913/842 841/914/841 829/901/829
f 831/902/831 843/915/843 842/913/842 830/900/830
f 832/903/832 844/916/844 843/915/843 831/902/831
f 833/904/833 845/917/845 844/916/844 832/903/832
f 834/905/834 846/918/846 845/917/845 833/904/833
f 835/906/835 847/919/847 846/918/846 834/905/834
f 836/907/836 848/920/848 847/919/847 835/906/835
f 837/908/837 849/921/849 848/920/848 836/907/836
f 838/909/838 850/922/850 849/921/849 837/908/837
f 839/910/839 851/923/851 850/922/850 838/909/838
f 840/899/840 852/912/852 851/923/851 839/910/839
f 841/911/841 853/924/853 864/925/864 852/912/852
f 842/913/842 854/926/854 853/927/853 841/914/841
f 843/915/843 855/928/855 854/926/854 842/913/842
f 844/916/844 856/929/856 855/928/855 843/915/843
f 845/917/845 857/930/857 856/929/856 844/916/844
f 846/918/846 858/931/858 857/930/857 845/917/845
f 847/919/847 859/932/859 858/931/858 846/918/846
f 848/920/848 860/933/860 859/932/859 847/919/847
f 849/921/849 861/934/861 860/933/860 848/920/848
f 850/922/850 862/935/862 861/934/861 849/921/849
f 851/923/851 863/936/863 862/935/862 850/922/850
f 852/912/852 864/925/864 863/936/863 851/923/851
f 853/924/853 865/937/865 876/938/876 864/925/864
f 854/926/854 866/939/866 865/940/865 853/927/853
f 855/928/855 867/941/867 866/939/866 854/926/854
f 856/929/856 868/942/868 867/941/867 855/928/855
f 857/930/857 869/943/869 868/942/868 856/929/856
f 858/931/858 870/944/870 869/943/869 857/930/857
f 859/932/859 871/945/871 870/944/870 858/931/858
f 860/933/860 872/946/872 871/945/871 859/932/859
f 861/934/861 873/947/873 872/946/872 860/933/860
f 862/935/862 874/948/874 873/947/873 861/934/861
f 863/936/863 875/949/875 874/948/874 862/935/862
f 864/925/864 876/938/876 875/949/875 863/936/863
f 865/937/865 877/950/877 888/951/888 876/938/876
f 866/939/866 878/952/878 877/953/877 865/940/865
f 867/941/867 879/954/879 878/952/878 866/939/866
f 868/942/868 880/955/880 879/954/879 867/941/867
f 869/943/869 881/956/881 880/955/880 868/942/868
f 870/944/870 882/957/882 881/956/881 869/943/869
f 871/945/871 883/958/883 882/957/882 870/944/870
f 872/946/872 884/959/884 883/958/883 871/945/871
f 873/947/873 885/960/885 884/959/884 872/946/872
f 874/948/874 886/961/886 885/960/885 873/947/873
f 875/949/875 887/962/887 886/961/886 874/948/874
f 876/938/876 888/951/888 887/962/887 875/949/875
f 877/950/877 889/963/889 900/964/900 888/951/888
f 878/952/878 890/965/890 889/966/889 877/953/877
f 879/954/879 891/967/891 890/965/890 878/952/878
f 880/955/880 892/968/892 891/967/891 879/954/879
f 881/956/881 893/969/893 892/968/892 880/955/880
f 882/957/882 894/970/894 893/969/893 881/956/881
f 883/958/883 895/971/895 894/970/894 882/957/882
f 884/959/884 896/972/896 895/971/895 883/958/883
f 885/960/885 897/973/897 896/972/896 884/959/884
f 886/961/886 898/974/898 897/973/897 885/960/885
f 887/962/887 899/975/899 898/974/898 886/961/886
f 888/951/888 900/964/900 899/975/899 887/962/887
f 889/963/889 901/976/901 912/977/912 900/964/900
f 890/965/890 902/978/902 901/979/901 889/966/889
f 891/967/891 903/980/903 902/978/902 890/965/890
f 892/968/892 904/981/904 903/980/903 891/967/891
f 893/969/893 905/982/905 904/981/904 892/968/892
f 894/970/894 906/983/906 905/982/905 893/969/893
f 895/971/895 907/984/907 906/983/906 894/970/894
f 896/972/896 908/985/908 907/984/907 895/971/895
f 897/973/897 909/986/909 908/985/908 896/972/896
f 898/974/898 910/987/910 909/986/909 897/973/897
f 899/975/899 911/988/911 910/987/910 898/974/898
f 900/964/900 912/977/912 911/988/911 899/975/899
f 901/976/901 913/989/913 924/990/924 912/977/912
f 902/978/902 914/991/914 913/992/913 901/979/901
f 903/980/903 915/993/915 914/991/914 902/978/902
f 904/981/904 916/994/916 915/993/915 903/980/903
f 905/982/905 917/995/917 916/994/916 904/981/904
f 906/983/906 918/996/918 917/995/917 905/982/905
f 907/984/907 919/997/919 918/996/918 906/983/906
f 908/985/908 920/998/920 919/997/919 907/984/907
f 909/986/909 921/999/921 920/998/920 908/985/908
f 910/987/910 922/1000/922 921/999/921 909/986/909
f 911/988/911 923/1001/923 922/1000/922 910/987/910
f 912/977/912 924/990/924 923/1001/923 911/988/911
f 913/989/913 925/1002/925 936/1003/936 924/990/924
f 914/991/914 926/1004/926 925/1005/925 913/992/913
f 915/993/915 927/1006/927 926/1004/926 914/991/914
f 916/994/916 928/1007/928 927/1006/927 915/993/915
f 917/995/917 929/1008/929 928/1007/928 916/994/916
f 918/996/918 930/1009/930 929/1008/929 917/995/917
f 919/997/919 931/1010/931 930/1009/930 918/996/918
f 920/998/920 932/1011/932 931/1010/931 919/997/919
f 921/999/921 933/1012/933 932/1011/932 920/998/920
f 922/1000/922 934/1013/934 933/1012/933 921/999/921
f 923/1001/923 935/1014/935 934/1013/934 922/1000/922
f 924/990/924 936/1003/936 935/1014/935 923/1001/923
f 925/1002/925 937/1015/937 948/1016/948 936/1003/936
f 926/1004/926 938/1017/938 937/1018/937 925/1005/925
f 927/1006/927 939/1019/939 938/1017/938 926/1004/926
f 928/1007/928 940/1020/940 939/1019/939 927/1006/927
f 929/1008/929 941/1021/941 940/1020/940 928/1007/928
f 930/1009/930 942/1022/942 941/1021/941 929/1008/929
f 931/1010/931 943/1023/943 942/1022/942 930/1009/930
f 932/1011/932 944/1024/944 943/1023/943 931/1010/931
f 933/1012/933 945/1025/945 944/1024/944 932/1011/932
f 934/1013/934 946/1026/946 945/1025/945 933/1012/933
f 935/1014/935 947/1027/947 946/1026/946 934/1013/934
f 936/1003/936 948/1016/948 947/1027/947 935/1014/935
f 937/1015/937 949/1028/949 960/1029/960 948/1016/948
f 938/1017/938 950/1030/950 949/1031/949 937/1018/937
f 939/1019/939 951/1032/951 950/1030/950 938/1017/938
f 940/1020/940 952/1033/952 951/1032/951 939/1019/939
f 941/1021/941 953/1034/953 952/1033/952 940/1020/940
f 942/1022/942 954/1035/954 953/1034/953 941/1021/941
f 943/1023/943 955/1036/955 954/1035/954 942/1022/942
f 944/1024/944 956/1037/956 955/1036/955 943/1023/943
f 945/1025/945 957/1038/957 956/1037/956 944/1024/944
f 946/1026/946 958/1039/958 957/1038/957 945/1025/945
f 947/1027/947 959/1040/959 958/1039/958 946/1026/946
f 948/1016/948 960/1029/960 959/1040/959 947/1027/947
f 949/1028/949 961/1041/961 972/1042/972 960/1029/960
f 950/1030/950 962/1043/962 961/1044/961 949/1031/949
f 951/1032/951 963/1045/963 962/1043/962 950/1030/950
f 952/1033/952 964/1046/964 963/1045/963 951/1032/951
f 953/1034/953 965/1047/965 964/1046/964 952/1033/952
f 954/1035/954 966/1048/966 965/1047/965 953/1034/953
f 955/1036/955 967/1049/967 966/1048/966 954/1035/954
f 956/1037/956 968/1050/968 967/1049/967 955/1036/955
f 957/1038/957 969/1051/969 968/1050/968 956/1037/956
f 958/1039/958 970/1052/970 969/1051/969 957/1038/957
f 959/1040/959 971/1053/971 970/1052/970 958/1039/958
f 960/1029/960 972/1042/972 971/1053/971 959/1040/959
f 961/1041/961 973/1054/973 984/1055/984 972/1042/972
f 962/1043/962 974/1056/974 973/1057/973 961/1044/961
f 963/1045/963 975/1058/975 974/1056/974 962/1043/962
f 964/1046/964 976/1059/976 975/1058/975 963/1045/963
f 965/1047/965 977/1060/977 976/1059/976 964/1046/964
f 966/1048/966 978/1061/978 977/1060/977 965/1047/965
f 967/1049/967 979/1062/979 978/1061/978 966/1048/966
f 968/1050/968 980/1063/980 979/1062/979 967/1049/967
f 969/1051/969 981/1064/981 980/1063/980 968/1050/968
f 970/1052/970 982/1065/982 981/1064/981 969/1051/969
f 971/1053/971 983/1066/983 982/1065/982 970/1052/970
f 972/1042/972 984/1055/984 983/1066/983 971/1053/971
f 973/1054/973 985/1067/985 996/1068/996 984/1055/984
f 974/1056/974 986/1069/986 985/1070/985 973/1057/973
f 975/1058/975 987/1071/987 986/1069/986 974/1056/974
f 976/1059/976 988/1072/988 987/1071/987 975/1058/975
f 977/1060/977 989/1073/989 988/1072/988 976/1059/976
f 978/1061/978 990/1074/990 989/1073/989 977/1060/977
f 979/1062/979 991/1075/991 990/1074/990 978/1061/978
f 980/1063/980 992/1076/992 991/1075/991 979/1062/979
f 981/1064/981 993/1077/993 992/1076/992 980/1063/980
f 982/1065/982 994/1078/994 993/1077/993 981/1064/981
f 983/1066/983 995/1079/995 994/1078/994 982/1065/982
f 984/1055/984 996/1068/996 995/1079/995 983/1066/983
f 985/1067/985 997/1080/997 1008/1081/1008 996/1068/996
f 986/1069/986 998/1082/998 997/1083/997 985/1070/985
f 987/1071/987 999/1084/999 998/1082/998 986/1069/986
f 988/1072/988 1000/1085/1000 999/1084/999 987/1071/987
f 989/1073/989 1001/1086/1001 1000/1085/1000 988/1072/988
f 990/1074/990 1002/1087/1002 1001/1086/1001 989/1073/989
f 991/1075/991 1003/1088/1003 1002/1087/1002 990/1074/990
f 992/1076/992 1004/1089/1004 1003/1088/1003 991/1075/991
f 993/1077/993 1005/1090/1005 1004/1089/1004 992/1076/992
f 994/1078/994 1006/1091/1006 1005/1090/1005 993/1077/993
f 995/1079/995 1007/1092/1007 1006/1091/1006 994/1078/994
f 996/1068/996 1008/1081/1008 1007/1092/1007 995/1079/995
f 997/1080/997 1009/1093/1009 1020/1094/1020 1008/1081/1008
f 998/1082/998 1010/1095/1010 1009/1096/1009 997/1083/997
f 999/1084/999 1011/1097/1011 1010/1095/1010 998/1082/998
f 1000/1085/1000 1012/1098/1012 1011/1097/1011 999/1084/999
f 1001/1086/1001 1013/1099/1013 1012/1098/1012 1000/1085/1000
f 1002/1087/1002 1014/1100/1014 1013/1099/1013 1001/1086/1001
f 1003/1088/1003 1015/1101/1015 1014/1100/1014 1002/1087/1002
f 1004/1089/1004 1016/1102/1016 1015/1101/1015 1003/1088/1003
f 1005/1090/1005 1017/1103/1017 1016/1102/1016 1004/1089/1004
f 1006/1091/1006 1018/1104/1018 1017/1103/1017 1005/1090/1005
f 1007/1092/1007 1019/1105/1019 1018/1104/1018 1006/1091/1006
f 1008/1081/1008 1020/1094/1020 1019/1105/1019 1007/1092/1007
f 1009/1093/1009 1021/1106/1021 1032/1107/1032 1020/1094/1020
f 1010/1095/1010 1022/1108/1022 1021/1109/1021 1009/1096/1009
f 1011/1097/1011 1023/1110/1023 1022/1108/1022 1010/1095/1010
f 1012/1098/1012 1024/1111/1024 1023/1110/1023 1011/1097/1011
f 1013/1099/1013 1025/1112/1025 1024/1111/1024 1012/1098/1012
f 1014/1100/1014 1026/1113/1026 1025/1112/1025 1013/1099/1013
f 1015/1101/1015 1027/1114/1027 1026/1113/1026 1014/1100/1014
f 1016/1102/1016 1028/1115/1028 1027/1114/1027 1015/1101/1015
f 1017/1103/1017 1029/1116/1029 1028/1115/1028 1016/1102/1016
f 1018/1104/1018 1030/1117/1030 1029/1116/1029 1017/1103/1017
f 1019/1105/1019 1031/1118/1031 1030/1117/1030 1018/1104/1018
f 1020/1094/1020 1032/1107/1032 1031/1118/1031 1019/1105/1019
f 1021/1106/1021 1033/1119/1033 1044/1120/1044 1032/1107/1032
f 1022/1108/1022 1034/1121/1034 1033/1122/1033 1021/1109/1021
f 1023/1110/1023 1035/1123/1035 1034/1121/1034 1022/1108/1022
f 1024/1111/1024 1036/1124/1036 1035/1123/1035 1023/1110/1023
f 1025/1112/1025 1037/1125/1037 1036/1124/1036 1024/1111/1024
f 1026/1113/1026 1038/1126/1038 1037/1125/1037 1025/1112/1025
f 1027/1114/1027 1039/1127/1039 1038/1126/1038 1026/1113/1026
f 1028/1115/1028 1040/1128/1040 1039/1127/1039 1027/1114/1027
f 1029/1116/1029 1041/1129/1041 1040/1128/1040 1028/1115/1028
f 1030/1117/1030 1042/1130/1042 1041/1129/1041 1029/1116/1029
f 1031/1118/1031 1043/1131/1043 1042/1130/1042 1030/1117/1030
f 1032/1107/1032 1044/1120/1044 1043/1131/1043 1031/1118/1031
f 1033/1119/1033 1045/1132/1045 1056/1133/1056 1044/1120/1044
f 1034/1121/1034 1046/1134/1046 1045/1135/1045 1033/1122/1033
f 1035/1123/1035 1047/1136/1047 1046/1134/1046 1034/1121/1034
f 1036/1124/1036 1048/1137/1048 1047/1136/1047 1035/1123/1035
f 1037/1125/1037 1049/1138/1049 1048/1137/1048 1036/1124/1036
f 1038/1126/1038 1050/1139/1050 1049/1138/1049 1037/1125/1037
f 1039/1127/1039 1051/1140/1051 1050/1139/1050 1038/1126/1038
f 1040/1128/1040 1052/1141/1052 1051/1140/1051 1039/1127/1039
f 1041/1129/1041 1053/1142/1053 1052/1141/1052 1040/1128/1040
f 1042/1130/1042 1054/1143/1054 1053/1142/1053 1041/1129/1041
f 1043/1131/1043 1055/1144/1055 1054/1143/1054 1042/1130/1042
f 1044/1120/1044 1056/1133/1056 1055/1144/1055 1043/1131/1043
f 1045/1132/1045 1057/1145/1057 1068/1146/1068 1056/1133/1056
f 1046/1134/1046 1058/1147/1058 1057/1148/1057 1045/1135/1045
f 1047/1136/1047 1059/1149/1059 1058/1147/1058 1046/1134/1046
f 1048/1137/1048 1060/1150/1060 1059/1149/1059 1047/1136/1047
f 1049/1138/1049 1061/1151/1061 1060/1150/1060 1048/1137/1048
f 1050/1139/1050 1062/1152/1062 1061/1151/1061 1049/1138/1049
f 1051/1140/1051 1063/1153/1063 1062/1152/1062 1050/1139/1050
f 1052/1141/1052 1064/1154/1064 1063/1153/1063 1051/1140/1051
f 1053/1142/1053 1065/1155/1065 1064/1154/1064 1052/1141/1052
f 1054/1143/1054 1066/1156/1066 1065/1155/1065 1053/1142/1053
f 1055/1144/1055 1067/1157/1067 1066/1156/1066 1054/1143/1054
f 1056/1133/1056 1068/1146/1068 1067/1157/1067 1055/1144/1055
f 1057/1145/1057 1069/1158/1069 1080/1159/1080 1068/1146/1068
f 1058/1147/1058 1070/1160/1070 1069/1161/1069 1057/1148/1057
f 1059/1149/1059 1071/1162/1071 1070/1160/1070 1058/1147/1058
f 1060/1150/1060 1072/1163/1072 1071/1162/1071 1059/1149/1059
f 1061/1151/1061 1073/1164/1073 1072/1163/1072 1060/1150/1060
f 1062/1152/1062 1074/1165/1074 1073/1164/1073 1061/1151/1061
f 1063/1153/1063 1075/1166/1075 1074/1165/1074 1062/1152/1062
f 1064/1154/1064 1076/1167/1076 1075/1166/1075 1063/1153/1063
f 1065/1155/1065 1077/1168/1077 1076/1167/1076 1064/1154/1064
f 1066/1156/1066 1078/1169/1078 1077/1168/1077 1065/1155/1065
f 1067/1157/1067 1079/1170/1079 1078/1169/1078 1066/1156/1066
f 1068/1146/1068 1080/1159/1080 1079/1170/1079 1067/1157/1067
f 1069/1158/1069 1081/1171/1081 1092/1172/1092 1080/1159/1080
f 1070/1160/1070 1082/1173/1082 1081/1174/1081 1069/1161/1069
f 1071/1162/1071 1083/1175/1083 1082/1173/1082 1070/1160/1070
f 1072/1163/1072 1084/1176/1084 1083/1175/1083 1071/1162/1071
f 1073/1164/1073 1085/1177/1085 1084/1176/1084 1072/1163/1072
f 1074/1165/1074 1086/1178/1086 1085/1177/1085 1073/1164/1073
f 1075/1166/1075 1087/1179/1087 1086/1178/1086 1074/1165/1074
f 1076/1167/1076 1088/1180/1088 1087/1179/1087 1075/1166/1075
f 1077/1168/1077 1089/1181/1089 1088/1180/1088 1076/1167/1076
f 1078/1169/1078 1090/1182/1090 1089/1181/1089 1077/1168/1077
f 1079/1170/1079 1091/1183/1091 1090/1182/1090 1078/1169/1078
f 1080/1159/1080 1092/1172/1092 1091/1183/1091 1079/1170/1079
f 1081/1171/1081 1093/1184/1093 1104/1185/1104 1092/1172/1092
f 1082/1173/1082 1094/1186/1094 1093/1187/1093 1081/1174/1081
f 1083/1175/1083 1095/1188/1095 1094/1186/1094 1082/1173/1082
f 1084/1176/1084 1096/1189/1096 1095/1188/1095 1083/1175/1083
f 1085/1177/1085 1097/1190/1097 1096/1189/1096 1084/1176/1084
f 1086/1178/1086 1098/1191/1098 1097/1190/1097 1085/1177/1085
f 1087/1179/1087 1099/1192/1099 1098/1191/1098 1086/1178/1086
f 1088/1180/1088 1100/1193/1100 1099/1192/1099 1087/1179/1087
f 1089/1181/1089 1101/1194/1101 1100/1193/1100 1088/1180/1088
f 1090/1182/1090 1102/1195/1102 1101/1194/1101 1089/1181/1089
f 1091/1183/1091 1103/1196/1103 1102/1195/1102 1090/1182/1090
f 1092/1172/1092 1104/1185/1104 1103/1196/1103 1091/1183/1091
f 1093/1184/1093 1105/1197/1105 1116/1198/1116 1104/1185/1104
f 1094/1186/1094 1106/1199/1106 1105/1200/1105 1093/1187/1093
f 1095/1188/1095 1107/1201/1107 1106/1199/1106 1094/1186/1094
f 1096/1189/1096 1108/1202/1108 1107/1201/1107 1095/1188/1095
f 1097/1190/1097 1109/1203/1109 1108/1202/1108 1096/1189/1096
f 1098/1191/1098 1110/1204/1110 1109/1203/1109 1097/1190/1097
f 1099/1192/1099 1111/1205/1111 1110/1204/1110 1098/1191/1098
f 1100/1193/1100 1112/1206/1112 1111/1205/1111 1099/1192/1099
f 1101/1194/1101 1113/1207/1113 1112/1206/1112 1100/1193/1100
f 1102/1195/1102 1114/1208/1114 1113/1207/1113 1101/1194/1101
f 1103/1196/1103 1115/1209/1115 1114/1208/1114 1102/1195/1102
f 1104/1185/1104 1116/1198/1116 1115/1209/1115 1103/1196/1103
f 1105/1197/1105 1117/1210/1117 1128/1211/1128 1116/1198/1116
f 1106/1199/1106 1118/1212/1118 1117/1213/1117 1105/1200/1105
f 1107/1201/1107 1119/1214/1119 1118/1212/1118 1106/1199/1106
f 1108/1202/1108 1120/1215/1120 1119/1214/1119 1107/1201/1107
f 1109/1203/1109 1121/1216/1121 1120/1215/1120 1108/1202/1108
f 1110/1204/1110 1122/1217/1122 1121/1216/1121 1109/1203/1109
f 1111/1205/1111 1123/1218/1123 1122/1217/1122 1110/1204/1110
f 1112/1206/1112 1124/1219/1124 1123/1218/1123 1111/1205/1111
f 1113/1207/1113 1125/1220/1125 1124/1219/1124 1112/1206/1112
f 1114/1208/1114 1126/1221/1126 1125/1220/1125 1113/1207/1113
f 1115/1209/1115 1127/1222/1127 1126/1221/1126 1114/1208/1114
f 1116/1198/1116 1128/1211/1128 1127/1222/1127 1115/1209/1115
f 1117/1210/1117 1129/1223/1129 1140/1224/1140 1128/1211/1128
f 1118/1212/1118 1130/1225/1130 1129/1226/1129 1117/1213/1117
f 1119/1214/1119 1131/1227/1131 1130/1225/1130 1118/1212/1118
f 1120/1215/1120 1132/1228/1132 1131/1227/1131 1119/1214/1119
f 1121/1216/1121 1133/1229/1133 1132/1228/1132 1120/1215/1120
f 1122/1217/1122 1134/1230/1134 1133/1229/1133 1121/1216/1121
f 1123/1218/1123 1135/1231/1135 1134/1230/1134 1122/1217/1122
f 1124/1219/1124 1136/1232/1136 1135/1231/1135 1123/1218/1123
f 1125/1220/1125 1137/1233/1137 1136/1232/1136 1124/1219/1124
f 1126/1221/1126 1138/1234/1138 1137/1233/1137 1125/1220/1125
f 1127/1222/1127 1139/1235/1139 1138/1234/1138 1126/1221/1126
f 1128/1211/1128 1140/1224/1140 1139/1235/1139 1127/1222/1127
f 1129/1223/1129 1141/1236/1141 1152/1237/1152 1140/1224/1140
f 1130/1225/1130 1142/1238/1142 1141/1239/1141 1129/1226/1129
f 1131/1227/1131 1143/1240/1143 1142/1238/1142 1130/1225/1130
f 1132/1228/1132 1144/1241/1144 1143/1240/1143 1131/1227/1131
f 1133/1229/1133 1145/1242/1145 1144/1241/1144 1132/1228/1132
f 1134/1230/1134 1146/1243/1146 1145/1242/1145 1133/1229/1133
f 1135/1231/1135 1147/1244/1147 1146/1243/1146 1134/1230/1134
f 1136/1232/1136 1148/1245/1148 1147/1244/1147 1135/1231/1135
f 1137/1233/1137 1149/1246/1149 1148/1245/1148 1136/1232/1136
f 1138/1234/1138 1150/1247/1150 1149/1246/1149 1137/1233/1137
f 1139/1235/1139 1151/1248/1151 1150/1247/1150 1138/1234/1138
f 1140/1224/1140 1152/1237/1152 1151/1248/1151 1139/1235/1139
f 1141/1236/1141 1153/1249/1153 1164/1250/1164 1152/1237/1152
f 1142/1238/1142 1154/1251/1154 1153/1252/1153 1141/1239/1141
f 1143/1240/1143 1155/1253/1155 1154/1251/1154 1142/1238/1142
f 1144/1241/1144 1156/1254/1156 1155/1253/1155 1143/1240/1143
f 1145/1242/1145 1157/1255/1157 1156/1254/1156 1144/1241/1144
f 1146/1243/1146 1158/1256/1158 1157/1255/1157 1145/1242/1145
f 1147/1244/1147 1159/1257/1159 1158/1256/1158 1146/1243/1146
f 1148/1245/1148 1160/1258/1160 1159/1257/1159 1147/1244/1147
f 1149/1246/1149 1161/1259/1161 1160/1258/1160 1148/1245/1148
f 1150/1247/1150 1162/1260/1162 1161/1259/1161 1149/1246/1149
f 1151/1248/1151 1163/1261/1163 1162/1260/1162 1150/1247/1150
f 1152/1237/1152 1164/1250/1164 1163/1261/1163 1151/1248/1151
f 1153/1249/1153 1165/1262/1165 1176/1263/1176 1164/1250/1164
f 1154/1251/1154 1166/1264/1166 1165/1265/1165 1153/1252/1153
f 1155/1253/1155 1167/1266/1167 1166/1264/1166 1154/1251/1154
f 1156/1254/1156 1168/1267/1168 1167/1266/1167 1155/1253/1155
f 1157/1255/1157 1169/1268/1169 1168/1267/1168 1156/1254/1156
f 1158/1256/1158 1170/1269/1170 1169/1268/1169 1157/1255/1157
f 1159/1257/1159 1171/1270/1171 1170/1269/1170 1158/1256/1158
f 1160/1258/1160 1172/1271/1172 1171/1270/1171 1159/1257/1159
f 1161/1259/1161 1173/1272/1173 1172/1271/1172 1160/1258/1160
f 1162/1260/1162 1174/1273/1174 1173/1272/1173 1161/1259/1161
f 1163/1261/1163 1175/1274/1175 1174/1273/1174 1162/1260/1162
f 1164/1250/1164 1176/1263/1176 1175/1274/1175 1163/1261/1163
f 1165/1262/1165 1177/1275/1177 1188/1276/1188 1176/1263/1176
f 1166/1264/1166 1178/1277/1178 1177/1278/1177 1165/1265/1165
f 1167/1266/1167 1179/1279/1179 1178/1277/1178 1166/1264/1166
f 1168/1267/1168 1180/1280/1180 1179/1279/1179 1167/1266/1167
f 1169/1268/1169 1181/1281/1181 1180/1280/1180 1168/1267/1168
f 1170/1269/1170 1182/1282/1182 1181/1281/1181 1169/1268/1169
f 1171/1270/1171 1183/1283/1183 1182/1282/1182 1170/1269/1170
f 1172/1271/1172 1184/1284/1184 1183/1283/1183 1171/1270/1171
f 1173/1272/1173 1185/1285/1185 1184/1284/1184 1172/1271/1172
f 1174/1273/1174 1186/1286/1186 1185/1285/1185 1173/1272/1173
f 1175/1274/1175 1187/1287/1187 1186/1286/1186 1174/1273/1174
f 1176/1263/1176 1188/1276/1188 1187/1287/1187 1175/1274/1175
f 1177/1275/1177 1189/1288/1189 1200/1289/1200 1188/1276/1188
f 1178/1277/1178 1190/1290/1190 1189/1291/1189 1177/1278/1177
f 1179/1279/1179 1191/1292/1191 1190/1290/1190 1178/1277/1178
f 1180/1280/1180 1192/1293/1192 1191/1292/1191 1179/1279/1179
f 1181/1281/1181 1193/1294/1193 1192/1293/1192 1180/1280/1180
f 1182/1282/1182 1194/1295/1194 1193/1294/1193 1181/1281/1181
f 1183/1283/1183 1195/1296/1195 1194/1295/1194 1182/1282/1182
f 1184/1284/1184 1196/1297/1196 1195/1296/1195 1183/1283/1183
f 1185/1285/1185 1197/1298/1197 1196/1297/1196 1184/1284/1184
f 1186/1286/1186 1198/1299/1198 1197/1298/1197 1185/1285/1185
f 1187/1287/1187 1199/1300/1199 1198/1299/1198 1186/1286/1186
f 1188/1276/1188 1200/1289/1200 1199/1300/1199 1187/1287/1187
f 1189/1288/1189 1201/1301/1201 1212/1302/1212 1200/1289/1200
f 1190/1290/1190 1202/1303/1202 1201/1304/1201 1189/1291/1189
f 1191/1292/1191 1203/1305/1203 1202/1303/1202 1190/1290/1190
f 1192/1293/1192 1204/1306/1204 1203/1305/1203 1191/1292/1191
f 1193/1294/1193 1205/1307/1205 1204/1306/1204 1192/1293/1192
f 1194/1295/1194 1206/1308/1206 1205/1307/1205 1193/1294/1193
f 1195/1296/1195 1207/1309/1207 1206/1308/1206 1194/1295/1194
f 1196/1297/1196 1208/1310/1208 1207/1309/1207 1195/1296/1195
f 1197/1298/1197 1209/1311/1209 1208/1310/1208 1196/1297/1196
f 1198/1299/1198 1210/1312/1210 1209/1311/1209 1197/1298/1197
f 1199/1300/1199 1211/1313/1211 1210/1312/1210 1198/1299/1198
f 1200/1289/1200 1212/1302/1212 1211/1313/1211 1199/1300/1199
f 1201/1301/1201 1213/1314/1213 1224/1315/1224 1212/1302/1212
f 1202/1303/1202 1214/1316/1214 1213/1317/1213 1201/1304/1201
f 1203/1305/1203 1215/1318/1215 1214/1316/1214 1202/1303/1202
f 1204/1306/1204 1216/1319/1216 1215/1318/1215 1203/1305/1203
f 1205/1307/1205 1217/1320/1217 1216/1319/1216 1204/1306/1204
f 1206/1308/1206 1218/1321/1218 1217/1320/1217 1205/1307/1205
f 1207/1309/1207 1219/1322/1219 1218/1321/1218 1206/1308/1206
f 1208/1310/1208 1220/1323/1220 1219/1322/1219 1207/1309/1207
f 1209/1311/1209 1221/1324/1221 1220/1323/1220 1208/1310/1208
f 1210/1312/1210 1222/1325/1222 1221/1324/1221 1209/1311/1209
f 1211/1313/1211 1223/1326/1223 1222/1325/1222 1210/1312/1210
f 1212/1302/1212 1224/1315/1224 1223/1326/1223 1211/1313/1211
f 1213/1314/1213 1225/1327/1225 1236/1328/1236 1224/1315/1224
f 1214/1316/1214 1226/1329/1226 1225/1330/1225 1213/1317/1213
f 1215/1318/1215 1227/1331/1227 1226/1329/1226 1214/1316/1214
f 1216/1319/1216 1228/1332/1228 1227/1331/1227 1215/1318/1215
f 1217/1320/1217 1229/1333/1229 1228/1332/1228 1216/1319/1216
f 1218/1321/1218 1230/1334/1230 1229/1333/1229 1217/1320/1217
f 1219/1322/1219 1231/1335/1231 1230/1334/1230 1218/1321/1218
f 1220/1323/1220 1232/1336/1232 1231/1335/1231 1219/1322/1219
f 1221/1324/1221 1233/1337/1233 1232/1336/1232 1220/1323/1220
f 1222/1325/1222 1234/1338/1234 1233/1337/1233 1221/1324/1221
f 1223/1326/1223 1235/1339/1235 1234/1338/1234 1222/1325/1222
f 1224/1315/1224 1236/1328/1236 1235/1339/1235 1223/1326/1223
f 1225/1327/1225 1237/1340/1237 1248/1341/1248 1236/1328/1236
f 1226/1329/1226 1238/1342/1238 1237/1343/1237 1225/1330/1225
f 1227/1331/1227 1239/1344/1239 1238/1342/1238 1226/1329/1226
f 1228/1332/1228 1240/1345/1240 1239/1344/1239 1227/1331/1227
f 1229/1333/1229 1241/1346/1241 1240/1345/1240 1228/1332/1228
f 1230/1334/1230 1242/1347/1242 1241/1346/1241 1229/1333/1229
f 1231/1335/1231 1243/1348/1243 1242/1347/1242 1230/1334/1230
f 1232/1336/1232 1244/1349/1244 1243/1348/1243 1231/1335/1231
f 1233/1337/1233 1245/1350/1245 1244/1349/1244 1232/1336/1232
f 1234/1338/1234 1246/1351/1246 1245/1350/1245 1233/1337/1233
f 1235/1339/1235 1247/1352/1247 1246/1351/1246 1234/1338/1234
f 1236/1328/1236 1248/1341/1248 1247/1352/1247 1235/1339/1235
f 1237/1340/1237 1249/1353/1249 1260/1354/1260 1248/1341/1248
f 1238/1342/1238 1250/1355/1250 1249/1356/1249 1237/1343/1237
f 1239/1344/1239 1251/1357/1251 1250/1355/1250 1238/1342/1238
f 1240/1345/1240 1252/1358/1252 1251/1357/1251 1239/1344/1239
f 1241/1346/1241 1253/1359/1253 1252/1358/1252 1240/1345/1240
f 1242/1347/1242 1254/1360/1254 1253/1359/1253 1241/1346/1241
f 1243/1348/1243 1255/1361/1255 1254/1360/1254 1242/1347/1242
f 1244/1349/1244 1256/1362/1256 1255/1361/1255 1243/1348/1243
f 1245/1350/1245 1257/1363/1257 1256/1362/1256 1244/1349/1244
f 1246/1351/1246 1258/1364/1258 1257/1363/1257 1245/1350/1245
f 1247/1352/1247 1259/1365/1259 1258/1364/1258 1246/1351/1246
f 1248/1341/1248 1260/1354/1260 1259/1365/1259 1247/1352/1247
f 1249/1353/1249 1261/1366/1261 1272/1367/1272 1260/1354/1260
f 1250/1355/1250 1262/1368/1262 1261/1369/1261 1249/1356/1249
f 1251/1357/1251 1263/1370/1263 1262/1368/1262 1250/1355/1250
f 1252/1358/1252 1264/1371/1264 1263/1370/1263 1251/1357/1251
f 1253/1359/1253 1265/1372/1265 1264/1371/1264 1252/1358/1252
f 1254/1360/1254 1266/1373/1266 1265/1372/1265 1253/1359/1253
f 1255/1361/1255 1267/1374/1267 1266/1373/1266 1254/1360/1254
f 1256/1362/1256 1268/1375/1268 1267/1374/1267 1255/1361/1255
f 1257/1363/1257 1269/1376/1269 1268/1375/1268 1256/1362/1256
f 1258/1364/1258 1270/1377/1270 1269/1376/1269 1257/1363/1257
f 1259/1365/1259 1271/1378/1271 1270/1377/1270 1258/1364/1258
f 1260/1354/1260 1272/1367/1272 1271/1378/1271 1259/1365/1259
f 1261/1366/1261 1273/1379/1273 1284/1380/1284 1272/1367/1272
f 1262/1368/1262 1274/1381/1274 1273/1382/1273 1261/1369/1261
f 1263/1370/1263 1275/1383/1275 1274/1381/1274 1262/1368/1262
f 1264/1371/1264 1276/1384/1276 1275/1383/1275 1263/1370/1263
f 1265/1372/1265 1277/1385/1277 1276/1384/1276 1264/1371/1264
f 1266/1373/1266 1278/1386/1278 1277/1385/1277 1265/1372/1265
f 1267/1374/1267 1279/1387/1279 1278/1386/1278 1266/1373/1266
f 1268/1375/1268 1280/1388/1280 1279/1387/1279 1267/1374/1267
f 1269/1376/1269 1281/1389/1281 1280/1388/1280 1268/1375/1268
f 1270/1377/1270 1282/1390/1282 1281/1389/1281 1269/1376/1269
f 1271/1378/1271 1283/1391/1283 1282/1390/1282 1270/1377/1270
f 1272/1367/1272 1284/1380/1284 1283/1391/1283 1271/1378/1271
f 1273/1379/1273 1285/1392/1285 1296/1393/1296 1284/1380/1284
f 1274/1381/1274 1286/1394/1286 1285/1395/1285 1273/1382/1273
f 1275/1383/1275 1287/1396/1287 1286/1394/1286 1274/1381/1274
f 1276/1384/1276 1288/1397/1288 1287/1396/1287 1275/1383/1275
f 1277/1385/1277 1289/1398/1289 1288/1397/1288 1276/1384/1276
f 1278/1386/1278 1290/1399/1290 1289/1398/1289 1277/1385/1277
f 1279/1387/1279 1291/1400/1291 1290/1399/1290 1278/1386/1278
f 1280/1388/1280 1292/1401/1292 1291/1400/1291 1279/1387/1279
f 1281/1389/1281 1293/1402/1293 1292/1401/1292 1280/1388/1280
f 1282/1390/1282 1294/1403/1294 1293/1402/1293 1281/1389/1281
f 1283/1391/1283 1295/1404/1295 1294/1403/1294 1282/1390/1282
f 1284/1380/1284 1296/1393/1296 1295/1404/1295 1283/1391/1283
f 1285/1392/1285 1297/1405/1297 1308/1406/1308 1296/1393/1296
f 1286/1394/1286 1298/1407/1298 1297/1408/1297 1285/1395/1285
f 1287/1396/1287 1299/1409/1299 1298/1407/1298 1286/1394/1286
f 1288/1397/1288 1300/1410/1300 1299/1409/1299 1287/1396/1287
f 1289/1398/1289 1301/1411/1301 1300/1410/1300 1288/1397/1288
f 1290/1399/1290 1302/1412/1302 1301/1411/1301 1289/1398/1289
f 1291/1400/1291 1303/1413/1303 1302/1412/1302 1290/1399/1290
f 1292/1401/1292 1304/1414/1304 1303/1413/1303 1291/1400/1291
f 1293/1402/1293 1305/1415/1305 1304/1414/1304 1292/1401/1292
f 1294/1403/1294 1306/1416/1306 1305/1415/1305 1293/1402/1293
f 1295/1404/1295 1307/1417/1307 1306/1416/1306 1294/1403/1294
f 1296/1393/1296 1308/1406/1308 1307/1417/1307 1295/1404/1295
f 1297/1405/1297 1309/1418/1309 1320/1419/1320 1308/1406/1308
f 1298/1407/1298 1310/1420/1310 1309/1421/1309 1297/1408/1297
f 1299/1409/1299 1311/1422/1311 1310/1420/1310 1298/1407/1298
f 1300/1410/1300 1312/1423/1312 1311/1422/1311 1299/1409/1299
f 1301/1411/1301 1313/1424/1313 1312/1423/1312 1300/1410/1300
f 1302/1412/1302 1314/1425/1314 1313/1424/1313 1301/1411/1301
f 1303/1413/1303 1315/1426/1315 1314/1425/1314 1302/1412/1302
f 1304/1414/1304 1316/1427/1316 1315/1426/1315 1303/1413/1303
f 1305/1415/1305 1317/1428/1317 1316/1427/1316 1304/1414/1304
f 1306/1416/1306 1318/1429/1318 1317/1428/1317 1305/1415/1305
f 1307/1417/1307 1319/1430/1319 1318/1429/1318 1306/1416/1306
f 1308/1406/1308 1320/1419/1320 1319/1430/1319 1307/1417/1307
f 1309/1418/1309 1321/1431/1321 1332/1432/1332 1320/1419/1320
f 1310/1420/1310 1322/1433/1322 1321/1434/1321 1309/1421/1309
f 1311/1422/1311 1323/1435/1323 1322/1433/1322 1310/1420/1310
f 1312/1423/1312 1324/1436/1324 1323/1435/1323 1311/1422/1311
f 1313/1424/1313 1325/1437/1325 1324/1436/1324 1312/1423/1312
f 1314/1425/1314 1326/1438/1326 1325/1437/1325 1313/1424/1313
f 1315/1426/1315 1327/1439/1327 1326/1438/1326 1314/1425/1314
f 1316/1427/1316 1328/1440/1328 1327/1439/1327 1315/1426/1315
f 1317/1428/1317 1329/1441/1329 1328/1440/1328 1316/1427/1316
f 1318/1429/1318 1330/1442/1330 1329/1441/1329 1317/1428/1317
f 1319/1430/1319 1331/1443/1331 1330/1442/1330 1318/1429/1318
f 1320/1419/1320 1332/1432/1332 1331/1443/1331 1319/1430/1319
f 1321/1431/1321 1333/1444/1333 1344/1445/1344 1332/1432/1332
f 1322/1433/1322 1334/1446/1334 1333/1447/1333 1321/1434/1321
f 1323/1435/1323 1335/1448/1335 1334/1446/1334 1322/1433/1322
f 1324/1436/1324 1336/1449/1336 1335/1448/1335 1323/1435/1323
f 1325/1437/1325 1337/1450/1337 1336/1449/1336 1324/1436/1324
f 1326/1438/1326 1338/1451/1338 1337/1450/1337 1325/1437/1325
f 1327/1439/1327 1339/1452/1339 1338/1451/1338 1326/1438/1326
f 1328/1440/1328 1340/1453/1340 1339/1452/1339 1327/1439/1327
f 1329/1441/1329 1341/1454/1341 1340/1453/1340 1328/1440/1328
f 1330/1442/1330 1342/1455/1342 1341/1454/1341 1329/1441/1329
f 1331/1443/1331 1343/1456/1343 1342/1455/1342 1330/1442/1330
f 1332/1432/1332 1344/1445/1344 1343/1456/1343 1331/1443/1331
f 1333/1444/1333 1345/1457/1345 1356/1458/1356 1344/1445/1344
f 1334/1446/1334 1346/1459/1346 1345/1460/1345 1333/1447/1333
f 1335/1448/1335 1347/1461/1347 1346/1459/1346 1334/1446/1334
f 1336/1449/1336 1348/1462/1348 1347/1461/1347 1335/1448/1335
f 1337/1450/1337 1349/1463/1349 1348/1462/1348 1336/1449/1336
f 1338/1451/1338 1350/1464/1350 1349/1463/1349 1337/1450/1337
f 1339/1452/1339 1351/1465/1351 1350/1464/1350 1338/1451/1338
f 1340/1453/1340 1352/1466/1352 1351/1465/1351 1339/1452/1339
f 1341/1454/1341 1353/1467/1353 1352/1466/1352 1340/1453/1340
f 1342/1455/1342 1354/1468/1354 1353/1467/1353 1341/1454/1341
f 1343/1456/1343 1355/1469/1355 1354/1468/1354 1342/1455/1342
f 1344/1445/1344 1356/1458/1356 1355/1469/1355 1343/1456/1343
f 1345/1457/1345 1357/1470/1357 1368/1471/1368 1356/1458/1356
f 1346/1459/1346 1358/1472/1358 1357/1473/1357 1345/1460/1345
f 1347/1461/1347 1359/1474/1359 1358/1472/1358 1346/1459/1346
f 1348/1462/1348 1360/1475/1360 1359/1474/1359 1347/1461/1347
f 1349/1463/1349 1361/1476/1361 1360/1475/1360 1348/1462/1348
f 1350/1464/1350 1362/1477/1362 1361/1476/1361 1349/1463/1349
f 1351/1465/1351 1363/1478/1363 1362/1477/1362 1350/1464/1350
f 1352/1466/1352 1364/1479/1364 1363/1478/1363 1351/1465/1351
f 1353/1467/1353 1365/1480/1365 1364/1479/1364 1352/1466/1352
f 1354/1468/1354 1366/1481/1366 1365/1480/1365 1353/1467/1353
f 1355/1469/1355 1367/1482/1367 1366/1481/1366 1354/1468/1354
f 1356/1458/1356 1368/1471/1368 1367/1482/1367 1355/1469/1355
f 1357/1470/1357 1369/1483/1369 1380/1484/1380 1368/1471/1368
f 1358/1472/1358 1370/1485/1370 1369/1486/1369 1357/1473/1357
f 1359/1474/1359 1371/1487/1371 1370/1485/1370 1358/1472/1358
f 1360/1475/1360 1372/1488/1372 1371/1487/1371 1359/1474/1359
f 1361/1476/1361 1373/1489/1373 1372/1488/1372 1360/1475/1360
f 1362/1477/1362 1374/1490/1374 1373/1489/1373 1361/1476/1361
f 1363/1478/1363 1375/1491/1375 1374/1490/1374 1362/1477/1362
f 1364/1479/1364 1376/1492/1376 1375/1491/1375 1363/1478/1363
f 1365/1480/1365 1377/1493/1377 1376/1492/1376 1364/1479/1364
f 1366/1481/1366 1378/1494/1378 1377/1493/1377 1365/1480/1365
f 1367/1482/1367 1379/1495/1379 1378/1494/1378 1366/1481/1366
f 1368/1471/1368 1380/1484/1380 1379/1495/1379 1367/1482/1367
f 1369/1483/1369 1381/1496/1381 1392/1497/1392 1380/1484/1380
f 1370/1485/1370 1382/1498/1382 1381/1499/1381 1369/1486/1369
f 1371/1487/1371 1383/1500/1383 1382/1498/1382 1370/1485/1370
f 1372/1488/1372 1384/1501/1384 1383/1500/1383 1371/1487/1371
f 1373/1489/1373 1385/1502/1385 1384/1501/1384 1372/1488/1372
f 1374/1490/1374 1386/1503/1386 1385/1502/1385 1373/1489/1373
f 1375/1491/1375 1387/1504/1387 1386/1503/1386 1374/1490/1374
f 1376/1492/1376 1388/1505/1388 1387/1504/1387 1375/1491/1375
f 1377/1493/1377 1389/1506/1389 1388/1505/1388 1376/1492/1376
f 1378/1494/1378 1390/1507/1390 1389/1506/1389 1377/1493/1377
f 1379/1495/1379 1391/1508/1391 1390/1507/1390 1378/1494/1378
f 1380/1484/1380 1392/1497/1392 1391/1508/1391 1379/1495/1379
f 1381/1496/1381 1393/1509/1393 1404/1510/1404 1392/1497/1392
f 1382/1498/1382 1394/1511/1394 1393/1512/1393 1381/1499/1381
f 1383/1500/1383 1395/1513/1395 1394/1511/1394 1382/1498/1382
f 1384/1501/1384 1396/1514/1396 1395/1513/1395 1383/1500/1383
f 1385/1502/1385 1397/1515/1397 1396/1514/1396 1384/1501/1384
f 1386/1503/1386 1398/1516/1398 1397/1515/1397 1385/1502/1385
f 1387/1504/1387 1399/1517/1399 1398/1516/1398 1386/1503/1386
f 1388/1505/1388 1400/1518/1400 1399/1517/1399 1387/1504/1387
f 1389/1506/1389 1401/1519/1401 1400/1518/1400 1388/1505/1388
f 1390/1507/1390 1402/1520/1402 1401/1519/1401 1389/1506/1389
f 1391/1508/1391 1403/1521/1403 1402/1520/1402 1390/1507/1390
f 1392/1497/1392 1404/1510/1404 1403/1521/1403 1391/1508/1391
f 1393/1509/1393 1405/1522/1405 1416/1523/1416 1404/1510/1404
f 1394/1511/1394 1406/1524/1406 1405/1525/1405 1393/1512/1393
f 1395/1513/1395 1407/1526/1407 1406/1524/1406 1394/1511/1394
f 1396/1514/1396 1408/1527/1408 1407/1526/1407 1395/1513/1395
f 1397/1515/1397 1409/1528/1409 1408/1527/1408 1396/1514/1396
f 1398/1516/1398 1410/1529/1410 1409/1528/1409 1397/1515/1397
f 1399/1517/1399 1411/1530/1411 1410/1529/1410 1398/1516/1398
f 1400/1518/1400 1412/1531/1412 1411/1530/1411 1399/1517/1399
f 1401/1519/1401 1413/1532/1413 1412/1531/1412 1400/1518/1400
f 1402/1520/1402 1414/1533/1414 1413/1532/1413 1401/1519/1401
f 1403/1521/1403 1415/1534/1415 1414/1533/1414 1402/1520/1402
f 1404/1510/1404 1416/1523/1416 1415/1534/1415 1403/1521/1403
f 1405/1522/1405 1417/1535/1417 1428/1536/1428 1416/1523/1416
f 1406/1524/1406 1418/1537/1418 1417/1538/1417 1405/1525/1405
f 1407/1526/1407 1419/1539/1419 1418/1537/1418 1406/1524/1406
f 1408/1527/1408 1420/1540/1420 1419/1539/1419 1407/1526/1407
f 1409/1528/1409 1421/1541/1421 1420/1540/1420 1408/1527/1408
f 1410/1529/1410 1422/1542/1422 1421/1541/1421 1409/1528/1409
f 1411/1530/1411 1423/1543/1423 1422/1542/1422 1410/1529/1410
f 1412/1531/1412 1424/1544/1424 1423/1543/1423 1411/1530/1411
f 1413/1532/1413 1425/1545/1425 1424/1544/1424 1412/1531/1412
f 1414/1533/1414 1426/1546/1426 1425/1545/1425 1413/1532/1413
f 1415/1534/1415 1427/1547/1427 1426/1546/1426 1414/1533/1414
f 1416/1523/1416 1428/1536/1428 1427/1547/1427 1415/1534/1415
f 1417/1535/1417 1429/1548/1429 1440/1549/1440 1428/1536/1428
f 1418/1537/1418 1430/1550/1430 1429/1551/1429 1417/1538/1417
f 1419/1539/1419 1431/1552/1431 1430/1550/1430 1418/1537/1418
f 1420/1540/1420 1432/1553/1432 1431/1552/1431 1419/1539/1419
f 1421/1541/1421 1433/1554/1433 1432/1553/1432 1420/1540/1420
f 1422/1542/1422 1434/1555/1434 1433/1554/1433 1421/1541/1421
f 1423/1543/1423 1435/1556/1435 1434/1555/1434 1422/1542/1422
f 1424/1544/1424 1436/1557/1436 1435/1556/1435 1423/1543/1423
f 1425/1545/1425 1437/1558/1437 1436/1557/1436 1424/1544/1424
f 1426/1546/1426 1438/1559/1438 1437/1558/1437 1425/1545/1425
f 1427/1547/1427 1439/1560/1439 1438/1559/1438 1426/1546/1426
f 1428/1536/1428 1440/1549/1440 1439/1560/1439 1427/1547/1427
f 1429/1548/1429 1441/1561/1441 1452/1562/1452 1440/1549/1440
f 1430/1550/1430 1442/1563/1442 1441/1564/1441 1429/1551/1429
f 1431/1552/1431 1443/1565/1443 1442/1563/1442 1430/1550/1430
f 1432/1553/1432 1444/1566/1444 1443/1565/1443 1431/1552/1431
f 1433/1554/1433 1445/1567/1445 1444/1566/1444 1432/1553/1432
f 1434/1555/1434 1446/1568/1446 1445/1567/1445 1433/1554/1433
f 1435/1556/1435 1447/1569/1447 1446/1568/1446 1434/1555/1434
f 1436/1557/1436 1448/1570/1448 1447/1569/1447 1435/1556/1435
f 1437/1558/1437 1449/1571/1449 1448/1570/1448 1436/1557/1436
f 1438/1559/1438 1450/1572/1450 1449/1571/1449 1437/1558/1437
f 1439/1560/1439 1451/1573/1451 1450/1572/1450 1438/1559/1438
f 1440/1549/1440 1452/1562/1452 1451/1573/1451 1439/1560/1439
f 1441/1561/1441 1453/1574/1453 1464/1575/1464 1452/1562/1452
f 1442/1563/1442 1454/1576/1454 1453/1577/1453 1441/1564/1441
f 1443/1565/1443 1455/1578/1455 1454/1576/1454 1442/1563/1442
f 1444/1566/1444 1456/1579/1456 1455/1578/1455 1443/1565/1443
f 1445/1567/1445 1457/1580/1457 1456/1579/1456 1444/1566/1444
f 1446/1568/1446 1458/1581/1458 1457/1580/1457 1445/1567/1445
f 1447/1569/1447 1459/1582/1459 1458/1581/1458 1446/1568/1446
f 1448/1570/1448 1460/1583/1460 1459/1582/1459 1447/1569/1447
f 1449/1571/1449 1461/1584/1461 1460/1583/1460 1448/1570/1448
f 1450/1572/1450 1462/1585/1462 1461/1584/1461 1449/1571/1449
f 1451/1573/1451 1463/1586/1463 1462/1585/1462 1450/1572/1450
f 1452/1562/1452 1464/1575/1464 1463/1586/1463 1451/1573/1451
