g needleCANCELLARE
v -0.004850001 -0.007131 0.000183
v -0.004744 -0.006672 0.000167
v -0.004725 -0.006675 0.000157
v -0.004850001 -0.007131 0.000183
v -0.004763 -0.006669 0.000175
v -0.004744 -0.006672 0.000167
v -0.004792001 -0.007139 0.000157
v -0.004725 -0.006675 0.000157
v -0.004899 -0.007675 0.000183
v -0.004841 -0.007678 0.000157
v -0.004915 -0.008146 0.000183
v -0.004858001 -0.008146 0.000157
v -0.004693 -0.006681 0.000135
v -0.004792001 -0.007139 0.000157
v -0.004709 -0.006677 0.000147
v -0.004675 -0.006683 0.000121
v -0.004741 -0.007145 0.000121
v -0.004841 -0.007678 0.000157
v -0.00479 -0.007681 0.000121
v -0.004858001 -0.008146 0.000157
v -0.004807001 -0.008146999 0.000121
v -0.004792001 -0.007139 0.000157
v -0.004725 -0.006675 0.000157
v -0.004709 -0.006677 0.000147
v -0.004644 -0.006689 9.100002E-05
v -0.004631 -0.006691 7.6E-05
v -0.004697 -0.00715 7.6E-05
v -0.004697 -0.00715 7.6E-05
v -0.004631 -0.006691 7.6E-05
v -0.004615 -0.006694 5.600002E-05
v -0.004634 -0.007158 -3.399998E-05
v -0.004568 -0.006702 -3.399998E-05
v -0.004561 -0.006703 -5.5E-05
v -0.004634 -0.007158 -3.399998E-05
v -0.004660001 -0.007154 2.400001E-05
v -0.004568 -0.006702 -3.399998E-05
v -0.00459 -0.006698 1.600001E-05
v -0.004579001 -0.0067 -8.000003E-06
v -0.004660001 -0.007154 2.400001E-05
v -0.004579001 -0.0067 -8.000003E-06
v -0.004568 -0.006702 -3.399998E-05
v -0.004618001 -0.00716 -9.399999E-05
v -0.004552001 -0.006704 -9.399999E-05
v -0.00455 -0.006704 -0.000106
v -0.004618001 -0.00716 -0.000221
v -0.00455 -0.006704 -0.000211
v -0.004552001 -0.006704 -0.000221
v -0.004634 -0.007158 -0.000282
v -0.004568 -0.006702 -0.000282
v -0.004579001 -0.0067 -0.000309
v -0.004634 -0.007158 -0.000282
v -0.004561 -0.006703 -0.000261
v -0.004568 -0.006702 -0.000282
v -0.004697 -0.00715 -0.000391
v -0.004615 -0.006694 -0.000372
v -0.004631 -0.006691 -0.000391
v -0.004660001 -0.006686 -0.000424
v -0.004675 -0.006683 -0.000437
v -0.004741 -0.007145 -0.000437
v -0.004741 -0.007145 -0.000437
v -0.004676001 -0.006683 -0.000438
v -0.004693 -0.006681 -0.000451
v -0.004763 -0.006669 -0.000491
v -0.004782 -0.006665 -0.0005
v -0.004850001 -0.007131 -0.0005
v -0.004782 -0.006665 -0.0005
v -0.004802 -0.006662 -0.000507
v -0.004850001 -0.007131 -0.0005
v -0.004911 -0.007124 -0.000516
v -0.004824 -0.006658 -0.000512
v -0.004842001 -0.006655 -0.000516
v -0.005036001 -0.007109 -0.000516
v -0.004966001 -0.006634 -0.000516
v -0.00499 -0.00663 -0.000512
v -0.005036001 -0.007109 -0.000516
v -0.004941 -0.006638 -0.00052
v -0.004966001 -0.006634 -0.000516
v -0.005096 -0.007102 -0.0005
v -0.005027 -0.006624 -0.0005
v -0.005038 -0.006621 -0.000495
v -0.005205 -0.007089 -0.000437
v -0.005127 -0.006607 -0.000443
v -0.005135 -0.006605 -0.000437
v -0.00525 -0.007084 -0.000391
v -0.00518 -0.006598 -0.000391
v -0.005197 -0.006595 -0.000369
v -0.00525 -0.007084 -0.000391
v -0.005165 -0.0066 -0.000409
v -0.00518 -0.006598 -0.000391
v -0.005232 -0.006589 -0.000306
v -0.005242 -0.006588 -0.000282
v -0.005312 -0.007076 -0.000282
v -0.005242 -0.006588 -0.000282
v -0.005248 -0.006585 -0.000262
v -0.005312 -0.007076 -0.000282
v -0.005263 -0.006583 -0.000158
v -0.005334001 -0.007074 -0.000158
v -0.005263 -0.006583 -0.000178
v -0.005312 -0.007076 -3.399998E-05
v -0.005242 -0.006588 -3.399998E-05
v -0.005232 -0.006589 -9.999989E-06
v -0.005312 -0.007076 -3.399998E-05
v -0.005248 -0.006585 -5.3E-05
v -0.005242 -0.006588 -3.399998E-05
v -0.00525 -0.007084 7.6E-05
v -0.00518 -0.006598 7.6E-05
v -0.005165 -0.0066 9.2E-05
v -0.00525 -0.007084 7.6E-05
v -0.005197 -0.006595 5.3E-05
v -0.00518 -0.006598 7.6E-05
v -0.005205 -0.007089 0.000121
v -0.005135 -0.006605 0.000121
v -0.005127 -0.006607 0.000128
v -0.005096 -0.007102 0.000183
v -0.005038 -0.006621 0.000179
v -0.005027 -0.006624 0.000183
v -0.005036001 -0.007109 0.0002
v -0.004966001 -0.006634 0.0002
v -0.004941 -0.006638 0.000204
v -0.005036001 -0.007109 0.0002
v -0.00499 -0.00663 0.000195
v -0.004966001 -0.006634 0.0002
v -0.004763 -0.006669 0.000175
v -0.004850001 -0.007131 0.000183
v -0.004782 -0.006665 0.000183
v -0.004911 -0.007124 0.0002
v -0.004802 -0.006662 0.00019
v -0.004782 -0.006665 0.000183
v -0.004802 -0.006662 0.00019
v -0.004911 -0.007124 0.0002
v -0.004824 -0.006658 0.000196
v -0.004850001 -0.007131 0.000183
v -0.004782 -0.006665 0.000183
v -0.00496 -0.007671 0.0002
v -0.004899 -0.007675 0.000183
v -0.004977 -0.008145 0.0002
v -0.004915 -0.008146 0.000183
v -0.004911 -0.007124 0.0002
v -0.004842001 -0.006655 0.0002
v -0.004824 -0.006658 0.000196
v -0.004973 -0.007116 0.000206
v -0.004868 -0.006651 0.000204
v -0.004842001 -0.006655 0.0002
v -0.005163 -0.006063 -8.499999E-05
v -0.005191001 -0.006055 -0.000123
v -0.00514 -0.005933 -8.799999E-05
v -0.005191001 -0.006055 -0.000123
v -0.0052 -0.006121 -0.000122
v -0.005213 -0.005981 -0.000158
v -0.005175001 -0.005923 -0.000124
v -0.00474 -0.00661 0.000183
v -0.004744 -0.006672 0.000167
v -0.004763 -0.006669 0.000175
v -0.005103 -0.005942 -5.3E-05
v -0.005032001 -0.005825 -2.399998E-05
v -0.005064 -0.005953 -1.799999E-05
v -0.005103 -0.005942 -5.3E-05
v -0.005131 -0.006071 -4.899999E-05
v -0.005057 -0.00609 2.500002E-05
v -0.005096 -0.006081 -1.2E-05
v -0.005111 -0.006144 -8.999981E-06
v -0.005092 -0.006216 3.200001E-05
v -0.005163 -0.006063 -8.499999E-05
v -0.00514 -0.005933 -8.799999E-05
v -0.005117001 -0.005802 -9.099999E-05
v -0.005175001 -0.005923 -0.000124
v -0.005175001 -0.005923 -0.000124
v -0.005191001 -0.006055 -0.000123
v -0.005207 -0.005914 -0.000158
v -0.005196 -0.00578 -0.000158
v -0.005213 -0.005981 -0.000158
v -0.005127 -0.006208 -6.999995E-06
v -0.005111 -0.006144 -8.999981E-06
v -0.005145 -0.006136 -4.699999E-05
v -0.005158 -0.0062 -4.499999E-05
v -0.005127 -0.006343 3.900001E-05
v -0.005090001 -0.006349 7.6E-05
v -0.005145 -0.006472 6.5E-05
v -0.005127 -0.006475 8.4E-05
v -0.00518 -0.006598 7.6E-05
v -0.005127 -0.006475 8.4E-05
v -0.005165 -0.0066 9.2E-05
v -0.005143 -0.006339 2.000001E-05
v -0.005092 -0.006216 3.200001E-05
v -0.005127 -0.006343 3.900001E-05
v -0.005177 -0.006466 2.600002E-05
v -0.005162 -0.006469 4.6E-05
v -0.005145 -0.006472 6.5E-05
v -0.005197 -0.006595 5.3E-05
v -0.005135 -0.006605 0.000121
v -0.005165 -0.0066 9.2E-05
v -0.005088 -0.006482 0.000119
v -0.005090001 -0.006349 7.6E-05
v -0.005049 -0.006358 0.00011
v -0.004971 -0.006109999 9.100002E-05
v -0.005127 -0.006607 0.000128
v -0.005135 -0.006605 0.000121
v -0.005015 -0.0061 5.900001E-05
v -0.005092 -0.006216 3.200001E-05
v -0.004978001 -0.005974 5.100001E-05
v -0.005057 -0.00609 2.500002E-05
v -0.005092 -0.006216 3.200001E-05
v -0.005064 -0.005953 -1.799999E-05
v -0.004978001 -0.005974 5.100001E-05
v -0.005032001 -0.005825 -2.399998E-05
v -0.005117001 -0.005802 -9.099999E-05
v -0.005103 -0.005942 -5.3E-05
v -0.005094001 -0.005672 -9.399999E-05
v -0.005094001 -0.005672 -9.399999E-05
v -0.005184 -0.005646 -0.000158
v -0.005173 -0.005513 -0.000158
v -0.004802 -0.006662 0.00019
v -0.00476 -0.006607 0.00019
v -0.004782 -0.006665 0.000183
v -0.00474 -0.00661 0.000183
v -0.004763 -0.006669 0.000175
v -0.004718001 -0.006552 0.000191
v -0.004698 -0.006555 0.000185
v -0.004675 -0.006496 0.000195
v -0.004657 -0.006499 0.00019
v -0.004634 -0.006442 0.000201
v -0.00476 -0.006607 0.00019
v -0.004763 -0.006669 0.000175
v -0.004782 -0.006665 0.000183
v -0.004721 -0.006613 0.000176
v -0.004725 -0.006675 0.000157
v -0.004744 -0.006672 0.000167
v -0.004782 -0.006475 0.000208
v -0.004803 -0.006535 0.000206
v -0.004829 -0.006466 0.000207
v -0.004809 -0.006406 0.000207
v -0.004829 -0.006466 0.000207
v -0.004803 -0.006535 0.000206
v -0.004851 -0.006526 0.000206
v -0.004847 -0.006591 0.000206
v -0.004871 -0.006587 0.000206
v -0.004892 -0.006647 0.000206
v -0.004905 -0.006644 0.000206
v -0.004973 -0.007116 0.000206
v -0.004916001 -0.006642 0.000206
v -0.004905 -0.006644 0.000206
v -0.004875 -0.006522 0.000205
v -0.004871 -0.006587 0.000206
v -0.004875 -0.006522 0.000205
v -0.004851 -0.006526 0.000206
v -0.004833 -0.006402 0.000202
v -0.004941 -0.006638 0.000204
v -0.004916001 -0.006642 0.000206
v -0.004973 -0.007116 0.000206
v -0.005036001 -0.007109 0.0002
v -0.005086001 -0.007663 0.0002
v -0.005023 -0.007667 0.000206
v -0.005104 -0.008144 0.0002
v -0.005040001 -0.008144 0.000206
v -0.005254 -0.006585 -7.499999E-05
v -0.005236 -0.006521 -5.5E-05
v -0.005248 -0.006585 -5.3E-05
v -0.005242 -0.006588 -3.399998E-05
v -0.005217 -0.006524 -1.299998E-05
v -0.005232 -0.006589 -9.999989E-06
v -0.005258 -0.006516 -0.000158
v -0.005252 -0.00645 -0.000158
v -0.005249001 -0.00645 -0.000139
v -0.005238 -0.006453 -9.899998E-05
v -0.005244 -0.006451 -0.000119
v -0.005219 -0.006389 -7.899999E-05
v -0.005238 -0.006453 -9.899998E-05
v -0.005252 -0.006517 -0.000118
v -0.005244 -0.006451 -0.000119
v -0.005249001 -0.00645 -0.000139
v -0.005235 -0.006384999 -0.00012
v -0.005252 -0.00645 -0.000158
v -0.005197 -0.006595 5.3E-05
v -0.005210001 -0.006592 3.300002E-05
v -0.005162 -0.006469 4.6E-05
v -0.005242 -0.006588 -3.399998E-05
v -0.005248 -0.006585 -5.3E-05
v -0.005227 -0.006523 -3.399998E-05
v -0.005230001 -0.006182 -0.000158
v -0.005209 -0.006187 -0.000121
v -0.005235 -0.006248 -0.000158
v -0.0052 -0.006121 -0.000122
v -0.005209 -0.006187 -0.000121
v -0.005185 -0.006193 -8.299999E-05
v -0.005218001 -0.006254 -0.000121
v -0.005173 -0.006128 -8.399998E-05
v -0.005171 -0.006265 -4.199999E-05
v -0.005197 -0.006259 -8.099999E-05
v -0.005186 -0.00633 -3.999998E-05
v -0.005159 -0.006336 -9.999785E-07
v -0.005174 -0.006399 2.000015E-06
v -0.005171 -0.006265 -4.199999E-05
v -0.005127 -0.006208 -6.999995E-06
v -0.005185 -0.006193 -8.299999E-05
v -0.005158 -0.0062 -4.499999E-05
v -0.005145 -0.006136 -4.699999E-05
v -0.005171 -0.006265 -4.199999E-05
v -0.005158 -0.0062 -4.499999E-05
v -0.005111 -0.006144 -8.999981E-06
v -0.005143 -0.006339 2.000001E-05
v -0.005159 -0.006336 -9.999785E-07
v -0.005174 -0.006399 2.000015E-06
v -0.005177 -0.006466 2.600002E-05
v -0.005210001 -0.006592 3.300002E-05
v -0.005162 -0.006469 4.6E-05
v -0.005127 -0.006343 3.900001E-05
v -0.005096 -0.006081 -1.2E-05
v -0.005131 -0.006071 -4.899999E-05
v -0.005064 -0.005953 -1.799999E-05
v -0.00519 -0.006462 6.000017E-06
v -0.005177 -0.006466 2.600002E-05
v -0.005207 -0.006527 9.00001E-06
v -0.005222001 -0.006591 1.2E-05
v -0.005174 -0.006399 2.000015E-06
v -0.005199001 -0.006394 -3.799998E-05
v -0.005199001 -0.006394 -3.799998E-05
v -0.005186 -0.00633 -3.999998E-05
v -0.005208 -0.006324 -7.999998E-05
v -0.005197 -0.006259 -8.099999E-05
v -0.005218001 -0.006254 -0.000121
v -0.005185 -0.006193 -8.299999E-05
v -0.005226001 -0.00632 -0.00012
v -0.00519 -0.006462 6.000017E-06
v -0.005213 -0.006458 -3.599998E-05
v -0.005217 -0.006524 -1.299998E-05
v -0.005207 -0.006527 9.00001E-06
v -0.005232 -0.006589 -9.999989E-06
v -0.005222001 -0.006591 1.2E-05
v -0.005224 -0.006114 -0.000158
v -0.0052 -0.006121 -0.000122
v -0.005230001 -0.006182 -0.000158
v -0.005191001 -0.006055 -0.000123
v -0.0052 -0.006121 -0.000122
v -0.005173 -0.006128 -8.399998E-05
v -0.005209 -0.006187 -0.000121
v -0.005163 -0.006063 -8.499999E-05
v -0.005173 -0.006128 -8.399998E-05
v -0.005145 -0.006136 -4.699999E-05
v -0.005185 -0.006193 -8.299999E-05
v -0.005131 -0.006071 -4.899999E-05
v -0.005244 -0.006451 -0.000119
v -0.005256 -0.006517 -0.000138
v -0.005249001 -0.00645 -0.000139
v -0.005197 -0.006595 5.3E-05
v -0.005145 -0.006472 6.5E-05
v -0.00518 -0.006598 7.6E-05
v -0.004643 -0.005925 0.000209
v -0.004502 -0.005833 0.000261
v -0.004545 -0.005951 0.000251
v -0.004587001 -0.00607 0.000241
v -0.004449 -0.005975 0.000288
v -0.004545 -0.005951 0.000251
v -0.004402 -0.00586 0.000311
v -0.004449 -0.005975 0.000288
v -0.004545 -0.005951 0.000251
v -0.004502 -0.005833 0.000261
v -0.004402 -0.00586 0.000311
v -0.004502 -0.005833 0.000261
v -0.004357 -0.005743 0.000332
v -0.004402 -0.00586 0.000311
v -0.004502 -0.005833 0.000261
v -0.004561 -0.005686 0.00021
v -0.004357 -0.005743 0.000332
v -0.005032001 -0.005825 -2.399998E-05
v -0.005094001 -0.005672 -9.399999E-05
v -0.004969 -0.00557 -3.599998E-05
v -0.004942 -0.00585 4.300001E-05
v -0.005032001 -0.005825 -2.399998E-05
v -0.004978001 -0.005974 5.100001E-05
v -0.005117001 -0.005802 -9.099999E-05
v -0.005184 -0.005646 -0.000158
v -0.005094001 -0.005672 -9.399999E-05
v -0.004651 -0.006375 0.000215
v -0.004611 -0.006384 0.000212
v -0.004634 -0.006442 0.000201
v -0.004651 -0.006375 0.000215
v -0.004629001 -0.006315 0.000223
v -0.004611 -0.006384 0.000212
v -0.004629001 -0.006315 0.000223
v -0.004587001 -0.006325 0.000223
v -0.004611 -0.006384 0.000212
v -0.004629001 -0.006315 0.000223
v -0.004607 -0.006257 0.000231
v -0.004587001 -0.006325 0.000223
v -0.004651 -0.006375 0.000215
v -0.004673 -0.006306 0.000221
v -0.004631 -0.006188 0.000231
v -0.004587001 -0.006387 0.000177
v -0.004634 -0.006442 0.000201
v -0.004611 -0.006384 0.000212
v -0.00459 -0.006698 1.600001E-05
v -0.004551 -0.006581 -4.000001E-06
v -0.004579001 -0.0067 -8.000003E-06
v -0.004671 -0.006622 -0.000459
v -0.004709 -0.006677 -0.000463
v -0.004693 -0.006681 -0.000451
v -0.004687001 -0.006619 -0.000472
v -0.004726001 -0.006674 -0.000473
v -0.004687001 -0.006619 0.000157
v -0.004693 -0.006681 0.000135
v -0.004709 -0.006677 0.000147
v -0.004665 -0.006561 0.000166
v -0.004703001 -0.006617 0.000168
v -0.004725 -0.006675 0.000157
v -0.004709 -0.006677 0.000147
v -0.004725 -0.006675 0.000157
v -0.004687001 -0.006619 0.000157
v -0.004492 -0.006217 0.000112
v -0.004509001 -0.006215 0.000158
v -0.004459001 -0.006098 0.000121
v -0.004509001 -0.006215 0.000158
v -0.004527 -0.006274 0.000152
v -0.004524 -0.006212 0.000202
v -0.004470001 -0.006097 0.000171
v -0.004524 -0.006212 0.000202
v -0.004546 -0.006271 0.000194
v -0.004518 -0.00615 0.000256
v -0.004482001 -0.006094 0.00022
v -0.004509001 -0.006215 0.000158
v -0.004470001 -0.006097 0.000171
v -0.004459001 -0.006098 0.000121
v -0.004524 -0.006212 0.000202
v -0.004482001 -0.006094 0.00022
v -0.004432001 -0.005979 0.000184
v -0.004518 -0.00615 0.000256
v -0.004495 -0.006093 0.000266
v -0.004482001 -0.006094 0.00022
v -0.004495 -0.006093 0.000266
v -0.004459001 -0.006098 0.000121
v -0.004470001 -0.006097 0.000171
v -0.004418 -0.005981 7.400001E-05
v -0.004459001 -0.006098 0.000121
v -0.004448 -0.0061 6.800002E-05
v -0.004492 -0.006217 0.000112
v -0.004468 -0.006222 1.000002E-05
v -0.004479 -0.006219 6.200001E-05
v -0.004433 -0.006103 -4.299999E-05
v -0.004395 -0.00586 0.000196
v -0.004402 -0.00586 0.000311
v -0.004357 -0.005743 0.000332
v -0.004656001 -0.006624 -0.000445
v -0.004693 -0.006681 -0.000451
v -0.004676001 -0.006683 -0.000438
v -0.004656001 -0.006624 -0.000445
v -0.004675 -0.006683 -0.000437
v -0.004660001 -0.006686 -0.000424
v -0.004671 -0.006622 -0.000459
v -0.004693 -0.006681 -0.000451
v -0.004651 -0.006564 -0.000468
v -0.004665 -0.006561 -0.000482
v -0.004665 -0.006561 -0.000482
v -0.004657 -0.006499 -0.000506
v -0.004680001 -0.006558 -0.000495
v -0.004687001 -0.006619 -0.000472
v -0.004671 -0.006622 -0.000459
v -0.004709 -0.006677 -0.000463
v -0.004556001 -0.006518 -0.000362
v -0.004541 -0.006458 -0.000365
v -0.004579001 -0.006513 -0.000405
v -0.004579001 -0.006513 -0.000405
v -0.004595 -0.006573 -0.0004
v -0.004541 -0.006458 -0.000365
v -0.004561 -0.006454 -0.000409
v -0.004509001 -0.006338 -0.000371
v -0.004595 -0.006573 -0.0004
v -0.004571001 -0.006577 -0.000358
v -0.004586 -0.006637 -0.000355
v -0.004599 -0.006634 -0.000376
v -0.004602001 -0.006696 -0.000352
v -0.004560001 -0.006578 -0.000336
v -0.004594001 -0.006697 -0.00034
v -0.00459 -0.006698 -0.000331
v -0.004560001 -0.006578 -0.000336
v -0.004579001 -0.0067 -0.000309
v -0.004602001 -0.006696 -0.000352
v -0.004615 -0.006694 -0.000372
v -0.004612 -0.006632 -0.000395
v -0.004595 -0.006573 -0.0004
v -0.004622001 -0.006568 -0.000436
v -0.004579001 -0.006513 -0.000405
v -0.004586 -0.006637 -0.000355
v -0.004602001 -0.006696 -0.000352
v -0.004571001 -0.006577 -0.000358
v -0.004531 -0.006459 -0.000341
v -0.004612 -0.006632 -0.000395
v -0.004626 -0.006629 -0.000413
v -0.004631 -0.006691 -0.000391
v -0.004615 -0.006694 -0.000372
v -0.004675 -0.006683 0.000121
v -0.004626 -0.006629 9.700001E-05
v -0.004644 -0.006689 9.100002E-05
v -0.004675 -0.006683 0.000121
v -0.004676001 -0.006683 0.000122
v -0.004641001 -0.006627 0.000114
v -0.004594001 -0.006697 2.400001E-05
v -0.004602001 -0.006696 3.600001E-05
v -0.004586 -0.006637 4.000001E-05
v -0.00459 -0.006698 1.600001E-05
v -0.004560001 -0.006578 2.100001E-05
v -0.004586 -0.006637 4.000001E-05
v -0.004571001 -0.006577 4.300001E-05
v -0.004560001 -0.006578 2.100001E-05
v -0.004556001 -0.006518 4.6E-05
v -0.004531 -0.006459 2.600002E-05
v -0.004556001 -0.006518 4.6E-05
v -0.004579001 -0.006513 8.8E-05
v -0.004556001 -0.006518 4.6E-05
v -0.004541 -0.006458 4.900002E-05
v -0.004495 -0.006341 6.000017E-06
v -0.004541 -0.006458 4.900002E-05
v -0.004561 -0.006454 9.300001E-05
v -0.004544001 -0.006395 9.700001E-05
v -0.004509001 -0.006338 5.500001E-05
v -0.004565 -0.006391 0.00014
v -0.004544001 -0.006395 9.700001E-05
v -0.004546 -0.006332 0.000146
v -0.004546 -0.006332 0.000146
v -0.004527 -0.006336 0.000102
v -0.00451 -0.006277 0.000107
v -0.004527 -0.006336 0.000102
v -0.004494001 -0.006278 5.800001E-05
v -0.004509001 -0.006338 5.500001E-05
v -0.004544001 -0.006395 9.700001E-05
v -0.004566 -0.006329 0.000186
v -0.004587001 -0.006387 0.000177
v -0.004527 -0.006274 0.000152
v -0.004587001 -0.006325 0.000223
v -0.004546 -0.006271 0.000194
v -0.004566 -0.006329 0.000186
v -0.004611 -0.006384 0.000212
v -0.00451 -0.006277 0.000107
v -0.004494001 -0.006278 5.800001E-05
v -0.004479 -0.006219 6.200001E-05
v -0.004492 -0.006217 0.000112
v -0.004448 -0.0061 6.800002E-05
v -0.004509001 -0.006338 5.500001E-05
v -0.004495 -0.006341 6.000017E-06
v -0.004541 -0.006458 4.900002E-05
v -0.004468 -0.006222 1.000002E-05
v -0.004494001 -0.006278 5.800001E-05
v -0.004479 -0.006219 6.200001E-05
v -0.004523 -0.00646 1.000008E-06
v -0.00451 -0.006463 -4.999999E-05
v -0.004551 -0.006581 -4.000001E-06
v -0.004543 -0.006581 -2.799999E-05
v -0.004536001 -0.006583 -5.3E-05
v -0.004568 -0.006702 -3.399998E-05
v -0.004561 -0.006703 -5.5E-05
v -0.004552001 -0.006704 -9.399999E-05
v -0.004561 -0.006703 -5.5E-05
v -0.004526 -0.006585 -0.000105
v -0.004552001 -0.006704 -9.399999E-05
v -0.004634 -0.007158 -3.399998E-05
v -0.004618001 -0.00716 -9.399999E-05
v -0.004631 -0.006691 7.6E-05
v -0.004644 -0.006689 9.100002E-05
v -0.004612 -0.006632 7.900002E-05
v -0.004566 -0.006329 0.000186
v -0.004587001 -0.006387 0.000177
v -0.004611 -0.006384 0.000212
v -0.004631 -0.006691 7.6E-05
v -0.004599 -0.006634 6.000002E-05
v -0.004615 -0.006694 5.600002E-05
v -0.004579001 -0.0067 -8.000003E-06
v -0.004543 -0.006581 -2.799999E-05
v -0.004568 -0.006702 -3.399998E-05
v -0.004552001 -0.006704 -0.000221
v -0.00455 -0.006704 -0.000211
v -0.004526 -0.006585 -0.000212
v -0.004552001 -0.006704 -0.000221
v -0.004536001 -0.006583 -0.000263
v -0.004502 -0.006464 -0.000213
v -0.00451 -0.006463 -0.000266
v -0.004459001 -0.006222 -0.00027
v -0.004561 -0.006703 -0.000261
v -0.004536001 -0.006583 -0.000263
v -0.004523 -0.00646 -0.000317
v -0.004495 -0.006341 -0.000321
v -0.004468 -0.006222 -0.000325
v -0.004433 -0.006103 -0.000273
v -0.004464 -0.00616 -0.00038
v -0.004561 -0.006703 -0.000261
v -0.004543 -0.006581 -0.000288
v -0.004568 -0.006702 -0.000282
v -0.00451 -0.006463 -0.000266
v -0.004523 -0.00646 -0.000317
v -0.004459001 -0.006222 -0.00027
v -0.004551 -0.006581 -0.000313
v -0.004543 -0.006581 -0.000288
v -0.004523 -0.00646 -0.000317
v -0.004531 -0.006459 -0.000341
v -0.004495 -0.006341 -0.000321
v -0.004509001 -0.006338 -0.000371
v -0.004468 -0.006222 -0.000325
v -0.004479 -0.006219 -0.000377
v -0.004492 -0.006217 -0.000428
v -0.004464 -0.00616 -0.00038
v -0.004464 -0.00616 -0.00038
v -0.004489 -0.006155 -0.00048
v -0.004448 -0.0061 -0.000384
v -0.004479 -0.006219 -0.000377
v -0.004468 -0.006222 -0.000325
v -0.004509001 -0.006338 -0.000371
v -0.00455 -0.006704 -0.000106
v -0.004552001 -0.006704 -9.399999E-05
v -0.004526 -0.006585 -0.000105
v -0.004561 -0.006703 -5.5E-05
v -0.004536001 -0.006583 -5.3E-05
v -0.00451 -0.006463 -4.999999E-05
v -0.004502 -0.006464 -0.000104
v -0.004453 -0.006224 -0.000102
v -0.004459001 -0.006222 -4.499999E-05
v -0.004495 -0.006341 6.000017E-06
v -0.004468 -0.006222 1.000002E-05
v -0.004433 -0.006103 -4.299999E-05
v -0.004495 -0.006341 6.000017E-06
v -0.004418 -0.005981 -0.00039
v -0.004395 -0.00586 -0.000513
v -0.004432001 -0.005979 -0.0005
v -0.004470001 -0.006097 -0.000487
v -0.004449 -0.005975 -0.000605
v -0.004432001 -0.005979 -0.0005
v -0.004402 -0.00586 -0.000626
v -0.004449 -0.005975 -0.000605
v -0.004432001 -0.005979 -0.0005
v -0.004395 -0.00586 -0.000513
v -0.004402 -0.00586 -0.000626
v -0.004395 -0.00586 -0.000513
v -0.004357 -0.005743 -0.000648
v -0.004402 -0.00586 -0.000626
v -0.004357 -0.005743 -0.000158
v -0.004418 -0.005981 7.400001E-05
v -0.004357 -0.005743 8.700002E-05
v -0.004357 -0.005743 -0.000403
v -0.004387 -0.005862 -0.000397
v -0.004357 -0.005743 -0.000454
v -0.004418 -0.005981 7.400001E-05
v -0.004395 -0.00586 0.000196
v -0.004357 -0.005743 8.700002E-05
v -0.004432001 -0.005979 0.000184
v -0.004402 -0.00586 0.000311
v -0.004395 -0.00586 0.000196
v -0.004609 -0.006446 -0.000485
v -0.004634 -0.006442 -0.000517
v -0.004657 -0.006499 -0.000506
v -0.004609 -0.006446 -0.000485
v -0.004587001 -0.006387 -0.000493
v -0.004634 -0.006442 -0.000517
v -0.004587001 -0.006387 -0.000493
v -0.004611 -0.006384 -0.0005279999
v -0.004634 -0.006442 -0.000517
v -0.004587001 -0.006387 -0.000493
v -0.004566 -0.006329 -0.000502
v -0.004611 -0.006384 -0.0005279999
v -0.005027 -0.006624 -0.0005
v -0.004998 -0.006499 -0.000487
v -0.005038 -0.006621 -0.000495
v -0.004949 -0.006508 -0.000506
v -0.005027 -0.006624 -0.0005
v -0.00499 -0.00663 -0.000512
v -0.004908001 -0.006387 -0.0005
v -0.004957 -0.006377 -0.00048
v -0.004876 -0.006132 -0.000464
v -0.004817 -0.006275 -0.000511
v -0.004826 -0.006143 -0.000487
v -0.004777 -0.006154 -0.000508
v -0.004785 -0.006022 -0.000481
v -0.004685 -0.006046 -0.000524
v -0.004643 -0.005925 -0.000525
v -0.004780001 -0.006539 -0.00052
v -0.004780001 -0.006603 -0.000512
v -0.004759 -0.006544 -0.000517
v -0.004541 -0.006081 -0.00057
v -0.004518 -0.00615 -0.000571
v -0.004495 -0.006093 -0.000582
v -0.004541 -0.006081 -0.00057
v -0.004585 -0.006199 -0.000554
v -0.004518 -0.00615 -0.000571
v -0.004631 -0.006188 -0.000546
v -0.004587001 -0.00607 -0.000556
v -0.004635 -0.006058 -0.000541
v -0.004545 -0.005951 -0.000566
v -0.004541 -0.006081 -0.00057
v -0.004495 -0.006093 -0.000582
v -0.004502 -0.005833 -0.000576
v -0.004402 -0.00586 -0.000626
v -0.004357 -0.005743 -0.000648
v -0.005197 -0.006595 -0.000369
v -0.005177 -0.006466 -0.000342
v -0.005210001 -0.006592 -0.000349
v -0.00519 -0.006462 -0.000322
v -0.005143 -0.006339 -0.000335
v -0.005207 -0.006527 -0.000325
v -0.005177 -0.006466 -0.000342
v -0.005215 -0.006592 -0.00034
v -0.005210001 -0.006592 -0.000349
v -0.005215 -0.006592 -0.00034
v -0.005222001 -0.006591 -0.000328
v -0.005207 -0.006527 -0.000325
v -0.005217 -0.006524 -0.000304
v -0.00519 -0.006462 -0.000322
v -0.005213 -0.006458 -0.00028
v -0.005174 -0.006399 -0.000319
v -0.005258 -0.006516 -0.000158
v -0.005263 -0.006583 -0.000158
v -0.005263 -0.006583 -0.000178
v -0.005174 -0.006399 -0.000319
v -0.005159 -0.006336 -0.000316
v -0.005199001 -0.006394 -0.000277
v -0.005213 -0.006458 -0.00028
v -0.005199001 -0.006394 -0.000277
v -0.005159 -0.006336 -0.000316
v -0.005186 -0.00633 -0.000275
v -0.005127 -0.006208 -0.00031
v -0.004680001 -0.006558 -0.000495
v -0.004657 -0.006499 -0.000506
v -0.004675 -0.006496 -0.000511
v -0.004718001 -0.006552 -0.000508
v -0.004738001 -0.006548 -0.000513
v -0.00474 -0.00661 -0.0005
v -0.004718001 -0.006552 -0.000508
v -0.004738001 -0.006484 -0.000522
v -0.004738001 -0.006548 -0.000513
v -0.004782 -0.006475 -0.000524
v -0.004780001 -0.006539 -0.00052
v -0.004759 -0.006544 -0.000517
v -0.004824 -0.006595 -0.000519
v -0.004851 -0.006526 -0.000522
v -0.004847 -0.006591 -0.000521
v -0.004842001 -0.006655 -0.000516
v -0.004824 -0.006595 -0.000519
v -0.004847 -0.006591 -0.000521
v -0.004842001 -0.006655 -0.000516
v -0.004824 -0.006658 -0.000512
v -0.004824 -0.006595 -0.000519
v -0.004824 -0.006658 -0.000512
v -0.004802 -0.006662 -0.000507
v -0.004802 -0.006598 -0.000516
v -0.004966001 -0.006634 -0.000516
v -0.004941 -0.006638 -0.00052
v -0.004924001 -0.006513 -0.000512
v -0.004587001 -0.00607 -0.000556
v -0.004585 -0.006199 -0.000554
v -0.004541 -0.006081 -0.00057
v -0.004768 -0.006286 -0.000523
v -0.00474 -0.006356 -0.000529
v -0.00472 -0.006297 -0.000531
v -0.004768 -0.006286 -0.000523
v -0.004747 -0.006226 -0.000523
v -0.00474 -0.006356 -0.000529
v -0.004809 -0.006406 -0.000523
v -0.004833 -0.006402 -0.000519
v -0.004829 -0.006466 -0.000522
v -0.004829 -0.006466 -0.000522
v -0.004761001 -0.006415999 -0.000527
v -0.004875 -0.006522 -0.00052
v -0.004673 -0.006306 -0.000536
v -0.00472 -0.006297 -0.000531
v -0.004699001 -0.006237 -0.000534
v -0.004899 -0.006517 -0.000517
v -0.004858001 -0.006396 -0.000514
v -0.004916001 -0.006642 -0.000522
v -0.004875 -0.006522 -0.00052
v -0.004851 -0.006526 -0.000522
v -0.004871 -0.006587 -0.000522
v -0.004892 -0.006647 -0.000522
v -0.004782 -0.006475 -0.000524
v -0.004829 -0.006466 -0.000522
v -0.004761001 -0.006415999 -0.000527
v -0.00474 -0.006356 -0.000529
v -0.004809 -0.006406 -0.000523
v -0.004695001 -0.006365 -0.000532
v -0.004673 -0.006306 -0.000536
v -0.004629001 -0.006315 -0.000539
v -0.004652 -0.006247 -0.000541
v -0.004851 -0.006526 -0.000522
v -0.004803 -0.006535 -0.000522
v -0.004824 -0.006595 -0.000519
v -0.004871 -0.006587 -0.000522
v -0.004847 -0.006591 -0.000521
v -0.004868 -0.006651 -0.00052
v -0.004892 -0.006647 -0.000522
v -0.004868 -0.006651 -0.00052
v -0.004973 -0.007116 -0.000522
v -0.004911 -0.007124 -0.000516
v -0.00496 -0.007671 -0.000516
v -0.005023 -0.007667 -0.000522
v -0.004977 -0.008145 -0.000516
v -0.005040001 -0.008144 -0.000522
v -0.004716 -0.006424 -0.000527
v -0.004761001 -0.006415999 -0.000527
v -0.004695001 -0.006365 -0.000532
v -0.004651 -0.006375 -0.000531
v -0.004629001 -0.006315 -0.000539
v -0.004587001 -0.006325 -0.000539
v -0.004607 -0.006257 -0.000547
v -0.004782 -0.006475 -0.000524
v -0.004738001 -0.006484 -0.000522
v -0.004759 -0.006544 -0.000517
v -0.004673 -0.006434 -0.000523
v -0.004716 -0.006424 -0.000527
v -0.004651 -0.006375 -0.000531
v -0.004611 -0.006384 -0.0005279999
v -0.004802 -0.006662 -0.000507
v -0.004782 -0.006665 -0.0005
v -0.004780001 -0.006603 -0.000512
v -0.00474 -0.00661 -0.0005
v -0.00476 -0.006607 -0.000506
v -0.004738001 -0.006548 -0.000513
v -0.004685 -0.006046 -0.000524
v -0.004678 -0.006177 -0.000536
v -0.004635 -0.006058 -0.000541
v -0.004635 -0.006058 -0.000541
v -0.004643 -0.005925 -0.000525
v -0.004587001 -0.00607 -0.000556
v -0.004777 -0.006154 -0.000508
v -0.004726001 -0.006166 -0.000524
v -0.004747 -0.006226 -0.000523
v -0.004817 -0.006275 -0.000511
v -0.004833 -0.006402 -0.000519
v -0.004768 -0.006286 -0.000523
v -0.004747 -0.006226 -0.000523
v -0.004858001 -0.006396 -0.000514
v -0.004875 -0.006522 -0.00052
v -0.004924001 -0.006513 -0.000512
v -0.004899 -0.006517 -0.000517
v -0.004941 -0.006638 -0.00052
v -0.004699001 -0.006237 -0.000534
v -0.00472 -0.006297 -0.000531
v -0.004726001 -0.006166 -0.000524
v -0.004908001 -0.006387 -0.0005
v -0.004858001 -0.006396 -0.000514
v -0.004924001 -0.006513 -0.000512
v -0.004949 -0.006508 -0.000506
v -0.004966001 -0.006634 -0.000516
v -0.00499 -0.00663 -0.000512
v -0.004678 -0.006177 -0.000536
v -0.004726001 -0.006166 -0.000524
v -0.004678 -0.006177 -0.000536
v -0.004685 -0.006046 -0.000524
v -0.004631 -0.006188 -0.000546
v -0.004635 -0.006058 -0.000541
v -0.004652 -0.006247 -0.000541
v -0.004651 -0.006375 -0.000531
v -0.004611 -0.006384 -0.0005279999
v -0.004587001 -0.006325 -0.000539
v -0.005032001 -0.005825 -0.000292
v -0.005094001 -0.005672 -0.000222
v -0.005117001 -0.005802 -0.000225
v -0.00514 -0.005933 -0.000228
v -0.005196 -0.00578 -0.000158
v -0.005117001 -0.005802 -0.000225
v -0.005184 -0.005646 -0.000158
v -0.005196 -0.00578 -0.000158
v -0.005117001 -0.005802 -0.000225
v -0.005094001 -0.005672 -0.000222
v -0.005184 -0.005646 -0.000158
v -0.005094001 -0.005672 -0.000222
v -0.005173 -0.005513 -0.000158
v -0.005184 -0.005646 -0.000158
v -0.005094001 -0.005672 -0.000222
v -0.004969 -0.00557 -0.00028
v -0.005173 -0.005513 -0.000158
v -0.004545 -0.005951 -0.000566
v -0.004402 -0.00586 -0.000626
v -0.004502 -0.005833 -0.000576
v -0.004726001 -0.006674 -0.000473
v -0.004703001 -0.006617 -0.000484
v -0.004744 -0.006672 -0.000482
v -0.004721 -0.006613 -0.000492
v -0.004763 -0.006669 -0.000491
v -0.004703001 -0.006617 -0.000484
v -0.004698 -0.006555 -0.000502
v -0.004652 -0.006247 -0.000541
v -0.004678 -0.006177 -0.000536
v -0.004699001 -0.006237 -0.000534
v -0.004652 -0.006247 -0.000541
v -0.004673 -0.006306 -0.000536
v -0.004607 -0.006257 -0.000547
v -0.004631 -0.006188 -0.000546
v -0.004629001 -0.006315 -0.000539
v 0.009345 -0.0003319997 -0.000648
v 0.009289 -0.0002990002 -0.000648
v 0.009907 -0.0006999997 -0.000403
v 0.009907 -0.0006999997 0.000332
v 0.009907 -0.0006999997 8.700002E-05
v 0.009345 -0.0003319997 0.000332
v 0.009907 -0.0006999997 -0.000158
v 0.010083 -0.0008199997 5.600002E-05
v 0.010254 -0.000945 2.600002E-05
v 0.010246 -0.0009479998 -6.599999E-05
v 0.010243 -0.000949 -0.000158
v 0.010568 -0.001214 -0.000128
v 0.010567 -0.001215 -0.000158
v 0.010879 -0.001493 -0.000158
v 0.010879 -0.001493 -0.000158
v 0.01088 -0.001493 -0.000143
v 0.011178 -0.001785 -0.000158
v 0.009907 -0.0006999997 -0.000158
v 0.009289 -0.0002990002 0.000332
v 0.009289 -0.0002990002 -0.000648
v 0.009907 -0.0006999997 -0.000403
v 0.010083 -0.0008199997 -0.000372
v 0.009907 -0.0006999997 -0.000648
v 0.009345 -0.0003319997 -0.000648
v 0.009907 -0.0006999997 8.700002E-05
v 0.009289 -0.0002990002 0.000332
v 0.009345 -0.0003319997 0.000332
v -0.004151 -0.005102 0.000332
v -0.004129 -0.005041 0.000332
v -0.004357 -0.005743 8.700002E-05
v -0.004129 -0.005041 -0.000648
v -0.004151 -0.005102 -0.000648
v -0.004357 -0.005743 -0.000403
v 0.011182 -0.001645 -0.000158
v 0.011181 -0.001648 -0.00016
v 0.011178 -0.001785 -0.000158
v 0.011182 -0.001645 -0.000158
v 0.011179 -0.001505 -0.000158
v 0.011175 -0.001513 -0.000162
v 0.01117 -0.001375 -0.000158
v 0.011162 -0.001383 -0.000164
v 0.011175 -0.001513 -0.000162
v 0.011178 -0.001785 -0.000158
v 0.011181 -0.001648 -0.00016
v 0.01117 -0.00152 -0.000165
v 0.011071 -0.001033 -0.000181
v 0.011097 -0.0009989999 -0.000158
v 0.011058 -0.0008779997 -0.000158
v 0.011071 -0.001033 -0.000181
v 0.011134 -0.001268 -0.000173
v 0.011097 -0.0009989999 -0.000158
v 0.011153 -0.001246 -0.000158
v 0.01114 -0.001173 -0.000158
v 0.011134 -0.001268 -0.000173
v 0.01117 -0.001375 -0.000158
v 0.011162 -0.001383 -0.000164
v 0.011156 -0.001392 -0.000169
v 0.011162 -0.001383 -0.000164
v 0.011175 -0.001513 -0.000162
v 0.01117 -0.00152 -0.000165
v 0.011181 -0.001648 -0.00016
v 0.011134 -0.001268 -0.000173
v 0.01114 -0.001173 -0.000158
v 0.011097 -0.0009989999 -0.000158
v 0.011038 -0.001072 -0.000204
v 0.011071 -0.001033 -0.000181
v 0.011111 -0.001294 -0.000188
v 0.011156 -0.001392 -0.000169
v 0.011158 -0.001533 -0.000173
v 0.01117 -0.00152 -0.000165
v 0.010275 -0.0001809997 -0.00028
v 0.010152 -0.0003539994 -0.000403
v 0.010356 -0.0004890002 -0.000372
v 0.01048 -0.0003289999 -0.000265
v 0.010398 -8.000061E-06 -0.000158
v 0.010643 -0.0002229996 -0.000158
v 0.010356 -0.0004890002 -0.000372
v 0.010099 -0.0008119997 -0.000586
v 0.010152 -0.0003539994 -0.000403
v 0.009907 -0.0006999997 -0.000648
v 0.010099 -0.0008119997 -0.000586
v 0.010152 -0.0003539994 -0.000403
v 0.010099 -0.0008119997 -0.000586
v 0.010305 -0.000947 -0.000518
v 0.010356 -0.0004890002 -0.000372
v 0.010305 -0.000947 -0.000518
v 0.010539 -0.0006349999 -0.000342
v 0.010356 -0.0004890002 -0.000372
v 0.01048 -0.0003289999 -0.000265
v 0.010356 -0.0004890002 -0.000372
v 0.010659 -0.000492 -0.00025
v 0.010643 -0.0002229996 -0.000158
v 0.010762 -0.0003559999 -0.000158
v 0.010842 -0.0004620003 -0.000158
v 0.010659 -0.000492 -0.00025
v 0.010811 -0.00067 -0.000235
v 0.010933 -0.0006069997 -0.000158
v 0.010305 -0.000947 -0.000518
v 0.010456 -0.001057 -0.000464
v 0.010539 -0.0006349999 -0.000342
v 0.010456 -0.001057 -0.000464
v 0.0107 -0.000796 -0.000311
v 0.010539 -0.0006349999 -0.000342
v 0.010811 -0.00067 -0.000235
v 0.010659 -0.000492 -0.00025
v 0.010539 -0.0006349999 -0.000342
v 0.010456 -0.001057 -0.000464
v 0.010655 -0.001219 -0.000389
v 0.0107 -0.000796 -0.000311
v 0.01081 -0.001363 -0.000327
v 0.010839 -0.0009679999 -0.00028
v 0.010918 -0.001474 -0.00028
v 0.010957 -0.001153 -0.00025
v 0.011038 -0.001072 -0.000204
v 0.011052 -0.001351 -0.000219
v 0.011111 -0.001294 -0.000188
v 0.010957 -0.001153 -0.00025
v 0.01081 -0.001363 -0.000327
v 0.010839 -0.0009679999 -0.00028
v 0.011084 -0.001664 -0.000205
v 0.011052 -0.001351 -0.000219
v 0.011178 -0.001785 -0.000158
v 0.011126 -0.001563 -0.000188
v 0.011158 -0.001533 -0.000173
v 0.011111 -0.001294 -0.000188
v 0.011126 -0.001563 -0.000188
v 0.011158 -0.001533 -0.000173
v 0.011156 -0.001392 -0.000169
v 0.010655 -0.001219 -0.000389
v 0.010839 -0.0009679999 -0.00028
v 0.0107 -0.000796 -0.000311
v 0.010937 -0.0008629998 -0.000219
v 0.010811 -0.00067 -0.000235
v 0.0107 -0.000796 -0.000311
v 0.011084 -0.001664 -0.000205
v 0.011126 -0.001563 -0.000188
v 0.011052 -0.001351 -0.000219
v 0.011158 -0.001533 -0.000173
v 0.011178 -0.001785 -0.000158
v 0.01117 -0.00152 -0.000165
v 0.010436 -0.001066 7.200002E-05
v 0.010305 -0.000947 0.000201
v 0.010456 -0.001057 0.000148
v 0.011178 -0.001785 -0.000158
v 0.011044 -0.00163 -0.000112
v 0.011084 -0.001664 -0.000111
v 0.010728 -0.00135 -0.000112
v 0.01088 -0.001493 -0.000143
v 0.010568 -0.001214 -0.000128
v 0.010571 -0.001213 -9.599999E-05
v 0.010733 -0.001348 -8.899999E-05
v 0.010582 -0.001207 -3.599998E-05
v 0.010246 -0.0009479998 -6.599999E-05
v 0.01042 -0.001073 -4.99998E-06
v 0.010882 -0.001492 -0.000128
v 0.010728 -0.00135 -0.000112
v 0.01088 -0.001493 -0.000143
v 0.010882 -0.001492 -0.000128
v 0.011032 -0.001637 -0.000143
v 0.01042 -0.001073 -4.99998E-06
v 0.010436 -0.001066 7.200002E-05
v 0.010254 -0.000945 2.600002E-05
v 0.010305 -0.000947 0.000201
v 0.010254 -0.000945 2.600002E-05
v 0.010083 -0.0008199997 5.600002E-05
v 0.010733 -0.001348 -8.899999E-05
v 0.010886 -0.00149 -0.000112
v 0.011032 -0.001637 -0.000143
v 0.010739 -0.001345 -6.599999E-05
v 0.010582 -0.001207 -3.599998E-05
v 0.011034 -0.001636 -0.000135
v 0.011178 -0.001785 -0.000158
v 0.010891 -0.001488 -9.599999E-05
v 0.011037 -0.001634 -0.000128
v 0.011178 -0.001785 -0.000158
v 0.011034 -0.001636 -0.000135
v 0.010891 -0.001488 -9.599999E-05
v 0.010886 -0.00149 -0.000112
v 0.010739 -0.001345 -6.599999E-05
v 0.010754 -0.001338 -1.999998E-05
v 0.010582 -0.001207 -3.599998E-05
v 0.010903 -0.001481 -6.599999E-05
v 0.011178 -0.001785 -0.000158
v 0.01088 -0.001493 -0.000143
v 0.011032 -0.001637 -0.000143
v 0.011044 -0.00163 -0.000112
v 0.011037 -0.001634 -0.000128
v 0.010891 -0.001488 -9.599999E-05
v 0.010918 -0.001474 -3.599998E-05
v 0.011084 -0.001664 -0.000111
v 0.010903 -0.001481 -6.599999E-05
v 0.010918 -0.001474 -3.599998E-05
v 0.010754 -0.001338 -1.999998E-05
v 0.01081 -0.001363 1.1E-05
v 0.010754 -0.001338 -1.999998E-05
v 0.01081 -0.001363 1.1E-05
v 0.010598 -0.001199 2.600002E-05
v 0.010655 -0.001219 7.3E-05
v 0.01088 -0.001493 -0.000173
v 0.010728 -0.00135 -0.000204
v 0.010568 -0.001214 -0.000188
v 0.010571 -0.001213 -0.000219
v 0.010733 -0.001348 -0.000227
v 0.010582 -0.001207 -0.00028
v 0.010739 -0.001345 -0.00025
v 0.01042 -0.001073 -0.000311
v 0.010246 -0.0009479998 -0.00025
v 0.010728 -0.00135 -0.000204
v 0.010886 -0.00149 -0.000204
v 0.010882 -0.001492 -0.000188
v 0.011034 -0.001636 -0.000181
v 0.011032 -0.001637 -0.000173
v 0.011178 -0.001785 -0.000158
v 0.01088 -0.001493 -0.000173
v 0.010882 -0.001492 -0.000188
v 0.011032 -0.001637 -0.000173
v 0.010254 -0.000945 -0.000342
v 0.010436 -0.001066 -0.000387
v 0.010598 -0.001199 -0.000342
v 0.010456 -0.001057 -0.000464
v 0.010254 -0.000945 -0.000342
v 0.010655 -0.001219 -0.000389
v 0.01088 -0.001493 -0.000173
v 0.011178 -0.001785 -0.000158
v 0.011032 -0.001637 -0.000173
v 0.011044 -0.00163 -0.000204
v 0.011037 -0.001634 -0.000188
v 0.010891 -0.001488 -0.000219
v 0.010918 -0.001474 -0.00028
v 0.011084 -0.001664 -0.000205
v 0.010903 -0.001481 -0.00025
v 0.010754 -0.001338 -0.000295
v 0.010918 -0.001474 -0.00028
v 0.01081 -0.001363 -0.000327
v 0.011044 -0.00163 -0.000204
v 0.011178 -0.001785 -0.000158
v 0.011084 -0.001664 -0.000205
v 0.011037 -0.001634 -0.000188
v 0.010891 -0.001488 -0.000219
v 0.010886 -0.00149 -0.000204
v 0.011034 -0.001636 -0.000181
v 0.011037 -0.001634 -0.000188
v 0.011178 -0.001785 -0.000158
v 0.010083 -0.0008199997 -0.000372
v 0.010099 -0.0008119997 -0.000586
v 0.009907 -0.0006999997 -0.000648
v 0.010655 -0.001219 7.3E-05
v 0.010598 -0.001199 2.600002E-05
v 0.010456 -0.001057 0.000148
v 0.009907 -0.0006999997 8.700002E-05
v 0.009907 -0.0006999997 0.000332
v 0.010099 -0.0008119997 0.000271
v 0.010598 -0.001199 -0.000342
v 0.010754 -0.001338 -0.000295
v 0.01081 -0.001363 -0.000327
v 0.010655 -0.001219 -0.000389
v 0.010598 -0.001199 -0.000342
v 0.010436 -0.001066 -0.000387
v 0.011158 -0.001533 -0.000143
v 0.01117 -0.00152 -0.00015
v 0.011178 -0.001785 -0.000158
v 0.011071 -0.001033 -0.000135
v 0.011097 -0.0009989999 -0.000158
v 0.01114 -0.001173 -0.000158
v 0.011134 -0.001268 -0.000143
v 0.011144 -0.001257 -0.00015
v 0.01114 -0.001173 -0.000158
v 0.011038 -0.001072 -0.000112
v 0.011134 -0.001268 -0.000143
v 0.011111 -0.001294 -0.000128
v 0.011038 -0.001072 -0.000112
v 0.010957 -0.001153 -6.599999E-05
v 0.010839 -0.0009679999 -3.599998E-05
v 0.010655 -0.001219 7.3E-05
v 0.010456 -0.001057 0.000148
v 0.011111 -0.001294 -0.000128
v 0.011052 -0.001351 -9.599999E-05
v 0.011158 -0.001533 -0.000143
v 0.011126 -0.001563 -0.000128
v 0.011178 -0.001785 -0.000158
v 0.011126 -0.001563 -0.000128
v 0.011084 -0.001664 -0.000111
v 0.010918 -0.001474 -3.599998E-05
v 0.011052 -0.001351 -9.599999E-05
v 0.01081 -0.001363 1.1E-05
v 0.010957 -0.001153 -6.599999E-05
v 0.010655 -0.001219 7.3E-05
v 0.011071 -0.001033 -0.000135
v 0.01098 -0.0008139997 -0.000128
v 0.011097 -0.0009989999 -0.000158
v 0.011014 -0.0007699998 -0.000158
v 0.011058 -0.0008779997 -0.000158
v 0.01098 -0.0008139997 -0.000128
v 0.010933 -0.0006069997 -0.000158
v 0.010811 -0.00067 -8.099999E-05
v 0.01098 -0.0008139997 -0.000128
v 0.010937 -0.0008629998 -9.599999E-05
v 0.0107 -0.000796 -4.99998E-06
v 0.010539 -0.0006349999 2.600002E-05
v 0.010305 -0.000947 0.000201
v 0.010099 -0.0008119997 0.000271
v 0.01098 -0.0008139997 -0.000128
v 0.011058 -0.0008779997 -0.000158
v 0.011097 -0.0009989999 -0.000158
v 0.010937 -0.0008629998 -9.599999E-05
v 0.011071 -0.001033 -0.000135
v 0.011038 -0.001072 -0.000112
v 0.010937 -0.0008629998 -9.599999E-05
v 0.010839 -0.0009679999 -3.599998E-05
v 0.0107 -0.000796 -4.99998E-06
v 0.010456 -0.001057 0.000148
v 0.010305 -0.000947 0.000201
v 0.011175 -0.001513 -0.000154
v 0.01117 -0.001375 -0.000158
v 0.011179 -0.001505 -0.000158
v 0.011144 -0.001257 -0.00015
v 0.011153 -0.001246 -0.000158
v 0.01114 -0.001173 -0.000158
v 0.01117 -0.001375 -0.000158
v 0.011175 -0.001513 -0.000154
v 0.011144 -0.001257 -0.00015
v 0.011175 -0.001513 -0.000154
v 0.011181 -0.001648 -0.000156
v 0.01117 -0.00152 -0.00015
v 0.011181 -0.001648 -0.000156
v 0.011178 -0.001785 -0.000158
v 0.01117 -0.00152 -0.00015
v 0.010099 -0.0008119997 0.000271
v 0.009907 -0.0006999997 0.000332
v 0.010356 -0.0004890002 5.600002E-05
v 0.010398 -8.000061E-06 -0.000158
v 0.010643 -0.0002229996 -0.000158
v 0.010152 -0.0003539994 8.700002E-05
v 0.009907 -0.0006999997 0.000332
v 0.010356 -0.0004890002 5.600002E-05
v 0.010643 -0.0002229996 -0.000158
v 0.010659 -0.000492 -6.599999E-05
v 0.010762 -0.0003559999 -0.000158
v 0.010659 -0.000492 -6.599999E-05
v 0.010842 -0.0004620003 -0.000158
v 0.010811 -0.00067 -8.099999E-05
v 0.010933 -0.0006069997 -0.000158
v 0.010539 -0.0006349999 2.600002E-05
v 0.010356 -0.0004890002 5.600002E-05
v 0.010099 -0.0008119997 0.000271
v -0.005263 -0.006583 -0.000138
v -0.005334001 -0.007074 -0.000158
v -0.005263 -0.006583 -0.000158
v -0.005256 -0.006517 -0.000138
v -0.005222001 -0.006591 -0.000328
v -0.005286 -0.00708 -0.00034
v -0.005215 -0.006592 -0.00034
v -0.005210001 -0.006592 -0.000349
v -0.004676001 -0.006683 0.000122
v -0.004792001 -0.007139 0.000157
v -0.004693 -0.006681 0.000135
v -0.004675 -0.006683 0.000121
v -0.004675 -0.006683 0.000121
v -0.004644 -0.006689 9.100002E-05
v -0.004741 -0.007145 0.000121
v -0.004697 -0.00715 7.6E-05
v -0.00479 -0.007681 0.000121
v -0.004745001 -0.007684 7.6E-05
v -0.004807001 -0.008146999 0.000121
v -0.004762 -0.008146999 7.6E-05
v -0.00459 -0.006698 1.600001E-05
v -0.004660001 -0.007154 2.400001E-05
v -0.004594001 -0.006697 2.400001E-05
v -0.004602001 -0.006696 3.600001E-05
v -0.004697 -0.00715 7.6E-05
v -0.004615 -0.006694 5.600002E-05
v -0.004602001 -0.006696 3.600001E-05
v -0.004660001 -0.007154 2.400001E-05
v -0.004745001 -0.007684 7.6E-05
v -0.004709 -0.007687 2.400001E-05
v -0.004762 -0.008146999 7.6E-05
v -0.004725 -0.008148 2.400001E-05
v -0.004618001 -0.00716 -0.000221
v -0.004612 -0.00716 -0.000158
v -0.00455 -0.006704 -0.000211
v -0.004547 -0.006705 -0.000158
v -0.004612 -0.00716 -0.000158
v -0.004618001 -0.00716 -9.399999E-05
v -0.004547 -0.006705 -0.000158
v -0.00455 -0.006704 -0.000106
v -0.004634 -0.007158 -0.000282
v -0.004618001 -0.00716 -0.000221
v -0.004561 -0.006703 -0.000261
v -0.004552001 -0.006704 -0.000221
v -0.004594001 -0.006697 -0.00034
v -0.004660001 -0.007154 -0.00034
v -0.00459 -0.006698 -0.000331
v -0.004602001 -0.006696 -0.000352
v -0.004660001 -0.007154 -0.00034
v -0.004579001 -0.0067 -0.000309
v -0.00459 -0.006698 -0.000331
v -0.004634 -0.007158 -0.000282
v -0.004660001 -0.007154 -0.00034
v -0.004602001 -0.006696 -0.000352
v -0.004615 -0.006694 -0.000372
v -0.004697 -0.00715 -0.000391
v -0.004709 -0.007687 -0.00034
v -0.004745001 -0.007684 -0.000391
v -0.004725 -0.008148 -0.00034
v -0.004762 -0.008146999 -0.000391
v -0.004631 -0.006691 -0.000391
v -0.004660001 -0.006686 -0.000424
v -0.004697 -0.00715 -0.000391
v -0.004741 -0.007145 -0.000437
v -0.004745001 -0.007684 -0.000391
v -0.00479 -0.007681 -0.000437
v -0.004762 -0.008146999 -0.000391
v -0.004807001 -0.008146999 -0.000437
v -0.004763 -0.006669 -0.000491
v -0.004850001 -0.007131 -0.0005
v -0.004744 -0.006672 -0.000482
v -0.004726001 -0.006674 -0.000473
v -0.004792001 -0.007139 -0.000473
v -0.004841 -0.007678 -0.000473
v -0.004899 -0.007675 -0.0005
v -0.004858001 -0.008146 -0.000473
v -0.004915 -0.008146 -0.0005
v -0.004792001 -0.007139 -0.000473
v -0.004709 -0.006677 -0.000463
v -0.004726001 -0.006674 -0.000473
v -0.004693 -0.006681 -0.000451
v -0.004741 -0.007145 -0.000437
v -0.00479 -0.007681 -0.000437
v -0.004841 -0.007678 -0.000473
v -0.004807001 -0.008146999 -0.000437
v -0.004858001 -0.008146 -0.000473
v -0.004802 -0.006662 -0.000507
v -0.004824 -0.006658 -0.000512
v -0.004911 -0.007124 -0.000516
v -0.004850001 -0.007131 -0.0005
v -0.004899 -0.007675 -0.0005
v -0.00496 -0.007671 -0.000516
v -0.004915 -0.008146 -0.0005
v -0.004977 -0.008145 -0.000516
v -0.004911 -0.007124 -0.000516
v -0.004842001 -0.006655 -0.000516
v -0.004868 -0.006651 -0.00052
v -0.004847 -0.006591 -0.000521
v -0.005096 -0.007102 -0.0005
v -0.00499 -0.00663 -0.000512
v -0.005027 -0.006624 -0.0005
v -0.005036001 -0.007109 -0.000516
v -0.005086001 -0.007663 -0.000516
v -0.005148001 -0.007659 -0.0005
v -0.005104 -0.008144 -0.000516
v -0.005165 -0.008143 -0.0005
v -0.005154 -0.007095 -0.000473
v -0.005084 -0.006615 -0.000473
v -0.005127 -0.006607 -0.000443
v -0.005205 -0.007089 -0.000437
v -0.005205 -0.007656 -0.000473
v -0.005256 -0.007653 -0.000437
v -0.005223 -0.008142 -0.000473
v -0.005274 -0.008142 -0.000437
v -0.005154 -0.007095 -0.000473
v -0.005038 -0.006621 -0.000495
v -0.005084 -0.006615 -0.000473
v -0.005096 -0.007102 -0.0005
v -0.005148001 -0.007659 -0.0005
v -0.005205 -0.007656 -0.000473
v -0.005165 -0.008143 -0.0005
v -0.005223 -0.008142 -0.000473
v -0.005205 -0.007089 -0.000437
v -0.005135 -0.006605 -0.000437
v -0.005165 -0.0066 -0.000409
v -0.00525 -0.007084 -0.000391
v -0.005256 -0.007653 -0.000437
v -0.005301 -0.00765 -0.000391
v -0.005274 -0.008142 -0.000437
v -0.005319001 -0.00814 -0.000391
v -0.005286 -0.00708 -0.00034
v -0.005197 -0.006595 -0.000369
v -0.005210001 -0.006592 -0.000349
v -0.00525 -0.007084 -0.000391
v -0.005301 -0.00765 -0.000391
v -0.005286 -0.00708 -0.00034
v -0.005337 -0.007648 -0.00034
v -0.005319001 -0.00814 -0.000391
v -0.005355 -0.008141 -0.00034
v -0.005222001 -0.006591 -0.000328
v -0.005232 -0.006589 -0.000306
v -0.005286 -0.00708 -0.00034
v -0.005312 -0.007076 -0.000282
v -0.005364 -0.007646 -0.000282
v -0.005337 -0.007648 -0.00034
v -0.005286 -0.00708 -0.00034
v -0.005248 -0.006585 -0.000262
v -0.005329 -0.007074 -0.000221
v -0.005312 -0.007076 -0.000282
v -0.005254 -0.006585 -0.000241
v -0.005242 -0.006519 -0.00024
v -0.005248 -0.006519 -0.000219
v -0.005238 -0.006453 -0.000218
v -0.005244 -0.006451 -0.000198
v -0.005235 -0.006384999 -0.000196
v -0.005246 -0.006382 -0.000158
v -0.005249001 -0.00645 -0.000177
v -0.005226001 -0.00632 -0.000196
v -0.005244 -0.006451 -0.000198
v -0.005249001 -0.00645 -0.000177
v -0.005252 -0.006517 -0.000198
v -0.005248 -0.006519 -0.000219
v -0.005258 -0.006584 -0.000221
v -0.005254 -0.006585 -0.000241
v -0.005329 -0.007074 -0.000221
v -0.005334001 -0.007074 -0.000158
v -0.005329 -0.007074 -0.000221
v -0.005261001 -0.006584 -0.000199
v -0.005263 -0.006583 -0.000178
v -0.005256 -0.006517 -0.000177
v -0.005258 -0.006516 -0.000158
v -0.005252 -0.00645 -0.000158
v -0.005329 -0.007074 -0.000221
v -0.005258 -0.006584 -0.000221
v -0.005261001 -0.006584 -0.000199
v -0.005252 -0.006517 -0.000198
v -0.005256 -0.006517 -0.000177
v -0.005249001 -0.00645 -0.000177
v -0.005252 -0.00645 -0.000158
v -0.005246 -0.006382 -0.000158
v -0.005261001 -0.006584 -0.000118
v -0.005329 -0.007074 -9.399999E-05
v -0.005334001 -0.007074 -0.000158
v -0.005263 -0.006583 -0.000138
v -0.005252 -0.006517 -0.000118
v -0.005261001 -0.006584 -0.000118
v -0.005258 -0.006584 -9.399999E-05
v -0.005329 -0.007074 -9.399999E-05
v -0.005248 -0.006519 -9.799999E-05
v -0.005312 -0.007076 -3.399998E-05
v -0.005329 -0.007074 -9.399999E-05
v -0.005248 -0.006585 -5.3E-05
v -0.005254 -0.006585 -7.499999E-05
v -0.005329 -0.007074 -9.399999E-05
v -0.005258 -0.006584 -9.399999E-05
v -0.005254 -0.006585 -7.499999E-05
v -0.005242 -0.006519 -7.6E-05
v -0.005215 -0.006592 2.400001E-05
v -0.005286 -0.00708 2.400001E-05
v -0.005222001 -0.006591 1.2E-05
v -0.005210001 -0.006592 3.300002E-05
v -0.005286 -0.00708 2.400001E-05
v -0.005232 -0.006589 -9.999989E-06
v -0.005222001 -0.006591 1.2E-05
v -0.005312 -0.007076 -3.399998E-05
v -0.005364 -0.007646 -3.399998E-05
v -0.005286 -0.00708 2.400001E-05
v -0.005337 -0.007648 2.400001E-05
v -0.005286 -0.00708 2.400001E-05
v -0.005210001 -0.006592 3.300002E-05
v -0.005197 -0.006595 5.3E-05
v -0.00525 -0.007084 7.6E-05
v -0.005337 -0.007648 2.400001E-05
v -0.005301 -0.00765 7.6E-05
v -0.005355 -0.008141 2.400001E-05
v -0.005319001 -0.00814 7.6E-05
v -0.005205 -0.007089 0.000121
v -0.005165 -0.0066 9.2E-05
v -0.005135 -0.006605 0.000121
v -0.00525 -0.007084 7.6E-05
v -0.005301 -0.00765 7.6E-05
v -0.005256 -0.007653 0.000121
v -0.005319001 -0.00814 7.6E-05
v -0.005274 -0.008142 0.000121
v -0.005154 -0.007095 0.000157
v -0.005084 -0.006615 0.000157
v -0.005038 -0.006621 0.000179
v -0.005096 -0.007102 0.000183
v -0.005205 -0.007656 0.000157
v -0.005148001 -0.007659 0.000183
v -0.005223 -0.008142 0.000157
v -0.005165 -0.008143 0.000183
v -0.005154 -0.007095 0.000157
v -0.005127 -0.006607 0.000128
v -0.005084 -0.006615 0.000157
v -0.005205 -0.007089 0.000121
v -0.005256 -0.007653 0.000121
v -0.005205 -0.007656 0.000157
v -0.005274 -0.008142 0.000121
v -0.005223 -0.008142 0.000157
v -0.005096 -0.007102 0.000183
v -0.005027 -0.006624 0.000183
v -0.00499 -0.00663 0.000195
v -0.005036001 -0.007109 0.0002
v -0.005148001 -0.007659 0.000183
v -0.005086001 -0.007663 0.0002
v -0.005165 -0.008143 0.000183
v -0.005104 -0.008144 0.0002
v -0.004911 -0.007124 0.0002
v -0.004973 -0.007116 0.000206
v -0.004842001 -0.006655 0.0002
v -0.005023 -0.007667 0.000206
v -0.00496 -0.007671 0.0002
v -0.005040001 -0.008144 0.000206
v -0.004977 -0.008145 0.0002
v -0.004892 -0.006647 0.000206
v -0.004868 -0.006651 0.000204
v -0.004847 -0.006591 0.000206
v -0.004824 -0.006595 0.000204
v -0.004803 -0.006535 0.000206
v -0.004780001 -0.006539 0.000204
v -0.004782 -0.006475 0.000208
v -0.004738001 -0.006484 0.000206
v -0.004761001 -0.006415999 0.000211
v -0.005404001 -0.00814 -0.000158
v -0.005398 -0.00814 -0.000221
v -0.005386 -0.007645 -0.000158
v -0.00538 -0.007645 -0.000221
v -0.005398 -0.00814 -0.000221
v -0.005383 -0.00814 -0.000282
v -0.00538 -0.007645 -0.000221
v -0.005364 -0.007646 -0.000282
v -0.005383 -0.00814 -0.000282
v -0.005355 -0.008141 -0.00034
v -0.005364 -0.007646 -0.000282
v -0.005337 -0.007648 -0.00034
v -0.005104 -0.008144 -0.000516
v -0.005040001 -0.008144 -0.000522
v -0.005086001 -0.007663 -0.000516
v -0.005023 -0.007667 -0.000522
v -0.005036001 -0.007109 -0.000516
v -0.004973 -0.007116 -0.000522
v -0.004941 -0.006638 -0.00052
v -0.004916001 -0.006642 -0.000522
v -0.004899 -0.006517 -0.000517
v -0.004725 -0.008148 -0.00034
v -0.004698 -0.008148 -0.000282
v -0.004709 -0.007687 -0.00034
v -0.004682 -0.007688 -0.000282
v -0.004698 -0.008148 -0.000282
v -0.004683001 -0.008148 -0.000221
v -0.004682 -0.007688 -0.000282
v -0.004665 -0.007689 -0.000221
v -0.004683001 -0.008148 -0.000221
v -0.004677 -0.008149 -0.000158
v -0.004665 -0.007689 -0.000221
v -0.004659 -0.007689 -0.000158
v -0.004677 -0.008149 -0.000158
v -0.004683001 -0.008148 -9.399999E-05
v -0.004659 -0.007689 -0.000158
v -0.004665 -0.007689 -9.399999E-05
v -0.004683001 -0.008148 -9.399999E-05
v -0.004698 -0.008148 -3.399998E-05
v -0.004665 -0.007689 -9.399999E-05
v -0.004682 -0.007688 -3.399998E-05
v -0.004698 -0.008148 -3.399998E-05
v -0.004725 -0.008148 2.400001E-05
v -0.004682 -0.007688 -3.399998E-05
v -0.004709 -0.007687 2.400001E-05
v -0.005355 -0.008141 2.400001E-05
v -0.005383 -0.00814 -3.399998E-05
v -0.005337 -0.007648 2.400001E-05
v -0.005364 -0.007646 -3.399998E-05
v -0.005383 -0.00814 -3.399998E-05
v -0.005398 -0.00814 -9.399999E-05
v -0.005364 -0.007646 -3.399998E-05
v -0.00538 -0.007645 -9.399999E-05
v -0.005398 -0.00814 -9.399999E-05
v -0.005404001 -0.00814 -0.000158
v -0.00538 -0.007645 -9.399999E-05
v -0.005386 -0.007645 -0.000158
v -0.004659 -0.007689 -0.000158
v -0.004665 -0.007689 -9.399999E-05
v -0.004612 -0.00716 -0.000158
v -0.004618001 -0.00716 -9.399999E-05
v -0.004665 -0.007689 -9.399999E-05
v -0.004682 -0.007688 -3.399998E-05
v -0.004618001 -0.00716 -9.399999E-05
v -0.004634 -0.007158 -3.399998E-05
v -0.004682 -0.007688 -3.399998E-05
v -0.004709 -0.007687 2.400001E-05
v -0.004634 -0.007158 -3.399998E-05
v -0.004660001 -0.007154 2.400001E-05
v -0.005364 -0.007646 -3.399998E-05
v -0.00538 -0.007645 -9.399999E-05
v -0.005312 -0.007076 -3.399998E-05
v -0.005329 -0.007074 -9.399999E-05
v -0.00538 -0.007645 -9.399999E-05
v -0.005386 -0.007645 -0.000158
v -0.005329 -0.007074 -9.399999E-05
v -0.005334001 -0.007074 -0.000158
v -0.005386 -0.007645 -0.000158
v -0.00538 -0.007645 -0.000221
v -0.005334001 -0.007074 -0.000158
v -0.005329 -0.007074 -0.000221
v -0.00538 -0.007645 -0.000221
v -0.005364 -0.007646 -0.000282
v -0.005329 -0.007074 -0.000221
v -0.005312 -0.007076 -0.000282
v -0.004709 -0.007687 -0.00034
v -0.004682 -0.007688 -0.000282
v -0.004660001 -0.007154 -0.00034
v -0.004634 -0.007158 -0.000282
v -0.004682 -0.007688 -0.000282
v -0.004665 -0.007689 -0.000221
v -0.004634 -0.007158 -0.000282
v -0.004618001 -0.00716 -0.000221
v -0.004665 -0.007689 -0.000221
v -0.004659 -0.007689 -0.000158
v -0.004618001 -0.00716 -0.000221
v -0.004612 -0.00716 -0.000158
v -0.005218001 -0.006254 -0.000121
v -0.005241001 -0.006315 -0.000158
v -0.005235 -0.006248 -0.000158
v -0.005209 -0.006187 -0.000121
v -0.004768 -0.006286 0.000207
v -0.004777 -0.006154 0.000191
v -0.004726001 -0.006166 0.000208
v -0.004705 -0.006106 0.000208
v -0.004685 -0.006046 0.000208
v -0.004608 -0.006129 0.000236
v -0.004678 -0.006177 0.000221
v -0.004726001 -0.006166 0.000208
v -0.004705 -0.006106 0.000208
v -0.004768 -0.006286 0.000207
v -0.004777 -0.006154 0.000191
v -0.004817 -0.006275 0.000194
v -0.004833 -0.006402 0.000202
v -0.004858001 -0.006396 0.000197
v -0.004899 -0.006517 0.0002
v -0.004924001 -0.006513 0.000195
v -0.004966001 -0.006634 0.0002
v -0.004924001 -0.006513 0.000195
v -0.00499 -0.00663 0.000195
v -0.004949 -0.006508 0.000189
v -0.00499 -0.00663 0.000195
v -0.005027 -0.006624 0.000183
v -0.004908001 -0.006387 0.000183
v -0.004858001 -0.006396 0.000197
v -0.004826 -0.006143 0.000171
v -0.005213 -0.005981 -0.000158
v -0.005191001 -0.006055 -0.000123
v -0.005218001 -0.006047999 -0.000158
v -0.005224 -0.006114 -0.000158
v -0.005117001 -0.005802 -9.099999E-05
v -0.005175001 -0.005923 -0.000124
v -0.005196 -0.00578 -0.000158
v -0.005184 -0.005646 -0.000158
v -0.005163 -0.006063 -8.499999E-05
v -0.005103 -0.005942 -5.3E-05
v -0.005131 -0.006071 -4.899999E-05
v -0.005173 -0.006128 -8.399998E-05
v -0.004978001 -0.005974 5.100001E-05
v -0.004845 -0.005874 0.000105
v -0.005015 -0.0061 5.900001E-05
v -0.004942 -0.00585 4.300001E-05
v -0.004765001 -0.005627 8.700002E-05
v -0.004969 -0.00557 -3.599998E-05
v -0.004971 -0.006109999 9.100002E-05
v -0.004925 -0.006121 0.000122
v -0.005049 -0.006358 0.00011
v -0.005005001 -0.006368 0.000139
v -0.005084 -0.006615 0.000157
v -0.005088 -0.006482 0.000119
v -0.005127 -0.006607 0.000128
v -0.004949 -0.004813 -0.000158
v -0.005071001 -0.005541 -9.599999E-05
v -0.005173 -0.005513 -0.000158
v -0.004765001 -0.005627 8.700002E-05
v -0.004151 -0.005102 0.000332
v -0.004129 -0.005041 0.000332
v -0.004625001 -0.004027 -0.000158
v -0.003854 -0.004382 0.000332
v -0.003813 -0.004294 0.000332
v -0.004237 -0.003271 -0.000158
v -0.003499 -0.003689 0.000332
v -0.003434 -0.003576 0.000332
v -0.003787 -0.002549 -0.000158
v -0.003087 -0.003028 0.000332
v -0.002994 -0.002895 0.000332
v -0.003279 -0.001868 -0.000158
v -0.002621 -0.002405 0.000332
v -0.002496 -0.002255 0.000332
v -0.002713 -0.001233 -0.000158
v -0.002104 -0.001822 0.000332
v -0.001943 -0.001661 0.000332
v -0.002098 -0.000647 -0.000158
v -0.00154 -0.001285 0.000332
v -0.001342 -0.001117 0.000332
v -0.001434 -0.0001149997 -0.000158
v -0.0009320001 -0.000798 0.000332
v -0.0006940001 -0.0006280001 0.000332
v -0.0007290001 0.0003599999 -0.000158
v -0.000285 -0.0003629997 0.000332
v -5.99998E-06 -0.0001980001 0.000332
v 1.299993E-05 0.0007739998 -0.000158
v 0.0003949996 1.600012E-05 0.000332
v 0.0007169997 0.0001699999 0.000332
v 0.0007879998 0.001124 -0.000158
v 0.001104 0.0003359998 0.000332
v 0.001469 0.0004740003 0.000332
v 0.00159 0.001407 -0.000158
v 0.001838 0.0005959999 0.000332
v 0.002413 0.001622 -0.000158
v 0.002244 0.0007100003 0.000332
v 0.002592 0.0007929998 0.000332
v 0.00325 0.001767 -0.000158
v 0.003039 0.0008770004 0.000332
v 0.00336 0.0009260001 0.000332
v 0.00325 0.001767 -0.000158
v 0.004097 0.001841 -0.000158
v 0.003844 0.0009749997 0.000332
v 0.004136 0.0009930003 0.000332
v 0.004947 0.001844 -0.000158
v 0.004097 0.001841 -0.000158
v 0.004654 0.001003 0.000332
v 0.004914 0.0009960001 0.000332
v 0.004947 0.001844 -0.000158
v 0.005795 0.001775 -0.000158
v 0.005465 0.0009580003 0.000332
v 0.005691 0.0009340001 0.000332
v 0.006633 0.001636 -0.000158
v 0.006268 0.0008430006 0.000332
v 0.006459 0.0008049998 0.000332
v 0.007456 0.001426 -0.000158
v 0.007058 0.0006579999 0.000332
v 0.007214 0.0006140005 0.000332
v 0.00826 0.001148 -0.000158
v 0.007828 0.0004050005 0.000332
v 0.00795 0.0003589997 0.000332
v 0.009037999 0.0008030003 -0.000158
v 0.008574 8.600019E-05 0.000332
v 0.008661 4.300009E-05 0.000332
v 0.009783 0.000395 -0.000158
v 0.009289 -0.0002990002 0.000332
v 0.009345 -0.0003319997 0.000332
v 0.009907 -0.0006999997 0.000332
v 0.010152 -0.0003539994 8.700002E-05
v 0.010398 -8.000061E-06 -0.000158
v -0.004845 -0.005874 0.000105
v -0.004971 -0.006109999 9.100002E-05
v -0.005015 -0.0061 5.900001E-05
v -0.005090001 -0.006349 7.6E-05
v -0.004969 -0.00557 -3.599998E-05
v -0.005094001 -0.005672 -9.399999E-05
v -0.005071001 -0.005541 -9.599999E-05
v -0.005173 -0.005513 -0.000158
v -0.004608 -0.006129 0.000236
v -0.004585 -0.006199 0.000239
v -0.004631 -0.006188 0.000231
v -0.004607 -0.006257 0.000231
v -0.004629001 -0.006315 0.000223
v -0.004744 -0.0059 0.00016
v -0.004765001 -0.005627 8.700002E-05
v -0.004603 -0.005805 0.000209
v -0.004845 -0.005874 0.000105
v -0.004785 -0.006022 0.000166
v -0.004876 -0.006132 0.000149
v -0.004925 -0.006121 0.000122
v -0.005005001 -0.006368 0.000139
v -0.004957 -0.006377 0.000164
v -0.004998 -0.006499 0.000172
v -0.005038 -0.006621 0.000179
v -0.005084 -0.006615 0.000157
v -0.004858001 -0.006396 0.000197
v -0.004826 -0.006143 0.000171
v -0.004817 -0.006275 0.000194
v -0.004777 -0.006154 0.000191
v -0.004785 -0.006022 0.000166
v -0.004705 -0.006106 0.000208
v -0.004908001 -0.006387 0.000183
v -0.004957 -0.006377 0.000164
v -0.004949 -0.006508 0.000189
v -0.004998 -0.006499 0.000172
v -0.005027 -0.006624 0.000183
v -0.005038 -0.006621 0.000179
v -0.004851 -0.006526 0.000206
v -0.004833 -0.006402 0.000202
v -0.004829 -0.006466 0.000207
v -0.004809 -0.006406 0.000207
v -0.004768 -0.006286 0.000207
v -0.004761001 -0.006415999 0.000211
v -0.00474 -0.006356 0.000213
v -0.00472 -0.006297 0.000216
v -0.004678 -0.006177 0.000221
v -0.004631 -0.006188 0.000231
v -0.004678 -0.006177 0.000221
v -0.004608 -0.006129 0.000236
v -0.004585 -0.006199 0.000239
v -0.004518 -0.00615 0.000256
v -0.004587001 -0.00607 0.000241
v -0.004875 -0.006522 0.000205
v -0.004899 -0.006517 0.0002
v -0.004941 -0.006638 0.000204
v -0.004966001 -0.006634 0.0002
v -0.004842001 -0.006655 0.0002
v -0.004868 -0.006651 0.000204
v -0.004824 -0.006595 0.000204
v -0.004802 -0.006598 0.000199
v -0.004780001 -0.006539 0.000204
v -0.004759 -0.006544 0.0002
v -0.004738001 -0.006484 0.000206
v -0.004716 -0.006424 0.000211
v -0.004695001 -0.006492 0.000199
v -0.004738001 -0.006548 0.000196
v -0.004759 -0.006544 0.0002
v -0.004738001 -0.006484 0.000206
v -0.004780001 -0.006603 0.000195
v -0.004802 -0.006598 0.000199
v -0.004824 -0.006658 0.000196
v -0.004842001 -0.006655 0.0002
v -0.004721 -0.006613 0.000176
v -0.004744 -0.006672 0.000167
v -0.00474 -0.00661 0.000183
v -0.004698 -0.006555 0.000185
v -0.004680001 -0.006558 0.000179
v -0.004657 -0.006499 0.00019
v -0.004680001 -0.006558 0.000179
v -0.004703001 -0.006617 0.000168
v -0.004721 -0.006613 0.000176
v -0.004725 -0.006675 0.000157
v -0.004782 -0.006475 0.000208
v -0.004809 -0.006406 0.000207
v -0.004761001 -0.006415999 0.000211
v -0.004768 -0.006286 0.000207
v -0.004738001 -0.006484 0.000206
v -0.004761001 -0.006415999 0.000211
v -0.004716 -0.006424 0.000211
v -0.00474 -0.006356 0.000213
v -0.004695001 -0.006492 0.000199
v -0.004716 -0.006424 0.000211
v -0.004673 -0.006434 0.000207
v -0.004695001 -0.006365 0.000216
v -0.004716 -0.006424 0.000211
v -0.00474 -0.006356 0.000213
v -0.004695001 -0.006365 0.000216
v -0.00472 -0.006297 0.000216
v -0.004785 -0.006022 0.000166
v -0.004826 -0.006143 0.000171
v -0.004876 -0.006132 0.000149
v -0.004957 -0.006377 0.000164
v -0.005248 -0.006519 -9.799999E-05
v -0.005242 -0.006519 -7.6E-05
v -0.005258 -0.006584 -9.399999E-05
v -0.005231 -0.006454 -7.699999E-05
v -0.005236 -0.006521 -5.5E-05
v -0.005227 -0.006523 -3.399998E-05
v -0.005248 -0.006585 -5.3E-05
v -0.005213 -0.006458 -3.599998E-05
v -0.005213 -0.006458 -3.599998E-05
v -0.005231 -0.006454 -7.699999E-05
v -0.005219 -0.006389 -7.899999E-05
v -0.005208 -0.006324 -7.999998E-05
v -0.005226001 -0.00632 -0.00012
v -0.005197 -0.006259 -8.099999E-05
v -0.005199001 -0.006394 -3.799998E-05
v -0.005219 -0.006389 -7.899999E-05
v -0.005213 -0.006458 -3.599998E-05
v -0.005217 -0.006524 -1.299998E-05
v -0.005227 -0.006523 -3.399998E-05
v -0.005242 -0.006588 -3.399998E-05
v -0.005252 -0.006517 -0.000118
v -0.005248 -0.006519 -9.799999E-05
v -0.005261001 -0.006584 -0.000118
v -0.005238 -0.006453 -9.899998E-05
v -0.005238 -0.006453 -9.899998E-05
v -0.005231 -0.006454 -7.699999E-05
v -0.005248 -0.006519 -9.799999E-05
v -0.005219 -0.006389 -7.899999E-05
v -0.005236 -0.006521 -5.5E-05
v -0.005242 -0.006519 -7.6E-05
v -0.005254 -0.006585 -7.499999E-05
v -0.005252 -0.006517 -0.000118
v -0.005256 -0.006517 -0.000138
v -0.005244 -0.006451 -0.000119
v -0.005263 -0.006583 -0.000138
v -0.005210001 -0.006592 3.300002E-05
v -0.005215 -0.006592 2.400001E-05
v -0.005177 -0.006466 2.600002E-05
v -0.005222001 -0.006591 1.2E-05
v -0.005226001 -0.00632 -0.00012
v -0.005241001 -0.006315 -0.000158
v -0.005218001 -0.006254 -0.000121
v -0.005235 -0.006384999 -0.00012
v -0.005219 -0.006389 -7.899999E-05
v -0.005244 -0.006451 -0.000119
v -0.005235 -0.006384999 -0.00012
v -0.005246 -0.006382 -0.000158
v -0.005241001 -0.006315 -0.000158
v -0.005252 -0.00645 -0.000158
v -0.005256 -0.006517 -0.000138
v -0.005258 -0.006516 -0.000158
v -0.005249001 -0.00645 -0.000139
v -0.005263 -0.006583 -0.000158
v -0.004608 -0.006129 0.000236
v -0.004685 -0.006046 0.000208
v -0.004587001 -0.00607 0.000241
v -0.004545 -0.005951 0.000251
v -0.004685 -0.006046 0.000208
v -0.004643 -0.005925 0.000209
v -0.004545 -0.005951 0.000251
v -0.004744 -0.0059 0.00016
v -0.004603 -0.005805 0.000209
v -0.004502 -0.005833 0.000261
v -0.004561 -0.005686 0.00021
v -0.004603 -0.005805 0.000209
v -0.004561 -0.005686 0.00021
v -0.004357 -0.005743 0.000332
v -0.004518 -0.00615 0.000256
v -0.004587001 -0.00607 0.000241
v -0.004495 -0.006093 0.000266
v -0.004449 -0.005975 0.000288
v -0.004673 -0.006434 0.000207
v -0.004695001 -0.006365 0.000216
v -0.004651 -0.006375 0.000215
v -0.004673 -0.006306 0.000221
v -0.004695001 -0.006365 0.000216
v -0.00472 -0.006297 0.000216
v -0.004673 -0.006306 0.000221
v -0.004631 -0.006188 0.000231
v -0.004705 -0.006106 0.000208
v -0.004785 -0.006022 0.000166
v -0.004685 -0.006046 0.000208
v -0.004744 -0.0059 0.00016
v -0.004824 -0.006658 0.000196
v -0.004780001 -0.006603 0.000195
v -0.004802 -0.006662 0.00019
v -0.00476 -0.006607 0.00019
v -0.004738001 -0.006548 0.000196
v -0.004718001 -0.006552 0.000191
v -0.004695001 -0.006492 0.000199
v -0.004675 -0.006496 0.000195
v -0.004673 -0.006434 0.000207
v -0.004673 -0.006434 0.000207
v -0.004634 -0.006442 0.000201
v -0.004675 -0.006496 0.000195
v -0.004651 -0.006375 0.000215
v -0.004607 -0.006257 0.000231
v -0.004565 -0.006267 0.000234
v -0.004587001 -0.006325 0.000223
v -0.004585 -0.006199 0.000239
v -0.004585 -0.006199 0.000239
v -0.004541 -0.006209 0.000245
v -0.004565 -0.006267 0.000234
v -0.004518 -0.00615 0.000256
v -0.004524 -0.006212 -0.000519
v -0.004518 -0.00615 -0.000571
v -0.004541 -0.006209 -0.00056
v -0.004565 -0.006267 -0.00055
v -0.004587001 -0.006325 -0.000539
v -0.004518 -0.00615 0.000256
v -0.004524 -0.006212 0.000202
v -0.004541 -0.006209 0.000245
v -0.004565 -0.006267 0.000234
v -0.004687001 -0.006619 -0.000472
v -0.004703001 -0.006617 -0.000484
v -0.004726001 -0.006674 -0.000473
v -0.004680001 -0.006558 -0.000495
v -0.004432001 -0.005979 0.000184
v -0.004495 -0.006093 0.000266
v -0.004449 -0.005975 0.000288
v -0.004402 -0.00586 0.000311
v -0.004470001 -0.006097 0.000171
v -0.004432001 -0.005979 0.000184
v -0.004418 -0.005981 7.400001E-05
v -0.004395 -0.00586 0.000196
v -0.004459001 -0.006222 -4.499999E-05
v -0.004433 -0.006103 -4.299999E-05
v -0.004453 -0.006224 -0.000102
v -0.00451 -0.006463 -4.999999E-05
v -0.004404 -0.005984 -0.000158
v -0.004459001 -0.006222 -0.00027
v -0.004453 -0.006224 -0.000215
v -0.004502 -0.006464 -0.000213
v -0.004499 -0.006465 -0.000158
v -0.004526 -0.006585 -0.000212
v -0.00455 -0.006704 -0.000211
v -0.004547 -0.006705 -0.000158
v -0.004453 -0.006224 -0.000215
v -0.004452 -0.006224 -0.000158
v -0.004404 -0.005984 -0.000158
v -0.004459001 -0.006222 -0.00027
v -0.004433 -0.006103 -0.000273
v -0.004407 -0.005983 -0.000275
v -0.004357 -0.005743 -0.000158
v -0.004387 -0.005862 -0.000397
v -0.004584 -0.00645 -0.000449
v -0.004629001 -0.006505 -0.000476
v -0.004604 -0.006509 -0.000443
v -0.004651 -0.006564 -0.000468
v -0.004579001 -0.006513 -0.000405
v -0.004561 -0.006454 -0.000409
v -0.004604 -0.006509 -0.000443
v -0.004622001 -0.006568 -0.000436
v -0.004561 -0.006454 -0.000409
v -0.004584 -0.00645 -0.000449
v -0.004604 -0.006509 -0.000443
v -0.004544001 -0.006395 -0.000414
v -0.004509001 -0.006338 -0.000371
v -0.004544001 -0.006395 -0.000414
v -0.004561 -0.006454 -0.000409
v -0.004527 -0.006336 -0.000418
v -0.004492 -0.006217 -0.000428
v -0.004509001 -0.006215 -0.000474
v -0.004492 -0.006217 -0.000428
v -0.004489 -0.006155 -0.00048
v -0.004524 -0.006212 -0.000519
v -0.004518 -0.00615 -0.000571
v -0.004470001 -0.006097 -0.000487
v -0.004531 -0.006459 -0.000341
v -0.004541 -0.006458 -0.000365
v -0.004556001 -0.006518 -0.000362
v -0.004571001 -0.006577 -0.000358
v -0.004551 -0.006581 -0.000313
v -0.004560001 -0.006578 -0.000336
v -0.004579001 -0.0067 -0.000309
v -0.004568 -0.006702 -0.000282
v -0.004629001 -0.006505 -0.000476
v -0.004584 -0.00645 -0.000449
v -0.004609 -0.006446 -0.000485
v -0.004565 -0.006391 -0.000455
v -0.004584 -0.00645 -0.000449
v -0.004544001 -0.006395 -0.000414
v -0.004565 -0.006391 -0.000455
v -0.004527 -0.006336 -0.000418
v -0.004587001 -0.006387 -0.000493
v -0.004546 -0.006332 -0.000462
v -0.004566 -0.006329 -0.000502
v -0.004524 -0.006212 -0.000519
v -0.004566 -0.006329 -0.000502
v -0.004587001 -0.006325 -0.000539
v -0.004611 -0.006384 -0.0005279999
v -0.004546 -0.006332 -0.000462
v -0.004509001 -0.006215 -0.000474
v -0.004524 -0.006212 -0.000519
v -0.004489 -0.006155 -0.00048
v -0.004622001 -0.006568 0.000121
v -0.004641001 -0.006627 0.000114
v -0.004656001 -0.006624 0.00013
v -0.004676001 -0.006683 0.000122
v -0.004651 -0.006564 0.000152
v -0.004622001 -0.006568 0.000121
v -0.004629001 -0.006505 0.00016
v -0.004626 -0.006629 9.700001E-05
v -0.004641001 -0.006627 0.000114
v -0.004675 -0.006683 0.000121
v -0.004629001 -0.006505 0.00016
v -0.004651 -0.006564 0.000152
v -0.004665 -0.006561 0.000166
v -0.004687001 -0.006619 0.000157
v -0.004671 -0.006622 0.000144
v -0.004656001 -0.006624 0.00013
v -0.004676001 -0.006683 0.000122
v -0.004651 -0.006564 0.000152
v -0.004671 -0.006622 0.000144
v -0.004687001 -0.006619 0.000157
v -0.004693 -0.006681 0.000135
v -0.004676001 -0.006683 0.000122
v -0.004626 -0.006629 9.700001E-05
v -0.004612 -0.006632 7.900002E-05
v -0.004644 -0.006689 9.100002E-05
v -0.004595 -0.006573 8.4E-05
v -0.004595 -0.006573 8.4E-05
v -0.004622001 -0.006568 0.000121
v -0.004604 -0.006509 0.000127
v -0.004629001 -0.006505 0.00016
v -0.004609 -0.006446 0.000169
v -0.004604 -0.006509 0.000127
v -0.004634 -0.006442 0.000201
v -0.004587001 -0.006387 0.000177
v -0.004609 -0.006446 0.000169
v -0.004584 -0.00645 0.000133
v -0.004565 -0.006391 0.00014
v -0.004579001 -0.006513 8.8E-05
v -0.004604 -0.006509 0.000127
v -0.004595 -0.006573 8.4E-05
v -0.004599 -0.006634 6.000002E-05
v -0.004612 -0.006632 7.900002E-05
v -0.004631 -0.006691 7.6E-05
v -0.004602001 -0.006696 3.600001E-05
v -0.004615 -0.006694 5.600002E-05
v -0.004586 -0.006637 4.000001E-05
v -0.004599 -0.006634 6.000002E-05
v -0.004571001 -0.006577 4.300001E-05
v -0.004595 -0.006573 8.4E-05
v -0.004579001 -0.006513 8.8E-05
v -0.004561 -0.006454 9.300001E-05
v -0.004584 -0.00645 0.000133
v -0.004565 -0.006391 0.00014
v -0.004587001 -0.006387 0.000177
v -0.004546 -0.006332 0.000146
v -0.004609 -0.006446 0.000169
v -0.00459 -0.006698 1.600001E-05
v -0.004560001 -0.006578 2.100001E-05
v -0.004551 -0.006581 -4.000001E-06
v -0.004523 -0.00646 1.000008E-06
v -0.004560001 -0.006578 2.100001E-05
v -0.004531 -0.006459 2.600002E-05
v -0.004523 -0.00646 1.000008E-06
v -0.004495 -0.006341 6.000017E-06
v -0.004579001 -0.0067 -8.000003E-06
v -0.004551 -0.006581 -4.000001E-06
v -0.004543 -0.006581 -2.799999E-05
v -0.00451 -0.006463 -4.999999E-05
v -0.004629001 -0.006505 0.00016
v -0.004657 -0.006499 0.00019
v -0.004634 -0.006442 0.000201
v -0.004665 -0.006561 0.000166
v -0.004665 -0.006561 0.000166
v -0.004680001 -0.006558 0.000179
v -0.004657 -0.006499 0.00019
v -0.004703001 -0.006617 0.000168
v -0.004546 -0.006332 0.000146
v -0.004527 -0.006274 0.000152
v -0.00451 -0.006277 0.000107
v -0.004492 -0.006217 0.000112
v -0.004566 -0.006329 0.000186
v -0.004546 -0.006271 0.000194
v -0.004527 -0.006274 0.000152
v -0.004509001 -0.006215 0.000158
v -0.004587001 -0.006325 0.000223
v -0.004565 -0.006267 0.000234
v -0.004546 -0.006271 0.000194
v -0.004524 -0.006212 0.000202
v -0.004547 -0.006705 -0.000158
v -0.00455 -0.006704 -0.000106
v -0.004526 -0.006585 -0.000105
v -0.004499 -0.006465 -0.000158
v -0.004502 -0.006464 -0.000104
v -0.004452 -0.006224 -0.000158
v -0.004453 -0.006224 -0.000102
v -0.004404 -0.005984 -0.000158
v -0.004433 -0.006103 -4.299999E-05
v -0.004407 -0.005983 -3.999998E-05
v -0.004357 -0.005743 -0.000158
v -0.004407 -0.005983 -3.999998E-05
v -0.004418 -0.005981 7.400001E-05
v -0.004357 -0.005743 -0.000158
v -0.004489 -0.006155 -0.00048
v -0.004448 -0.0061 -0.000384
v -0.004470001 -0.006097 -0.000487
v -0.004432001 -0.005979 -0.0005
v -0.004448 -0.0061 -0.000384
v -0.004418 -0.005981 -0.00039
v -0.004432001 -0.005979 -0.0005
v -0.004407 -0.005983 -0.000275
v -0.004387 -0.005862 -0.000397
v -0.004395 -0.00586 -0.000513
v -0.004357 -0.005743 -0.000454
v -0.004518 -0.00615 -0.000571
v -0.004470001 -0.006097 -0.000487
v -0.004495 -0.006093 -0.000582
v -0.004449 -0.005975 -0.000605
v -0.004395 -0.00586 -0.000513
v -0.004357 -0.005743 -0.000454
v -0.004357 -0.005743 -0.000648
v -0.004151 -0.005102 -0.000648
v -0.004357 -0.005743 -0.000403
v -0.004357 -0.005743 -0.000158
v -0.004129 -0.005041 -0.000648
v -0.004129 -0.005041 0.000332
v -0.004357 -0.005743 8.700002E-05
v -0.004395 -0.00586 0.000196
v -0.004357 -0.005743 0.000138
v -0.004151 -0.005102 0.000332
v -0.004357 -0.005743 0.000332
v -0.004609 -0.006446 -0.000485
v -0.004565 -0.006391 -0.000455
v -0.004587001 -0.006387 -0.000493
v -0.004546 -0.006332 -0.000462
v -0.004565 -0.006391 -0.000455
v -0.004527 -0.006336 -0.000418
v -0.004546 -0.006332 -0.000462
v -0.004509001 -0.006215 -0.000474
v -0.004464 -0.00616 -0.00038
v -0.004433 -0.006103 -0.000273
v -0.004448 -0.0061 -0.000384
v -0.004407 -0.005983 -0.000275
v -0.004433 -0.006103 -4.299999E-05
v -0.004448 -0.0061 6.800002E-05
v -0.004418 -0.005981 7.400001E-05
v -0.004479 -0.006219 6.200001E-05
v -0.004604 -0.006509 -0.000443
v -0.004651 -0.006564 -0.000468
v -0.004622001 -0.006568 -0.000436
v -0.004641001 -0.006627 -0.00043
v -0.004626 -0.006629 -0.000413
v -0.004631 -0.006691 -0.000391
v -0.004660001 -0.006686 -0.000424
v -0.004641001 -0.006627 -0.00043
v -0.004656001 -0.006624 -0.000445
v -0.004651 -0.006564 -0.000468
v -0.004629001 -0.006505 -0.000476
v -0.004657 -0.006499 -0.000506
v -0.004609 -0.006446 -0.000485
v -0.004802 -0.006598 -0.000516
v -0.004803 -0.006535 -0.000522
v -0.004824 -0.006595 -0.000519
v -0.004824 -0.006658 -0.000512
v -0.005127 -0.006208 -0.00031
v -0.005057 -0.00609 -0.00034
v -0.005096 -0.006081 -0.000304
v -0.00508 -0.006016 -0.000301
v -0.005064 -0.005953 -0.000299
v -0.005151 -0.005998 -0.000229
v -0.005131 -0.006071 -0.000267
v -0.005096 -0.006081 -0.000304
v -0.00508 -0.006016 -0.000301
v -0.005127 -0.006208 -0.00031
v -0.005092 -0.006216 -0.000347
v -0.005057 -0.00609 -0.00034
v -0.005143 -0.006339 -0.000335
v -0.005127 -0.006343 -0.000355
v -0.005162 -0.006469 -0.000362
v -0.005145 -0.006472 -0.000381
v -0.00518 -0.006598 -0.000391
v -0.005145 -0.006472 -0.000381
v -0.005165 -0.0066 -0.000409
v -0.005127 -0.006475 -0.0004
v -0.005165 -0.0066 -0.000409
v -0.005090001 -0.006349 -0.000391
v -0.005127 -0.006343 -0.000355
v -0.005015 -0.0061 -0.000375
v -0.005127 -0.006475 -0.0004
v -0.005135 -0.006605 -0.000437
v -0.005088 -0.006482 -0.000434
v -0.005135 -0.006605 -0.000437
v -0.005127 -0.006607 -0.000443
v -0.005049 -0.006358 -0.000426
v -0.005090001 -0.006349 -0.000391
v -0.005015 -0.0061 -0.000375
v -0.005127 -0.006343 -0.000355
v -0.005092 -0.006216 -0.000347
v -0.005057 -0.00609 -0.00034
v -0.004978001 -0.005974 -0.000366
v -0.00508 -0.006016 -0.000301
v -0.005218001 -0.006254 -0.000195
v -0.005185 -0.006193 -0.000233
v -0.005209 -0.006187 -0.000194
v -0.005163 -0.006063 -0.00023
v -0.00474 -0.00661 -0.0005
v -0.004782 -0.006665 -0.0005
v -0.004763 -0.006669 -0.000491
v -0.004721 -0.006613 -0.000492
v -0.004718001 -0.006552 -0.000508
v -0.004587001 -0.00607 -0.000556
v -0.004545 -0.005951 -0.000566
v -0.004643 -0.005925 -0.000525
v -0.004502 -0.005833 -0.000576
v -0.004561 -0.005686 -0.000526
v -0.004502 -0.005833 -0.000576
v -0.004459001 -0.005714 -0.000586
v -0.004357 -0.005743 -0.000648
v -0.005151 -0.005998 -0.000229
v -0.005191001 -0.006055 -0.000193
v -0.005163 -0.006063 -0.00023
v -0.0052 -0.006121 -0.000194
v -0.005209 -0.006187 -0.000194
v -0.004942 -0.00585 -0.000358
v -0.004765001 -0.005627 -0.000403
v -0.005001001 -0.005698 -0.000286
v -0.004845 -0.005874 -0.000421
v -0.004978001 -0.005974 -0.000366
v -0.004971 -0.006109999 -0.000408
v -0.004925 -0.006121 -0.000438
v -0.005005001 -0.006368 -0.000455
v -0.005088 -0.006482 -0.000434
v -0.005084 -0.006615 -0.000473
v -0.005127 -0.006607 -0.000443
v -0.005049 -0.006358 -0.000426
v -0.004971 -0.006109999 -0.000408
v -0.005015 -0.0061 -0.000375
v -0.004978001 -0.005974 -0.000366
v -0.00519 -0.006462 -0.000322
v -0.005143 -0.006339 -0.000335
v -0.005174 -0.006399 -0.000319
v -0.005159 -0.006336 -0.000316
v -0.005127 -0.006208 -0.00031
v -0.005177 -0.006466 -0.000342
v -0.005162 -0.006469 -0.000362
v -0.005197 -0.006595 -0.000369
v -0.00518 -0.006598 -0.000391
v -0.005186 -0.00633 -0.000275
v -0.005171 -0.006265 -0.000273
v -0.005158 -0.0062 -0.000271
v -0.005131 -0.006071 -0.000267
v -0.005163 -0.006063 -0.00023
v -0.005131 -0.006071 -0.000267
v -0.005151 -0.005998 -0.000229
v -0.005191001 -0.006055 -0.000193
v -0.005213 -0.005981 -0.000158
v -0.00514 -0.005933 -0.000228
v -0.005242 -0.006588 -0.000282
v -0.005232 -0.006589 -0.000306
v -0.005227 -0.006523 -0.000282
v -0.005236 -0.006521 -0.000261
v -0.005213 -0.006458 -0.00028
v -0.005231 -0.006454 -0.000238
v -0.005199001 -0.006394 -0.000277
v -0.005232 -0.006589 -0.000306
v -0.005222001 -0.006591 -0.000328
v -0.005217 -0.006524 -0.000304
v -0.005227 -0.006523 -0.000282
v -0.005213 -0.006458 -0.00028
v -0.005236 -0.006521 -0.000261
v -0.005248 -0.006585 -0.000262
v -0.005242 -0.006588 -0.000282
v -0.005242 -0.006519 -0.00024
v -0.005231 -0.006454 -0.000238
v -0.005238 -0.006453 -0.000218
v -0.005219 -0.006389 -0.000237
v -0.005235 -0.006384999 -0.000196
v -0.005208 -0.006324 -0.000236
v -0.005231 -0.006454 -0.000238
v -0.005199001 -0.006394 -0.000277
v -0.005219 -0.006389 -0.000237
v -0.005186 -0.00633 -0.000275
v -0.005219 -0.006389 -0.000237
v -0.005186 -0.00633 -0.000275
v -0.005208 -0.006324 -0.000236
v -0.005171 -0.006265 -0.000273
v -0.005235 -0.006384999 -0.000196
v -0.005208 -0.006324 -0.000236
v -0.005226001 -0.00632 -0.000196
v -0.005197 -0.006259 -0.000234
v -0.005208 -0.006324 -0.000236
v -0.005171 -0.006265 -0.000273
v -0.005197 -0.006259 -0.000234
v -0.005158 -0.0062 -0.000271
v -0.00476 -0.006607 -0.000506
v -0.004780001 -0.006603 -0.000512
v -0.004782 -0.006665 -0.0005
v -0.004759 -0.006544 -0.000517
v -0.00476 -0.006607 -0.000506
v -0.004738001 -0.006548 -0.000513
v -0.004759 -0.006544 -0.000517
v -0.004738001 -0.006484 -0.000522
v -0.004695001 -0.006492 -0.000515
v -0.004698 -0.006555 -0.000502
v -0.004675 -0.006496 -0.000511
v -0.004673 -0.006434 -0.000523
v -0.004657 -0.006499 -0.000506
v -0.004703001 -0.006617 -0.000484
v -0.004680001 -0.006558 -0.000495
v -0.004698 -0.006555 -0.000502
v -0.004675 -0.006496 -0.000511
v -0.004587001 -0.006325 -0.000539
v -0.004565 -0.006267 -0.00055
v -0.004607 -0.006257 -0.000547
v -0.004585 -0.006199 -0.000554
v -0.004565 -0.006267 -0.00055
v -0.004541 -0.006209 -0.00056
v -0.004585 -0.006199 -0.000554
v -0.004518 -0.00615 -0.000571
v -0.004449 -0.005975 -0.000605
v -0.004545 -0.005951 -0.000566
v -0.004495 -0.006093 -0.000582
v -0.004402 -0.00586 -0.000626
v -0.004587001 -0.00607 -0.000556
v -0.004631 -0.006188 -0.000546
v -0.004585 -0.006199 -0.000554
v -0.004607 -0.006257 -0.000547
v -0.004876 -0.006132 -0.000464
v -0.004908001 -0.006387 -0.0005
v -0.004826 -0.006143 -0.000487
v -0.004845 -0.005874 -0.000421
v -0.004803 -0.006535 -0.000522
v -0.004780001 -0.006539 -0.00052
v -0.004782 -0.006475 -0.000524
v -0.004802 -0.006598 -0.000516
v -0.004802 -0.006598 -0.000516
v -0.004780001 -0.006603 -0.000512
v -0.004780001 -0.006539 -0.00052
v -0.004802 -0.006662 -0.000507
v -0.004785 -0.006022 -0.000481
v -0.004643 -0.005925 -0.000525
v -0.004744 -0.0059 -0.000476
v -0.004561 -0.005686 -0.000526
v -0.004502 -0.005833 -0.000576
v -0.004673 -0.006434 -0.000523
v -0.004634 -0.006442 -0.000517
v -0.004611 -0.006384 -0.0005279999
v -0.004657 -0.006499 -0.000506
v -0.005151 -0.005998 -0.000229
v -0.005064 -0.005953 -0.000299
v -0.00514 -0.005933 -0.000228
v -0.005117001 -0.005802 -0.000225
v -0.005064 -0.005953 -0.000299
v -0.005032001 -0.005825 -0.000292
v -0.005117001 -0.005802 -0.000225
v -0.004942 -0.00585 -0.000358
v -0.005001001 -0.005698 -0.000286
v -0.005094001 -0.005672 -0.000222
v -0.004969 -0.00557 -0.00028
v -0.005001001 -0.005698 -0.000286
v -0.004765001 -0.005627 -0.000403
v -0.004969 -0.00557 -0.00028
v -0.004949 -0.004813 -0.000158
v -0.005173 -0.005513 -0.000158
v -0.004561 -0.005686 -0.000526
v -0.004151 -0.005102 -0.000648
v -0.004459001 -0.005714 -0.000586
v -0.004357 -0.005743 -0.000648
v -0.004129 -0.005041 -0.000648
v -0.003854 -0.004382 -0.000648
v -0.004625001 -0.004027 -0.000158
v -0.003813 -0.004294 -0.000648
v -0.003499 -0.003689 -0.000648
v -0.004237 -0.003271 -0.000158
v -0.003434 -0.003576 -0.000648
v -0.003087 -0.003028 -0.000648
v -0.003787 -0.002549 -0.000158
v -0.002994 -0.002895 -0.000648
v -0.002621 -0.002405 -0.000648
v -0.003279 -0.001868 -0.000158
v -0.002496 -0.002255 -0.000648
v -0.002104 -0.001822 -0.000648
v -0.002713 -0.001233 -0.000158
v -0.001943 -0.001661 -0.000648
v -0.00154 -0.001285 -0.000648
v -0.002098 -0.000647 -0.000158
v -0.002098 -0.000647 -0.000158
v -0.001342 -0.001117 -0.000648
v -0.0009320001 -0.000798 -0.000648
v -0.001434 -0.0001149997 -0.000158
v -0.001434 -0.0001149997 -0.000158
v -0.0006940001 -0.0006280001 -0.000648
v -0.000285 -0.0003629997 -0.000648
v -0.0007290001 0.0003599999 -0.000158
v -0.0007290001 0.0003599999 -0.000158
v -5.99998E-06 -0.0001980001 -0.000648
v 0.0003949996 1.600012E-05 -0.000648
v 1.299993E-05 0.0007739998 -0.000158
v 1.299993E-05 0.0007739998 -0.000158
v 0.0007169997 0.0001699999 -0.000648
v 0.001104 0.0003359998 -0.000648
v 0.0007879998 0.001124 -0.000158
v 0.001469 0.0004740003 -0.000648
v 0.001838 0.0005959999 -0.000648
v 0.00159 0.001407 -0.000158
v 0.002244 0.0007100003 -0.000648
v 0.002413 0.001622 -0.000158
v 0.002592 0.0007929998 -0.000648
v 0.003039 0.0008770004 -0.000648
v 0.00325 0.001767 -0.000158
v 0.00336 0.0009260001 -0.000648
v 0.003844 0.0009749997 -0.000648
v 0.004097 0.001841 -0.000158
v 0.004136 0.0009930003 -0.000648
v 0.004654 0.001003 -0.000648
v 0.004947 0.001844 -0.000158
v 0.004914 0.0009960001 -0.000648
v 0.005465 0.0009580003 -0.000648
v 0.005795 0.001775 -0.000158
v 0.005691 0.0009340001 -0.000648
v 0.006268 0.0008430006 -0.000648
v 0.006633 0.001636 -0.000158
v 0.006459 0.0008049998 -0.000648
v 0.007058 0.0006579999 -0.000648
v 0.007456 0.001426 -0.000158
v 0.007214 0.0006140005 -0.000648
v 0.007828 0.0004050005 -0.000648
v 0.00826 0.001148 -0.000158
v 0.00795 0.0003589997 -0.000648
v 0.008574 8.600019E-05 -0.000648
v 0.009037999 0.0008030003 -0.000158
v 0.008661 4.300009E-05 -0.000648
v 0.009289 -0.0002990002 -0.000648
v 0.009783 0.000395 -0.000158
v 0.009345 -0.0003319997 -0.000648
v 0.010152 -0.0003539994 -0.000403
v 0.009907 -0.0006999997 -0.000648
v 0.010275 -0.0001809997 -0.00028
v 0.010398 -8.000061E-06 -0.000158
v -0.005213 -0.005981 -0.000158
v -0.00514 -0.005933 -0.000228
v -0.005207 -0.005914 -0.000158
v -0.005196 -0.00578 -0.000158
v -0.005226001 -0.00632 -0.000196
v -0.005197 -0.006259 -0.000234
v -0.005218001 -0.006254 -0.000195
v -0.005185 -0.006193 -0.000233
v -0.005197 -0.006259 -0.000234
v -0.005158 -0.0062 -0.000271
v -0.005185 -0.006193 -0.000233
v -0.005163 -0.006063 -0.00023
v -0.00508 -0.006016 -0.000301
v -0.004978001 -0.005974 -0.000366
v -0.005064 -0.005953 -0.000299
v -0.004942 -0.00585 -0.000358
v -0.005226001 -0.00632 -0.000196
v -0.005241001 -0.006315 -0.000158
v -0.005246 -0.006382 -0.000158
v -0.005218001 -0.006254 -0.000195
v -0.005218001 -0.006254 -0.000195
v -0.005235 -0.006248 -0.000158
v -0.005241001 -0.006315 -0.000158
v -0.005209 -0.006187 -0.000194
v -0.005209 -0.006187 -0.000194
v -0.005230001 -0.006182 -0.000158
v -0.005235 -0.006248 -0.000158
v -0.0052 -0.006121 -0.000194
v -0.0052 -0.006121 -0.000194
v -0.005224 -0.006114 -0.000158
v -0.005230001 -0.006182 -0.000158
v -0.005191001 -0.006055 -0.000193
v -0.005191001 -0.006055 -0.000193
v -0.005218001 -0.006047999 -0.000158
v -0.005224 -0.006114 -0.000158
v -0.005213 -0.005981 -0.000158
v -0.004698 -0.006555 -0.000502
v -0.004718001 -0.006552 -0.000508
v -0.004721 -0.006613 -0.000492
v -0.004695001 -0.006492 -0.000515
v -0.004695001 -0.006492 -0.000515
v -0.004738001 -0.006484 -0.000522
v -0.004718001 -0.006552 -0.000508
v -0.004673 -0.006434 -0.000523
v -0.004785 -0.006022 -0.000481
v -0.004845 -0.005874 -0.000421
v -0.004826 -0.006143 -0.000487
v -0.004744 -0.0059 -0.000476
v -0.004765001 -0.005627 -0.000403
v -0.004925 -0.006121 -0.000438
v -0.004876 -0.006132 -0.000464
v -0.004957 -0.006377 -0.00048
v -0.005005001 -0.006368 -0.000455
v -0.004998 -0.006499 -0.000487
v -0.005084 -0.006615 -0.000473
v -0.005038 -0.006621 -0.000495
v 0.009289 -0.0002990002 -0.000648
v 0.008661 4.300009E-05 -0.000648
v 0.009289 -0.0002990002 0.000332
v 0.008661 4.300009E-05 0.000332
v 0.008574 8.600019E-05 -0.000648
v 0.008574 8.600019E-05 0.000332
v 0.00795 0.0003589997 -0.000648
v 0.00795 0.0003589997 0.000332
v 0.007828 0.0004050005 -0.000648
v 0.007828 0.0004050005 0.000332
v 0.007214 0.0006140005 -0.000648
v 0.007214 0.0006140005 0.000332
v 0.007058 0.0006579999 -0.000648
v 0.007058 0.0006579999 0.000332
v 0.006459 0.0008049998 -0.000648
v 0.006459 0.0008049998 0.000332
v 0.006268 0.0008430006 -0.000648
v 0.006268 0.0008430006 0.000332
v 0.005691 0.0009340001 -0.000648
v 0.005691 0.0009340001 0.000332
v 0.005465 0.0009580003 -0.000648
v 0.005465 0.0009580003 0.000332
v 0.004914 0.0009960001 -0.000648
v 0.004914 0.0009960001 0.000332
v 0.004654 0.001003 -0.000648
v 0.004654 0.001003 0.000332
v 0.004136 0.0009930003 -0.000648
v 0.004136 0.0009930003 0.000332
v 0.003844 0.0009749997 -0.000648
v 0.003844 0.0009749997 0.000332
v 0.00336 0.0009260001 -0.000648
v 0.00336 0.0009260001 0.000332
v 0.003039 0.0008770004 -0.000648
v 0.003039 0.0008770004 0.000332
v 0.002592 0.0007929998 -0.000648
v 0.002592 0.0007929998 0.000332
v 0.002244 0.0007100003 -0.000648
v 0.002244 0.0007100003 0.000332
v 0.001838 0.0005959999 -0.000648
v 0.001838 0.0005959999 0.000332
v 0.001469 0.0004740003 -0.000648
v 0.001469 0.0004740003 0.000332
v 0.001104 0.0003359998 -0.000648
v 0.001104 0.0003359998 0.000332
v 0.0007169997 0.0001699999 -0.000648
v 0.0007169997 0.0001699999 0.000332
v 0.0003949996 1.600012E-05 -0.000648
v 0.0003949996 1.600012E-05 0.000332
v -5.99998E-06 -0.0001980001 -0.000648
v -5.99998E-06 -0.0001980001 0.000332
v -0.000285 -0.0003629997 -0.000648
v -0.000285 -0.0003629997 0.000332
v -0.0006940001 -0.0006280001 -0.000648
v -0.0006940001 -0.0006280001 0.000332
v -0.0009320001 -0.000798 -0.000648
v -0.0009320001 -0.000798 0.000332
v -0.001342 -0.001117 -0.000648
v -0.001342 -0.001117 0.000332
v -0.00154 -0.001285 -0.000648
v -0.00154 -0.001285 0.000332
v -0.001943 -0.001661 -0.000648
v -0.001943 -0.001661 0.000332
v -0.002104 -0.001822 -0.000648
v -0.002104 -0.001822 0.000332
v -0.002496 -0.002255 -0.000648
v -0.002496 -0.002255 0.000332
v -0.002621 -0.002405 -0.000648
v -0.002621 -0.002405 0.000332
v -0.002994 -0.002895 -0.000648
v -0.002994 -0.002895 0.000332
v -0.003087 -0.003028 -0.000648
v -0.003087 -0.003028 0.000332
v -0.003434 -0.003576 -0.000648
v -0.003434 -0.003576 0.000332
v -0.003499 -0.003689 -0.000648
v -0.003499 -0.003689 0.000332
v -0.003813 -0.004294 -0.000648
v -0.003813 -0.004294 0.000332
v -0.003854 -0.004382 -0.000648
v -0.003854 -0.004382 0.000332
v -0.004129 -0.005041 -0.000648
v -0.004129 -0.005041 0.000332
v 0.010937 -0.0008629998 -0.000219
v 0.011038 -0.001072 -0.000204
v 0.011071 -0.001033 -0.000181
v 0.011058 -0.0008779997 -0.000158
v 0.010937 -0.0008629998 -0.000219
v 0.011014 -0.0007699998 -0.000158
v 0.010933 -0.0006069997 -0.000158
v 0.010811 -0.00067 -0.000235
v 0.011038 -0.001072 -0.000204
v 0.010937 -0.0008629998 -0.000219
v 0.010957 -0.001153 -0.00025
v 0.010839 -0.0009679999 -0.00028
v 0.011178 -0.001785 -0.000158
v 0.01088 -0.001493 -0.000173
v 0.010879 -0.001493 -0.000158
v 0.010567 -0.001215 -0.000158
v 0.01088 -0.001493 -0.000173
v 0.010568 -0.001214 -0.000188
v 0.010567 -0.001215 -0.000158
v 0.010243 -0.000949 -0.000158
v 0.010246 -0.0009479998 -0.00025
v 0.010571 -0.001213 -0.000219
v 0.009907 -0.0006999997 -0.000158
v 0.010083 -0.0008199997 -0.000372
v 0.010099 -0.0008119997 -0.000586
v 0.010254 -0.000945 -0.000342
v 0.010246 -0.0009479998 -0.00025
v 0.01042 -0.001073 -0.000311
v 0.010598 -0.001199 2.600002E-05
v 0.010754 -0.001338 -1.999998E-05
v 0.010436 -0.001066 7.200002E-05
v 0.010456 -0.001057 0.000148
v 0.010903 -0.001481 -6.599999E-05
v 0.010891 -0.001488 -9.599999E-05
v 0.010739 -0.001345 -6.599999E-05
v 0.011044 -0.00163 -0.000112
v 0.010754 -0.001338 -0.000295
v 0.010739 -0.001345 -0.00025
v 0.010903 -0.001481 -0.00025
v 0.010582 -0.001207 -0.00028
v 0.010739 -0.001345 -0.00025
v 0.010891 -0.001488 -0.000219
v 0.010903 -0.001481 -0.00025
v 0.011044 -0.00163 -0.000204
v 0.010733 -0.001348 -0.000227
v 0.010886 -0.00149 -0.000204
v 0.010891 -0.001488 -0.000219
v 0.010739 -0.001345 -0.00025
v 0.010571 -0.001213 -0.000219
v 0.010099 -0.0008119997 -0.000586
v 0.010254 -0.000945 -0.000342
v 0.010305 -0.000947 -0.000518
v 0.010456 -0.001057 -0.000464
v 0.010083 -0.0008199997 5.600002E-05
v 0.010099 -0.0008119997 0.000271
v 0.010305 -0.000947 0.000201
v 0.009907 -0.0006999997 8.700002E-05
v 0.010246 -0.0009479998 -6.599999E-05
v 0.010254 -0.000945 2.600002E-05
v 0.01042 -0.001073 -4.99998E-06
v 0.009907 -0.0006999997 -0.000158
v 0.010571 -0.001213 -9.599999E-05
v 0.010568 -0.001214 -0.000128
v 0.010728 -0.00135 -0.000112
v 0.01042 -0.001073 -0.000311
v 0.010582 -0.001207 -0.00028
v 0.010598 -0.001199 -0.000342
v 0.010754 -0.001338 -0.000295
v 0.010568 -0.001214 -0.000188
v 0.010571 -0.001213 -0.000219
v 0.010243 -0.000949 -0.000158
v 0.010728 -0.00135 -0.000204
v 0.011144 -0.001257 -0.00015
v 0.01117 -0.00152 -0.00015
v 0.011134 -0.001268 -0.000143
v 0.011175 -0.001513 -0.000154
v 0.011179 -0.001505 -0.000158
v 0.011182 -0.001645 -0.000158
v 0.011175 -0.001513 -0.000154
v 0.011181 -0.001648 -0.000156
v 0.011178 -0.001785 -0.000158
v 0.011158 -0.001533 -0.000143
v 0.011111 -0.001294 -0.000128
v 0.01117 -0.00152 -0.00015
v 0.011134 -0.001268 -0.000143
v -0.004905 -0.006644 -0.000522
v -0.004892 -0.006647 -0.000522
v -0.004875 -0.006522 -0.00052
v -0.004973 -0.007116 -0.000522
v -0.004916001 -0.006642 -0.000522
v -0.005040001 -0.008144 -0.000158
v -0.005355 -0.008141 -0.00034
v -0.005383 -0.00814 -0.000282
v -0.005398 -0.00814 -0.000221
v -0.005319001 -0.00814 -0.000391
v -0.005404001 -0.00814 -0.000158
v -0.005274 -0.008142 -0.000437
v -0.005398 -0.00814 -9.399999E-05
v -0.005223 -0.008142 -0.000473
v -0.005383 -0.00814 -3.399998E-05
v -0.005165 -0.008143 -0.0005
v -0.005355 -0.008141 2.400001E-05
v -0.005104 -0.008144 -0.000516
v -0.005319001 -0.00814 7.6E-05
v -0.005040001 -0.008144 -0.000522
v -0.005274 -0.008142 0.000121
v -0.004977 -0.008145 -0.000516
v -0.005223 -0.008142 0.000157
v -0.004915 -0.008146 -0.0005
v -0.005165 -0.008143 0.000183
v -0.004858001 -0.008146 -0.000473
v -0.005104 -0.008144 0.0002
v -0.004807001 -0.008146999 -0.000437
v -0.005040001 -0.008144 0.000206
v -0.004762 -0.008146999 -0.000391
v -0.004977 -0.008145 0.0002
v -0.004725 -0.008148 -0.00034
v -0.004915 -0.008146 0.000183
v -0.004698 -0.008148 -0.000282
v -0.004858001 -0.008146 0.000157
v -0.004683001 -0.008148 -0.000221
v -0.004807001 -0.008146999 0.000121
v -0.004677 -0.008149 -0.000158
v -0.004762 -0.008146999 7.6E-05
v -0.004683001 -0.008148 -9.399999E-05
v -0.004725 -0.008148 2.400001E-05
v -0.004698 -0.008148 -3.399998E-05

vn 0.4688934 -0.07589895 0.8799877
vn 0.4688934 -0.07589895 0.8799877
vn 0.4688934 -0.07589895 0.8799877
vn 0.4182944 -0.06059919 0.9062878
vn 0.4191915 -0.06339871 0.9056816
vn 0.4191915 -0.06339871 0.9056816
vn 0.4182944 -0.06059919 0.9062878
vn 0.4182944 -0.06059919 0.9062878
vn 0.4224734 -0.01549902 0.9062428
vn 0.4224734 -0.01549902 0.9062428
vn 0.4223912 -0.01549968 0.9062811
vn 0.4223912 -0.01549968 0.9062811
vn 0.562472 -0.08379583 0.8225591
vn 0.562472 -0.08379583 0.8225591
vn 0.562472 -0.08379583 0.8225591
vn 0.5677053 -0.08230076 0.8191076
vn 0.5677053 -0.08230076 0.8191076
vn 0.5732901 -0.02089964 0.8190858
vn 0.5732901 -0.02089964 0.8190858
vn 0.5732901 -0.02089964 0.8190858
vn 0.5732901 -0.02089964 0.8190858
vn 0.517309 -0.07490129 0.8525147
vn 0.517309 -0.07490129 0.8525147
vn 0.517309 -0.07490129 0.8525147
vn 0.7392077 -0.1071011 0.664907
vn 0.7392077 -0.1071011 0.664907
vn 0.7392077 -0.1071011 0.664907
vn 0.7795123 -0.1130018 0.6161098
vn 0.7795123 -0.1130018 0.6161098
vn 0.7795123 -0.1130018 0.6161098
vn 0.9400026 -0.1362004 0.3128009
vn 0.9400026 -0.1362004 0.3128009
vn 0.9400026 -0.1362004 0.3128009
vn 0.897031 -0.1300045 0.4224146
vn 0.897031 -0.1300045 0.4224146
vn 0.897031 -0.1300045 0.4224146
vn 0.8859857 -0.1293979 0.4452928
vn 0.8859857 -0.1293979 0.4452928
vn 0.9150658 -0.1392948 0.3784859
vn 0.9150658 -0.1392948 0.3784859
vn 0.9150658 -0.1392948 0.3784859
vn 0.9771857 -0.1415979 0.1582977
vn 0.9771857 -0.1415979 0.1582977
vn 0.9771258 -0.1420037 0.1583042
vn 0.9771857 -0.1415979 -0.1582977
vn 0.9771857 -0.1415979 -0.1582977
vn 0.9771857 -0.1415979 -0.1582977
vn 0.9160332 -0.1327048 -0.3785137
vn 0.9160332 -0.1327048 -0.3785137
vn 0.9160332 -0.1327048 -0.3785137
vn 0.9400026 -0.1362004 -0.3128009
vn 0.9400026 -0.1362004 -0.3128009
vn 0.9400026 -0.1362004 -0.3128009
vn 0.7795995 -0.1129999 -0.6159996
vn 0.7795995 -0.1129999 -0.6159996
vn 0.779582 -0.1131974 -0.6159858
vn 0.6563976 -0.09509965 -0.7483972
vn 0.6563976 -0.09509965 -0.7483972
vn 0.6563976 -0.09509965 -0.7483972
vn 0.6087919 -0.08839882 -0.7883895
vn 0.6087919 -0.08839882 -0.7883895
vn 0.6087919 -0.08839882 -0.7883895
vn 0.3665005 -0.05310008 -0.9289013
vn 0.3665005 -0.05310008 -0.9289013
vn 0.3665005 -0.05310008 -0.9289013
vn 0.3114024 -0.04510035 -0.9492073
vn 0.3114024 -0.04510035 -0.9492073
vn 0.3114024 -0.04510035 -0.9492073
vn 0.1985917 -0.02879879 -0.9796591
vn 0.1985917 -0.02879879 -0.9796591
vn 0.1985917 -0.02879879 -0.9796591
vn -0.2031991 0.02939988 -0.9786959
vn -0.2031991 0.02939988 -0.9786959
vn -0.2031991 0.02939988 -0.9786959
vn -0.1351051 0.01960074 -0.9906374
vn -0.1351051 0.01960074 -0.9906374
vn -0.1351051 0.01960074 -0.9906374
vn -0.3533901 0.05119857 -0.9340739
vn -0.3533901 0.05119857 -0.9340739
vn -0.3533901 0.05119857 -0.9340739
vn -0.6249812 0.09049727 -0.7753766
vn -0.6249812 0.09049727 -0.7753766
vn -0.6249812 0.09049727 -0.7753766
vn -0.7823831 0.1133976 -0.6123868
vn -0.7823831 0.1133976 -0.6123868
vn -0.7823831 0.1133976 -0.6123868
vn -0.7382206 0.107003 -0.6660185
vn -0.7382206 0.107003 -0.6660185
vn -0.7382206 0.107003 -0.6660185
vn -0.9176483 0.1329925 -0.3744789
vn -0.9176483 0.1329925 -0.3744789
vn -0.9176483 0.1329925 -0.3744789
vn -0.9393142 0.1361021 -0.3149048
vn -0.9393142 0.1361021 -0.3149048
vn -0.9393142 0.1361021 -0.3149048
vn -0.9892972 0.1432996 -0.02749992
vn -0.9892972 0.1432996 -0.02749992
vn -0.9892972 0.1432996 -0.02749992
vn -0.9176483 0.1329925 0.3744789
vn -0.9176483 0.1329925 0.3744789
vn -0.9176483 0.1329925 0.3744789
vn -0.9393142 0.1361021 0.3149048
vn -0.9393142 0.1361021 0.3149048
vn -0.9393142 0.1361021 0.3149048
vn -0.7382206 0.107003 0.6660185
vn -0.7382206 0.107003 0.6660185
vn -0.7382206 0.107003 0.6660185
vn -0.7823831 0.1133976 0.6123868
vn -0.7823831 0.1133976 0.6123868
vn -0.7823831 0.1133976 0.6123868
vn -0.6248774 0.09039673 0.7754719
vn -0.6248774 0.09039673 0.7754719
vn -0.6248774 0.09039673 0.7754719
vn -0.3533901 0.05119857 0.9340739
vn -0.3533901 0.05119857 0.9340739
vn -0.3533901 0.05119857 0.9340739
vn -0.1350069 0.01960101 0.9906508
vn -0.1350069 0.01960101 0.9906508
vn -0.1350069 0.01960101 0.9906508
vn -0.2031039 0.02930056 0.9787187
vn -0.2031039 0.02930056 0.9787187
vn -0.2031039 0.02930056 0.9787187
vn 0.3672931 -0.053199 0.9285826
vn 0.3672912 -0.05329872 0.9285777
vn 0.3672912 -0.05329872 0.9285777
vn 0.3110091 -0.05300156 0.9489279
vn 0.3110091 -0.05300156 0.9489279
vn 0.3110091 -0.05300156 0.9489279
vn 0.254213 -0.03930201 0.9663494
vn 0.2552064 -0.02990075 0.9664242
vn 0.254213 -0.03930201 0.9663494
vn 0.2558109 -0.02730117 0.9663413
vn 0.2562038 -0.03700055 0.9659144
vn 0.2563021 -0.01910016 0.966408
vn 0.2566057 -0.0135003 0.9664218
vn 0.258796 -0.009499854 0.9658852
vn 0.258796 -0.009499854 0.9658852
vn 0.1987072 -0.02880105 0.9796356
vn 0.1987072 -0.02880105 0.9796356
vn 0.1987072 -0.02880105 0.9796356
vn 0.1355031 -0.0265006 0.9904225
vn 0.1355031 -0.0265006 0.9904225
vn 0.1355031 -0.0265006 0.9904225
vn -0.7577147 0.1457028 0.6361123
vn -0.7577147 0.1457028 0.6361123
vn -0.7577147 0.1457028 0.6361123
vn -0.7457074 0.104001 0.6581066
vn -0.7658893 0.1064985 0.6340911
vn -0.7457074 0.104001 0.6581066
vn -0.7457074 0.104001 0.6581066
vn 0.3775143 -0.2604099 0.8886336
vn 0.3775143 -0.2604099 0.8886336
vn 0.3775143 -0.2604099 0.8886336
vn -0.6310014 0.1910004 0.7519016
vn -0.6310014 0.1910004 0.7519016
vn -0.6388914 0.1617978 0.7520899
vn -0.6692138 0.1322027 0.7312151
vn -0.6388914 0.1617978 0.7520899
vn -0.6483563 0.1945869 0.7360504
vn -0.648404 0.1946012 0.7360045
vn -0.648404 0.1946012 0.7360045
vn -0.6932954 0.2035986 0.6912953
vn -0.6692138 0.1322027 0.7312151
vn -0.6692138 0.1322027 0.7312151
vn -0.686392 0.1349984 0.7145917
vn -0.686392 0.1349984 0.7145917
vn -0.7143803 0.05999834 0.6971808
vn -0.6946017 0.09790025 0.7127018
vn -0.7143803 0.05999834 0.6971808
vn -0.7143846 0.0598987 0.6971849
vn -0.714376 0.06009798 0.6971765
vn -0.6932954 0.2035986 0.6912953
vn -0.7214109 0.1766027 0.6696101
vn -0.7213982 0.1766995 0.6695983
vn -0.7214237 0.1765058 0.669622
vn -0.6633844 0.2395944 0.7088833
vn -0.6633844 0.2395944 0.7088833
vn -0.6633844 0.2395944 0.7088833
vn -0.6474197 0.2425074 0.722522
vn -0.7060975 0.2557991 0.6602978
vn -0.7060975 0.2557991 0.6602978
vn -0.7060975 0.2557991 0.6602978
vn -0.7139682 0.2292898 0.6615705
vn -0.7154218 0.2349072 0.6580201
vn -0.7203867 0.2359957 0.6521879
vn -0.7187115 0.2229036 0.6586105
vn -0.7202054 0.2365018 0.6522049
vn -0.7202054 0.2365018 0.6522049
vn -0.7201018 0.2371006 0.6521017
vn -0.6474197 0.2425074 0.722522
vn -0.6474197 0.2425074 0.722522
vn -0.6114109 0.2484044 0.7513134
vn -0.6156744 0.2329903 0.7527686
vn -0.5890128 0.2395052 0.7718168
vn -0.5890781 0.2394911 0.7717713
vn -0.5931112 0.2416046 0.7680146
vn -0.5931112 0.2416046 0.7680146
vn -0.5937129 0.2276049 0.7718167
vn -0.6277995 0.2357998 0.7417994
vn -0.5937129 0.2276049 0.7718167
vn -0.5784171 0.2138063 0.7872233
vn -0.5989162 0.2095057 0.7729209
vn -0.5875725 0.1818915 0.7884631
vn -0.5875725 0.1818915 0.7884631
vn -0.5903965 0.1564991 0.7917954
vn -0.5903965 0.1564991 0.7917954
vn -0.5903965 0.1564991 0.7917954
vn -0.5994026 0.1213005 0.7912034
vn -0.5674304 0.04760255 0.8220441
vn -0.5674304 0.04760255 0.8220441
vn -0.5674304 0.04760255 0.8220441
vn 0.2812881 -0.2045913 0.9375603
vn 0.2632011 -0.224301 0.9383039
vn 0.2812881 -0.2045913 0.9375603
vn 0.2632011 -0.224301 0.9383039
vn 0.2632872 -0.2239891 0.9383543
vn 0.2629972 -0.2245976 0.9382901
vn 0.233304 -0.2408041 0.9421161
vn 0.233304 -0.2408041 0.9421161
vn 0.191402 -0.2535026 0.9482098
vn 0.191402 -0.2535026 0.9482098
vn 0.333696 -0.2214974 0.9162892
vn 0.333696 -0.2214974 0.9162892
vn 0.333696 -0.2214974 0.9162892
vn 0.4187106 -0.2986076 0.8576217
vn 0.4187106 -0.2986076 0.8576217
vn 0.4187106 -0.2986076 0.8576217
vn -0.03679951 0.008499886 0.9992866
vn -0.04350065 -0.02600039 0.998715
vn -0.04350065 -0.02600039 0.998715
vn -0.03679951 0.008499886 0.9992866
vn 0.007199652 -0.006699676 0.9999517
vn 0.007200167 -0.01010023 0.9999231
vn 0.007200167 -0.01010023 0.9999231
vn 0.02350113 -0.01230059 0.9996482
vn 0.02150003 -0.01160002 0.9997016
vn 0.01999928 -0.008499693 0.9997639
vn 0.01780037 -0.006400135 0.9998211
vn 0.01810059 -0.002600085 0.9998327
vn -0.01519973 0.002199961 0.9998821
vn -0.04000121 0.0232007 0.9989303
vn -0.01269979 0.01649972 0.9997832
vn -0.07400242 0.02120069 0.9970326
vn -0.06020303 0.03270165 0.9976503
vn -0.07130036 0.03600018 0.9968051
vn -0.07130036 0.03600018 0.9968051
vn -0.06439944 0.00809993 0.9978914
vn -0.06439944 0.00809993 0.9978914
vn -0.06439944 0.00809993 0.9978914
vn -0.08679887 0.008799885 0.996187
vn -0.08719742 0.00639981 0.9961705
vn -0.0873967 0.004699823 0.9961625
vn -0.08719875 0.003199954 0.9961857
vn -0.08719875 0.003199954 0.9961857
vn -0.9468005 0.1925001 0.2579001
vn -0.9467824 0.1925964 0.2578952
vn -0.9468005 0.1925001 0.2579001
vn -0.9002162 0.223504 0.3737067
vn -0.9002162 0.223504 0.3737067
vn -0.9002162 0.223504 0.3737067
vn -0.9784058 0.08230049 0.1896011
vn -0.9784058 0.08230049 0.1896011
vn -0.9784058 0.08230049 0.1896011
vn -0.9416007 0.1863001 0.2805002
vn -0.9416007 0.1863001 0.2805002
vn -0.9416007 0.1863001 0.2805002
vn -0.9516385 0.1275052 0.2795113
vn -0.9516385 0.1275052 0.2795113
vn -0.9516385 0.1275052 0.2795113
vn -0.9710138 0.143302 0.1913027
vn -0.9710138 0.143302 0.1913027
vn -0.9710138 0.143302 0.1913027
vn -0.7964929 0.2522978 0.5494951
vn -0.7964929 0.2522978 0.5494951
vn -0.7964929 0.2522978 0.5494951
vn -0.925664 0.2101918 0.3145877
vn -0.925664 0.2101918 0.3145877
vn -0.925664 0.2101918 0.3145877
vn -0.8660069 0.07280058 0.494704
vn -0.8660069 0.07280058 0.494704
vn -0.8660069 0.07280058 0.494704
vn -0.8593069 0.1174009 0.497804
vn -0.8346675 0.1146955 0.538679
vn -0.8346675 0.1146955 0.538679
vn -0.8346675 0.1146955 0.538679
vn -0.826795 0.1557991 0.5404967
vn -0.8250849 0.1554972 0.5431901
vn -0.8250849 0.1554972 0.5431901
vn -0.7927077 0.2226022 0.5675055
vn -0.7927077 0.2226022 0.5675055
vn -0.7967859 0.223296 0.5614901
vn -0.7870895 0.1879975 0.5874922
vn -0.7405045 0.2127013 0.6375039
vn -0.7870895 0.1879975 0.5874922
vn -0.7870895 0.1879975 0.5874922
vn -0.7870895 0.1879975 0.5874922
vn -0.7485198 0.1814048 0.6378169
vn -0.7405045 0.2127013 0.6375039
vn -0.7405045 0.2127013 0.6375039
vn -0.7713912 0.2331973 0.5920933
vn -0.7526256 0.2151073 0.6223211
vn -0.7526256 0.2151073 0.6223211
vn -0.7586132 0.2375041 0.6067106
vn -0.7592753 0.2312925 0.6082802
vn -0.7586917 0.2372974 0.6066934
vn -0.7560958 0.2431986 0.6075966
vn -0.6860198 0.2022059 0.6989202
vn -0.6860198 0.2022059 0.6989202
vn -0.6860198 0.2022059 0.6989202
vn -0.7967859 0.223296 0.5614901
vn -0.7967859 0.223296 0.5614901
vn -0.7967859 0.223296 0.5614901
vn -0.7967859 0.223296 0.5614901
vn -0.825382 0.1942958 0.5300884
vn -0.8174014 0.2269004 0.5295009
vn -0.8450417 0.1974097 0.4969245
vn -0.8450417 0.1974097 0.4969245
vn -0.8450417 0.1974097 0.4969245
vn -0.8588223 0.1604042 0.4865127
vn -0.8588223 0.1604042 0.4865127
vn -0.8588223 0.1604042 0.4865127
vn -0.8665907 0.1182987 0.4847948
vn -0.8491242 0.2322066 0.4744135
vn -0.8487052 0.1980012 0.490403
vn -0.8491242 0.2322066 0.4744135
vn -0.8491242 0.2322066 0.4744135
vn -0.8529767 0.2165941 0.4748871
vn -0.869174 0.235393 0.434887
vn -0.8298017 0.06960014 0.5537011
vn -0.8298017 0.06960014 0.5537011
vn -0.8298017 0.06960014 0.5537011
vn -0.8228106 0.1133015 0.5569072
vn -0.800806 0.1107008 0.5886044
vn -0.800806 0.1107008 0.5886044
vn -0.800806 0.1107008 0.5886044
vn -0.7928749 0.1509952 0.5903813
vn -0.7645828 0.1467967 0.6275859
vn -0.7645828 0.1467967 0.6275859
vn -0.7645828 0.1467967 0.6275859
vn -0.7561942 0.1827986 0.6282952
vn -0.9664215 0.1055023 0.2343052
vn -0.9664215 0.1055023 0.2343052
vn -0.9664215 0.1055023 0.2343052
vn -0.7521898 0.2547965 0.6076918
vn -0.7521898 0.2547965 0.6076918
vn -0.7521898 0.2547965 0.6076918
vn -0.378307 0.05870109 0.9238172
vn -0.378307 0.05870109 0.9238172
vn -0.378307 0.05870109 0.9238172
vn -0.355607 0.04960098 0.9333185
vn -0.355607 0.04960098 0.9333185
vn -0.3729035 -0.02590024 0.9275087
vn -0.3729035 -0.02590024 0.9275087
vn -0.3729035 -0.02590024 0.9275087
vn -0.4290983 0.07899969 0.8997964
vn -0.4290983 0.07899969 0.8997964
vn -0.4290983 0.07899969 0.8997964
vn -0.4457941 0.009199878 0.8950882
vn -0.4457941 0.009199878 0.8950882
vn -0.4457941 0.009199878 0.8950882
vn -0.4898041 0.1040009 0.8656072
vn -0.4898041 0.1040009 0.8656072
vn -0.4898041 0.1040009 0.8656072
vn -0.5276688 0.16909 0.8324507
vn -0.5276688 0.16909 0.8324507
vn -0.5488831 0.1735947 0.8176749
vn -0.5370173 0.2138069 0.8160263
vn -0.5370173 0.2138069 0.8160263
vn -0.5370173 0.2138069 0.8160263
vn -0.5517952 0.113699 0.8261928
vn -0.5517952 0.113699 0.8261928
vn -0.5517952 0.113699 0.8261928
vn 0.02920082 -0.1952055 0.9803275
vn 0.02920082 -0.1952055 0.9803275
vn 0.02920082 -0.1952055 0.9803275
vn 0.04009916 -0.1472969 0.9882791
vn 0.04009916 -0.1472969 0.9882791
vn 0.04009916 -0.1472969 0.9882791
vn -0.04009808 -0.1686919 0.9848529
vn -0.04009808 -0.1686919 0.9848529
vn -0.04009808 -0.1686919 0.9848529
vn -0.07410291 -0.1047041 0.9917389
vn -0.02960147 -0.121506 0.9921492
vn -0.02960147 -0.121506 0.9921492
vn -0.07410291 -0.1047041 0.9917389
vn -0.07410291 -0.1047041 0.9917389
vn -0.06470249 -0.06100235 0.9960383
vn 0.7410018 -0.3956009 0.5426013
vn 0.7410018 -0.3956009 0.5426013
vn 0.7410018 -0.3956009 0.5426013
vn 0.8693973 -0.2157993 0.4444986
vn 0.8693973 -0.2157993 0.4444986
vn 0.8693973 -0.2157993 0.4444986
vn 0.5131074 -0.2994043 -0.8044115
vn 0.5131074 -0.2994043 -0.8044115
vn 0.5131074 -0.2994043 -0.8044115
vn 0.4806963 -0.3161975 -0.8178937
vn 0.4806963 -0.3161975 -0.8178937
vn 0.5059227 -0.3227145 0.7999359
vn 0.5059065 -0.3228041 0.7999101
vn 0.5059065 -0.3228041 0.7999101
vn 0.5264162 -0.3282101 0.7843241
vn 0.5264162 -0.3282101 0.7843241
vn 0.5191127 -0.3503086 0.7796191
vn 0.4629046 -0.311403 0.8299082
vn 0.4629046 -0.311403 0.8299082
vn 0.4629046 -0.311403 0.8299082
vn 0.9066722 -0.2847912 0.3111904
vn 0.9066722 -0.2847912 0.3111904
vn 0.9066722 -0.2847912 0.3111904
vn 0.8820023 -0.3209008 0.3451008
vn 0.8950068 -0.3212025 0.3095024
vn 0.8820023 -0.3209008 0.3451008
vn 0.8820023 -0.3209008 0.3451008
vn 0.8787988 -0.3601995 0.3129996
vn 0.8676857 -0.3604941 0.3422944
vn 0.8787988 -0.3601995 0.3129996
vn 0.8787988 -0.3601995 0.3129996
vn 0.9210459 -0.320116 0.2218111
vn 0.9210459 -0.320116 0.2218111
vn 0.9210459 -0.320116 0.2218111
vn 0.9014528 -0.3583812 0.2427873
vn 0.9014528 -0.3583812 0.2427873
vn 0.9150221 -0.3207077 0.2447059
vn 0.8809953 -0.3974979 0.2565986
vn 0.8809953 -0.3974979 0.2565986
vn 0.9125879 -0.3144958 0.2612965
vn 0.9125879 -0.3144958 0.2612965
vn 0.9442735 -0.2411932 0.2239937
vn 0.9442735 -0.2411932 0.2239937
vn 0.9474882 -0.2539968 0.1942976
vn 0.9388293 -0.2848089 0.193606
vn 0.9388293 -0.2848089 0.193606
vn 0.9388293 -0.2848089 0.193606
vn 0.9589143 -0.1819027 0.2177033
vn 0.9589143 -0.1819027 0.2177033
vn 0.9589143 -0.1819027 0.2177033
vn 0.9224097 -0.379404 0.07220076
vn 0.9224097 -0.379404 0.07220076
vn 0.9224097 -0.379404 0.07220076
vn 0.5637403 -0.2876205 -0.7742553
vn 0.5637403 -0.2876205 -0.7742553
vn 0.5874004 -0.2935002 -0.7542005
vn 0.609001 -0.3226005 -0.7246011
vn 0.6098907 -0.2970955 -0.7346888
vn 0.6098907 -0.2970955 -0.7346888
vn 0.609108 -0.3226043 -0.7245095
vn 0.6091228 -0.322312 -0.7246271
vn 0.6147872 -0.3604925 -0.7014854
vn 0.6265005 -0.3268003 -0.7076006
vn 0.5791137 -0.3661087 -0.7284172
vn 0.5791137 -0.3661087 -0.7284172
vn 0.5791137 -0.3661087 -0.7284172
vn 0.5641983 -0.337299 -0.7535978
vn 0.5641983 -0.337299 -0.7535978
vn 0.5642174 -0.3372104 -0.7536232
vn 0.849798 -0.2432994 -0.4675989
vn 0.849798 -0.2432994 -0.4675989
vn 0.849798 -0.2432994 -0.4675989
vn 0.8603795 -0.2803933 -0.4255899
vn 0.8402295 -0.2777097 -0.4657163
vn 0.8603795 -0.2803933 -0.4255899
vn 0.8603795 -0.2803933 -0.4255899
vn 0.8698894 -0.246397 -0.4272948
vn 0.8274919 -0.2397977 -0.5076951
vn 0.8274919 -0.2397977 -0.5076951
vn 0.8274919 -0.2397977 -0.5076951
vn 0.7909773 -0.2507928 -0.558084
vn 0.8278443 -0.2209118 -0.5156276
vn 0.8439153 -0.2263041 -0.4864088
vn 0.8439153 -0.2263041 -0.4864088
vn 0.8659849 -0.229896 -0.4440923
vn 0.8671823 -0.245995 -0.4329911
vn 0.8659849 -0.229896 -0.4440923
vn 0.7909773 -0.2507928 -0.558084
vn 0.7909773 -0.2507928 -0.558084
vn 0.7819132 -0.2492042 -0.5714096
vn 0.7768044 -0.2675016 -0.5701033
vn 0.7604042 -0.2646015 -0.5931033
vn 0.7604042 -0.2646015 -0.5931033
vn 0.8672199 -0.2460056 -0.4329099
vn 0.8672574 -0.2460163 -0.4328286
vn 0.8671823 -0.245995 -0.4329911
vn 0.8709751 -0.2310934 -0.4335876
vn 0.74502 -0.261807 -0.6135164
vn 0.7427174 -0.2613061 -0.6165144
vn 0.7450644 -0.2617875 -0.6134707
vn 0.7471125 -0.2624044 -0.6107102
vn 0.6435928 -0.2609971 0.719492
vn 0.6435928 -0.2609971 0.719492
vn 0.6435928 -0.2609971 0.719492
vn 0.5963625 -0.2625835 0.7585523
vn 0.5962981 -0.2625992 0.7585976
vn 0.5963625 -0.2625835 0.7585523
vn 0.8439153 -0.2263041 0.4864088
vn 0.8232956 -0.2390987 0.5147973
vn 0.8232956 -0.2390987 0.5147973
vn 0.8439153 -0.2263041 0.4864088
vn 0.8439153 -0.2263041 0.4864088
vn 0.8552752 -0.2302933 0.4641865
vn 0.8497495 -0.2434142 0.4676272
vn 0.8671823 -0.245995 0.4329911
vn 0.8699109 -0.2463031 0.4273054
vn 0.8866469 -0.233486 0.3991761
vn 0.8402295 -0.2777097 0.4657163
vn 0.8497495 -0.2434142 0.4676272
vn 0.8970661 -0.2499905 0.3643862
vn 0.8970661 -0.2499905 0.3643862
vn 0.9062759 -0.2124944 0.3653903
vn 0.8699109 -0.2463031 0.4273054
vn 0.8699109 -0.2463031 0.4273054
vn 0.8701871 -0.2814958 0.404394
vn 0.8878615 -0.2488892 0.3869832
vn 0.8353128 -0.3171048 0.4491068
vn 0.8353128 -0.3171048 0.4491068
vn 0.8192031 -0.3583014 0.4478017
vn 0.8701627 -0.2815879 0.4043826
vn 0.8701627 -0.2815879 0.4043826
vn 0.8701627 -0.2815879 0.4043826
vn 0.8943736 -0.2838916 0.3456898
vn 0.9037075 -0.2508021 0.3470029
vn 0.8943736 -0.2838916 0.3456898
vn 0.8943736 -0.2838916 0.3456898
vn 0.8192031 -0.3583014 0.4478017
vn 0.8192031 -0.3583014 0.4478017
vn 0.8339675 -0.3169877 0.4516824
vn 0.7792671 -0.3995832 0.4827796
vn 0.7965956 -0.356098 0.4884973
vn 0.7792671 -0.3995832 0.4827796
vn 0.7792671 -0.3995832 0.4827796
vn 0.9082737 -0.2848918 0.3063911
vn 0.9265404 -0.2531111 0.2783121
vn 0.929269 -0.2532915 0.268891
vn 0.929269 -0.2532915 0.268891
vn 0.929269 -0.2532915 0.268891
vn 0.9265404 -0.2531111 0.2783121
vn 0.9410184 -0.2270044 0.2509049
vn 0.9265404 -0.2531111 0.2783121
vn 0.9425939 -0.2539984 0.2167986
vn 0.9425939 -0.2539984 0.2167986
vn 0.9425939 -0.2539984 0.2167986
vn 0.9410184 -0.2270044 0.2509049
vn 0.9410184 -0.2270044 0.2509049
vn 0.9410184 -0.2270044 0.2509049
vn 0.9397727 -0.2086939 0.2706921
vn 0.9281929 -0.2019984 0.3124976
vn 0.9281929 -0.2019984 0.3124976
vn 0.9281929 -0.2019984 0.3124976
vn 0.9553844 -0.1867969 0.2287963
vn 0.9628302 -0.1437045 0.2287072
vn 0.9553844 -0.1867969 0.2287963
vn 0.9559543 -0.1384934 0.2587876
vn 0.9559324 -0.1386047 0.2588088
vn 0.9559543 -0.1384934 0.2587876
vn 0.7078177 -0.2533063 0.6594165
vn 0.7078177 -0.2533063 0.6594165
vn 0.7078177 -0.2533063 0.6594165
vn 0.758418 -0.3511083 0.549113
vn 0.758418 -0.3511083 0.549113
vn 0.758418 -0.3511083 0.549113
vn 0.7522063 -0.243702 0.6122051
vn 0.7522063 -0.243702 0.6122051
vn 0.7522063 -0.243702 0.6122051
vn 0.9018863 -0.2090968 0.3779943
vn 0.9018863 -0.2090968 0.3779943
vn 0.9018863 -0.2090968 0.3779943
vn 0.9679262 -0.1950053 -0.1584043
vn 0.9679262 -0.1950053 -0.1584043
vn 0.9633657 -0.1937931 -0.1853934
vn 0.9516534 -0.20519 -0.2285888
vn 0.9633657 -0.1937931 -0.1853934
vn 0.9629824 -0.1954964 -0.1855966
vn 0.9654435 -0.2089094 -0.155807
vn 0.9603494 -0.2283117 -0.1600082
vn 0.9516534 -0.20519 -0.2285888
vn 0.9405101 -0.2048022 -0.2711029
vn 0.9603572 -0.2282898 -0.1599929
vn 0.9603494 -0.2283117 -0.1600082
vn 0.9647126 -0.2078027 -0.1617021
vn 0.9647126 -0.2078027 -0.1617021
vn 0.9645207 -0.2072045 -0.1636035
vn 0.9262807 -0.2108956 -0.3122935
vn 0.9405101 -0.2048022 -0.2711029
vn 0.9262807 -0.2108956 -0.3122935
vn 0.9402491 -0.2058889 -0.2711853
vn 0.9455032 -0.2079007 -0.2506009
vn 0.9456264 -0.2066058 -0.251207
vn 0.9204828 -0.2245958 -0.319794
vn 0.9195861 -0.2174967 -0.327195
vn 0.9204828 -0.2245958 -0.319794
vn 0.9204828 -0.2245958 -0.319794
vn 0.9204534 -0.2245886 -0.3198838
vn 0.929294 -0.2532984 -0.2687983
vn 0.9333209 -0.226105 -0.2789062
vn 0.929294 -0.2532984 -0.2687983
vn 0.929294 -0.2532984 -0.2687983
vn 0.9293176 -0.2532048 -0.2688051
vn 0.9425939 -0.2539984 -0.2167986
vn 0.9301212 -0.2704062 -0.2485057
vn 0.9347335 -0.2536091 -0.2489089
vn 0.9426178 -0.2539048 -0.2168041
vn 0.9426178 -0.2539048 -0.2168041
vn 0.9426178 -0.2539048 -0.2168041
vn 0.9679262 -0.1950053 0.1584043
vn 0.9679262 -0.1950053 0.1584043
vn 0.9605249 -0.2074054 0.1854048
vn 0.9607686 -0.2061933 0.1854939
vn 0.9605249 -0.2074054 0.1854048
vn 0.9602719 -0.2084939 0.1854946
vn 0.9680917 -0.1961983 0.1558987
vn 0.9680729 -0.1962945 0.1558956
vn 0.9647244 -0.2089053 0.1602041
vn 0.9564244 -0.2080053 0.2049052
vn 0.9647244 -0.2089053 0.1602041
vn 0.9647244 -0.2089053 0.1602041
vn 0.9603341 -0.2283081 0.1601057
vn 0.9394223 -0.3164075 -0.1318031
vn 0.9394223 -0.3164075 -0.1318031
vn 0.9394223 -0.3164075 -0.1318031
vn 0.9351033 -0.3175011 -0.1574005
vn 0.9351033 -0.3175011 -0.1574005
vn 0.9079943 -0.3892976 -0.154899
vn 0.9079943 -0.3892976 -0.154899
vn 0.9079943 -0.3892976 -0.154899
vn 0.9470938 -0.312498 -0.07319953
vn 0.9470938 -0.312498 -0.07319953
vn 0.9470938 -0.312498 -0.07319953
vn 0.9224097 -0.379404 -0.07220076
vn 0.9224097 -0.379404 -0.07220076
vn 0.9224097 -0.379404 -0.07220076
vn 0.9684792 -0.2490946 0
vn 0.968455 -0.2491884 0
vn 0.968455 -0.2491884 0
vn 0.9684792 -0.2490946 0
vn 0.9684792 -0.2490946 0
vn 0.9684792 -0.2490946 0
vn 0.9656761 -0.2519938 0.06299844
vn 0.9656761 -0.2519938 0.06299844
vn 0.9656761 -0.2519938 0.06299844
vn 0.9470938 -0.312498 0.07319953
vn 0.9470938 -0.312498 0.07319953
vn 0.9470938 -0.312498 0.07319953
vn 0.6974125 -0.389307 -0.6017108
vn 0.6974125 -0.389307 -0.6017108
vn 0.6974125 -0.389307 -0.6017108
vn 0.7145293 -0.3441141 -0.609125
vn 0.7145293 -0.3441141 -0.609125
vn 0.7145048 -0.3442023 -0.609104
vn 0.7410311 -0.3955166 -0.5426227
vn 0.7410311 -0.3955166 -0.5426227
vn 0.7410311 -0.3955166 -0.5426227
vn 0.758418 -0.3511083 -0.549113
vn 0.758418 -0.3511083 -0.549113
vn 0.758418 -0.3511083 -0.549113
vn -0.331095 0.1692974 -0.9282858
vn -0.331095 0.1692974 -0.9282858
vn -0.331095 0.1692974 -0.9282858
vn -0.2691079 0.1383041 -0.953128
vn -0.2691079 0.1383041 -0.953128
vn -0.2691079 0.1383041 -0.953128
vn -0.3093056 0.1490027 -0.9392169
vn -0.332389 0.1684944 -0.9279693
vn -0.332389 0.1684944 -0.9279693
vn -0.3337083 0.1373034 -0.9326234
vn -0.3337083 0.1373034 -0.9326234
vn -0.3337083 0.1373034 -0.9326234
vn -0.3593002 0.1198001 -0.9255006
vn -0.3593002 0.1198001 -0.9255006
vn -0.3593002 0.1198001 -0.9255006
vn 0.1176026 -0.1261028 -0.9850217
vn 0.1176026 -0.1261028 -0.9850217
vn 0.1176026 -0.1261028 -0.9850217
vn -0.2775984 -0.06929961 -0.9581944
vn -0.2775984 -0.06929961 -0.9581944
vn -0.2775984 -0.06929961 -0.9581944
vn -0.2154924 -0.04919825 -0.9752654
vn -0.2154924 -0.04919825 -0.9752654
vn -0.2154924 -0.04919825 -0.9752654
vn -0.2963997 0.02639997 -0.954699
vn -0.2963997 0.02639997 -0.954699
vn -0.2963997 0.02639997 -0.954699
vn -0.257711 0.01870079 -0.9660411
vn -0.257711 0.01870079 -0.9660411
vn -0.257711 0.01870079 -0.9660411
vn -0.4457941 0.009199878 -0.8950882
vn -0.4457941 0.009199878 -0.8950882
vn -0.4457941 0.009199878 -0.8950882
vn -0.8001187 0.2389056 -0.5502129
vn -0.8000997 0.2389999 -0.5501997
vn -0.8000997 0.2389999 -0.5501997
vn -0.7930842 0.2372953 -0.5609888
vn -0.7930842 0.2372953 -0.5609888
vn -0.8120924 0.2390978 -0.532295
vn -0.8252788 0.2435937 -0.5094869
vn -0.8120924 0.2390978 -0.532295
vn -0.8252788 0.2435937 -0.5094869
vn -0.8454736 0.2315928 -0.481185
vn -0.8470401 0.232211 -0.4781226
vn -0.8477905 0.2319974 -0.4768946
vn -0.8491242 0.2322066 -0.4744135
vn -0.8412091 0.2271025 -0.4907053
vn -0.8410591 0.2272889 -0.4908762
vn -0.8408136 0.2309037 -0.4896079
vn -0.9961224 0.08360188 -0.02740062
vn -0.9961224 0.08360188 -0.02740062
vn -0.9961224 0.08360188 -0.02740062
vn -0.825382 0.1942958 -0.5300884
vn -0.8174014 0.2269004 -0.5295009
vn -0.8174014 0.2269004 -0.5295009
vn -0.825382 0.1942958 -0.5300884
vn -0.8006711 0.1902931 -0.5680795
vn -0.8006711 0.1902931 -0.5680795
vn -0.8006711 0.1902931 -0.5680795
vn -0.7927254 0.2225071 -0.5675182
vn 0.1914983 -0.2534977 -0.9481915
vn 0.1914983 -0.2534977 -0.9481915
vn 0.1914983 -0.2534977 -0.9481915
vn 0.1975033 -0.2027034 -0.9591161
vn 0.1975033 -0.2027034 -0.9591161
vn 0.1975033 -0.2027034 -0.9591161
vn 0.2111055 -0.1411037 -0.967225
vn 0.2111055 -0.1411037 -0.967225
vn 0.2111055 -0.1411037 -0.967225
vn 0.1292948 -0.06669734 -0.9893606
vn 0.1292948 -0.06669734 -0.9893606
vn 0.1292948 -0.06669734 -0.9893606
vn 0.08510238 -0.009400262 -0.9963278
vn 0.08510238 -0.009400262 -0.9963278
vn 0.08510238 -0.009400262 -0.9963278
vn 0.07410306 -0.07070292 -0.9947411
vn 0.07410306 -0.07070292 -0.9947411
vn 0.07410306 -0.07070292 -0.9947411
vn 0.1853049 -0.1034027 -0.9772257
vn 0.1853049 -0.1034027 -0.9772257
vn 0.1853049 -0.1034027 -0.9772257
vn 0.2352944 -0.1427966 -0.961377
vn 0.2352944 -0.1427966 -0.961377
vn 0.2352944 -0.1427966 -0.961377
vn -0.124504 0.08070259 -0.9889317
vn -0.124504 0.08070259 -0.9889317
vn -0.124504 0.08070259 -0.9889317
vn -0.2837862 -0.02119897 -0.9586533
vn -0.2837862 -0.02119897 -0.9586533
vn -0.2837862 -0.02119897 -0.9586533
vn -0.1692975 0.01879972 -0.9853857
vn -0.1692975 0.01879972 -0.9853857
vn -0.1622004 0.05170013 -0.9854025
vn -0.1218042 0.0378013 -0.991834
vn -0.1622004 0.05170013 -0.9854025
vn -0.1218042 0.0378013 -0.991834
vn -0.1218042 0.0378013 -0.991834
vn -0.1449959 0.04579869 -0.9883718
vn -0.1449959 0.04579869 -0.9883718
vn -0.07990243 0.02330071 -0.9965304
vn -0.07990243 0.02330071 -0.9965304
vn -0.1272063 0.06180306 -0.989949
vn -0.1092018 -0.002700043 -0.9940159
vn -0.1091029 -0.002800074 -0.9940264
vn -0.1092018 -0.002700043 -0.9940159
vn -0.1272055 0.06190268 -0.9899428
vn -0.1247954 0.06779749 -0.9898634
vn -0.1271052 0.05540228 -0.9903408
vn -0.07390282 0.02130081 -0.997038
vn -0.07400227 0.02130065 -0.9970305
vn -0.07390282 0.02130081 -0.997038
vn -0.07390282 0.02130081 -0.997038
vn -0.04350065 -0.02600039 -0.998715
vn -0.04350065 -0.02600039 -0.998715
vn -0.05879749 -0.02059912 -0.9980573
vn -0.05879749 -0.02059912 -0.9980573
vn -0.08669802 -0.01069976 -0.9961772
vn -0.05879749 -0.02059912 -0.9980573
vn -0.0655003 -0.06070028 -0.9960046
vn -0.06470249 -0.06100235 -0.9960383
vn -0.06470249 -0.06100235 -0.9960383
vn 0.0007000268 -0.04150159 -0.9991382
vn 0.0007000268 -0.04150159 -0.9991382
vn 0.0007000268 -0.04150159 -0.9991382
vn 0.02350113 -0.01230059 -0.9996482
vn 0.02350113 -0.01230059 -0.9996482
vn 0.02049943 -0.02889919 -0.9993722
vn 0.06839959 -0.01129993 -0.9975939
vn 0.06839959 -0.01129993 -0.9975939
vn 0.06839959 -0.01129993 -0.9975939
vn 0.08559687 -0.01149958 -0.9962634
vn 0.08670126 -0.006300091 -0.9962144
vn 0.08680127 -0.004700068 -0.9962146
vn 0.08709951 -0.003199982 -0.9961945
vn 0.08709951 -0.003199982 -0.9961945
vn -0.005400009 -0.08340014 -0.9965016
vn -0.01469939 -0.0790967 -0.9967585
vn -0.01109992 -0.08049943 -0.9966929
vn -0.02960147 -0.121506 -0.9921492
vn -0.02960147 -0.121506 -0.9921492
vn -0.02960147 -0.121506 -0.9921492
vn -0.02960147 -0.121506 -0.9921492
vn 0.03879962 -0.09839904 -0.9943903
vn 0.03879962 -0.09839904 -0.9943903
vn 0.03879962 -0.09839904 -0.9943903
vn 0.04359853 -0.148395 -0.9879666
vn 0.05759955 -0.1050992 -0.9927922
vn 0.04350021 -0.1475007 -0.9881048
vn 0.03999932 -0.1472975 -0.9882832
vn 0.2853969 -0.181898 -0.9409897
vn 0.2688989 -0.1998992 -0.9421962
vn 0.2853969 -0.181898 -0.9409897
vn 0.2686956 -0.2006967 -0.9420846
vn 0.2686956 -0.2006967 -0.9420846
vn 0.2684976 -0.2013982 -0.9419914
vn -0.3077906 0.1019969 -0.9459713
vn -0.3152939 0.07169861 -0.9462817
vn -0.3152939 0.07169861 -0.9462817
vn -0.2773076 0.1050029 -0.9550261
vn -0.2773076 0.1050029 -0.9550261
vn -0.2773076 0.1050029 -0.9550261
vn -0.2876075 0.09500247 -0.9530249
vn -0.2876075 0.09500247 -0.9530249
vn -0.2875158 0.09500521 -0.9530523
vn -0.2260014 0.09270058 -0.9697061
vn -0.2260014 0.09270058 -0.9697061
vn -0.2260014 0.09270058 -0.9697061
vn -0.2083987 0.03279979 -0.9774938
vn -0.1793034 0.08610164 -0.9800188
vn -0.1873959 0.07549836 -0.9793788
vn -0.1791973 0.08669871 -0.9799855
vn -0.1791973 0.08669871 -0.9799855
vn -0.1792071 0.08720347 -0.979939
vn -0.2083987 0.03279979 -0.9774938
vn -0.2083987 0.03279979 -0.9774938
vn -0.201197 0.06509902 -0.9773852
vn -0.2292057 0.1234031 -0.9655239
vn -0.2481931 0.1252965 -0.9605733
vn -0.2299001 0.1207001 -0.9657006
vn -0.1884093 0.1123055 -0.9756481
vn -0.1884093 0.1123055 -0.9756481
vn -0.1884093 0.1123055 -0.9756481
vn -0.2037072 0.0312011 -0.9785346
vn -0.2458023 0.04640042 -0.9682088
vn -0.2385012 0.07800038 -0.9680047
vn -0.2385012 0.07800038 -0.9680047
vn -0.2037072 0.0312011 -0.9785346
vn -0.2037072 0.0312011 -0.9785346
vn -0.2118941 -0.006199828 -0.9772729
vn 0.02920082 -0.1952055 -0.9803275
vn 0.02920082 -0.1952055 -0.9803275
vn 0.02920082 -0.1952055 -0.9803275
vn -0.5994026 0.1213005 -0.7912034
vn -0.5994026 0.1213005 -0.7912034
vn -0.5994026 0.1213005 -0.7912034
vn -0.6197006 0.1245001 -0.7749007
vn -0.6197006 0.1245001 -0.7749007
vn -0.6355255 0.05340213 -0.7702308
vn -0.6355255 0.05340213 -0.7702308
vn -0.6355255 0.05340213 -0.7702308
vn -0.5517952 0.113699 -0.8261928
vn -0.5517952 0.113699 -0.8261928
vn -0.5517952 0.113699 -0.8261928
vn -0.5674304 0.04760255 -0.8220441
vn -0.5674304 0.04760255 -0.8220441
vn -0.5674304 0.04760255 -0.8220441
vn -0.4900138 0.1037029 -0.8655242
vn -0.4900138 0.1037029 -0.8655242
vn -0.4900138 0.1037029 -0.8655242
vn -0.4292151 0.07910278 -0.8997317
vn -0.4292151 0.07910278 -0.8997317
vn -0.4292151 0.07910278 -0.8997317
vn 0.3933001 -0.3102001 -0.8655003
vn 0.3933001 -0.3102001 -0.8655003
vn 0.3711984 -0.2844988 -0.8838961
vn 0.3711984 -0.2844988 -0.8838961
vn 0.3711984 -0.2844988 -0.8838961
vn 0.3467034 -0.2771027 -0.8961087
vn 0.3466938 -0.277195 -0.8960839
vn -0.1576968 0.0145997 -0.9873797
vn -0.1576968 0.0145997 -0.9873797
vn -0.1658939 -0.02349913 -0.9858636
vn -0.1222009 -0.03980028 -0.991707
vn -0.1658939 -0.02349913 -0.9858636
vn -0.1222009 -0.03980028 -0.991707
vn -0.1222009 -0.03980028 -0.991707
vn -0.1313988 -0.08249924 -0.9878908
vn -0.5111827 -0.8525711 -0.1086963
vn -0.5111827 -0.8525711 -0.1086963
vn -0.5112262 -0.8525437 -0.1087056
vn -0.5481059 -0.836409 0
vn -0.5481059 -0.836409 0
vn -0.5481059 -0.836409 0
vn -0.5844094 -0.811013 0.02690043
vn -0.5844094 -0.811013 0.02690043
vn -0.5844094 -0.811013 0.02690043
vn -0.5959744 -0.8023656 0.03199863
vn -0.6315296 -0.7746363 0.03330156
vn -0.6644954 -0.7454949 0.05179965
vn -0.6659327 -0.7452366 0.03400167
vn -0.6659327 -0.7452366 0.03400167
vn -0.6983386 -0.7138395 0.0525029
vn -0.6983386 -0.7138395 0.0525029
vn -0.6983386 -0.7138395 0.0525029
vn -0.5447142 -0.8386218 0
vn -0.5447142 -0.8386218 0
vn -0.5447142 -0.8386218 0
vn -0.5484774 -0.8361654 0
vn -0.5622006 -0.8270009 0
vn -0.5484774 -0.8361654 0
vn -0.5484774 -0.8361654 0
vn -0.5111938 -0.8525895 0.1084987
vn -0.5111938 -0.8525895 0.1084987
vn -0.5111938 -0.8525895 0.1084987
vn 0.9334695 -0.3417889 0.1086965
vn 0.9334695 -0.3417889 0.1086965
vn 0.9334695 -0.3417889 0.1086965
vn 0.9334695 -0.3417889 -0.1086965
vn 0.9334695 -0.3417889 -0.1086965
vn 0.9334695 -0.3417889 -0.1086965
vn 0.6790853 -0.02009957 -0.7337841
vn 0.6790853 -0.02009957 -0.7337841
vn 0.6790853 -0.02009957 -0.7337841
vn 0.6533918 0.01399982 -0.7568905
vn 0.6572995 0.01399999 -0.7534994
vn 0.6614014 0.01400003 -0.7499015
vn 0.6333202 0.04760151 -0.7724246
vn 0.6304167 0.04720125 -0.7748205
vn 0.6270118 0.04660088 -0.7776147
vn 0.3136872 -0.01769928 -0.9493613
vn 0.3136872 -0.01769928 -0.9493613
vn 0.3136872 -0.01769928 -0.9493613
vn 0.5105935 0.1672979 -0.8433894
vn 0.5105935 0.1672979 -0.8433894
vn 0.5105935 0.1672979 -0.8433894
vn 0.5519917 0.1225982 -0.8247877
vn 0.5519917 0.1225982 -0.8247877
vn 0.5519917 0.1225982 -0.8247877
vn 0.5811091 0.0766012 -0.8102127
vn 0.5607044 0.1004008 -0.8219065
vn 0.5811091 0.0766012 -0.8102127
vn 0.5811091 0.0766012 -0.8102127
vn 0.6023114 0.08600163 -0.793615
vn 0.5503241 0.06970306 -0.8320365
vn 0.5503241 0.06970306 -0.8320365
vn 0.5908881 0.01059979 -0.8066838
vn 0.5908881 0.01059979 -0.8066838
vn 0.5908237 0.01050042 -0.8067324
vn 0.4841223 0.1028047 -0.8689401
vn 0.4700975 0.1141994 -0.8751953
vn 0.4700975 0.1141994 -0.8751953
vn 0.4841223 0.1028047 -0.8689401
vn 0.4841223 0.1028047 -0.8689401
vn 0.4689188 0.09390377 -0.8782352
vn 0.4978932 0.05959918 -0.8651881
vn 0.4997985 0.03069991 -0.8655975
vn 0.4997985 0.03069991 -0.8655975
vn 0.3345894 0.3746881 -0.8646726
vn 0.3620086 0.3538084 -0.8624206
vn 0.3620086 0.3538084 -0.8624206
vn 0.3324951 0.3755945 -0.8650872
vn 0.3320115 0.3766131 -0.86483
vn 0.3272995 0.3738994 -0.8677986
vn 0.3164921 0.3476912 -0.8825778
vn 0.3404965 0.3158968 -0.885591
vn 0.3404965 0.3158968 -0.885591
vn 0.4393964 0.2902976 -0.850093
vn 0.4393964 0.2902976 -0.850093
vn 0.4393964 0.2902976 -0.850093
vn 0.4398165 0.2262085 -0.8691325
vn 0.4398165 0.2262085 -0.8691325
vn 0.4398165 0.2262085 -0.8691325
vn 0.3505016 0.2470011 -0.9034042
vn 0.3397973 0.2886977 -0.895093
vn 0.3505016 0.2470011 -0.9034042
vn 0.3663999 0.3199998 -0.8736997
vn 0.3826081 0.2924062 -0.8764187
vn 0.365906 0.3197053 -0.8740144
vn 0.365906 0.3197053 -0.8740144
vn 0.3596989 0.320499 -0.8762974
vn 0.390894 0.2940955 -0.8721867
vn 0.3983945 0.2656964 -0.8778879
vn 0.3983945 0.2656964 -0.8778879
vn 0.4148996 0.2610998 -0.8715992
vn 0.4374053 0.1702021 -0.8830107
vn 0.4374053 0.1702021 -0.8830107
vn 0.4374053 0.1702021 -0.8830107
vn 0.3650085 0.1928045 -0.9108211
vn 0.3604139 0.2310089 -0.9037349
vn 0.3650085 0.1928045 -0.9108211
vn 0.3604139 0.2310089 -0.9037349
vn 0.3604139 0.2310089 -0.9037349
vn 0.4001039 0.2328023 -0.8864086
vn 0.4332183 0.118705 -0.8934378
vn 0.4332183 0.118705 -0.8934378
vn 0.4332183 0.118705 -0.8934378
vn 0.4306958 0.07359928 -0.8994912
vn 0.4306958 0.07359928 -0.8994912
vn 0.4234941 0.03589949 -0.9051873
vn 0.4361052 0.07200085 -0.8970107
vn 0.4066966 0.0710994 -0.9107924
vn 0.4066966 0.0710994 -0.9107924
vn 0.4066966 0.0710994 -0.9107924
vn 0.3694055 0.08120121 -0.9257138
vn 0.3694055 0.08120121 -0.9257138
vn 0.3694055 0.08120121 -0.9257138
vn 0.4161071 -0.0002000034 -0.9093156
vn 0.4435057 0.02540033 -0.8959116
vn 0.4129137 -0.02830094 -0.9103303
vn 0.4129137 -0.02830094 -0.9103303
vn 0.4491041 -0.01750016 -0.8933081
vn 0.4474813 0.03079872 -0.8937628
vn 0.4174033 0.02390019 -0.9084071
vn 0.4474813 0.03079872 -0.8937628
vn 0.4474813 0.03079872 -0.8937628
vn 0.3653955 0.1309984 -0.9215886
vn 0.3784102 0.1751047 -0.9089246
vn 0.3653955 0.1309984 -0.9215886
vn 0.3784102 0.1751047 -0.9089246
vn 0.3784102 0.1751047 -0.9089246
vn 0.4146909 0.1759961 -0.8927804
vn 0.3677084 -0.006100138 -0.9299211
vn 0.3677084 -0.006100138 -0.9299211
vn 0.3677084 -0.006100138 -0.9299211
vn 0.5302148 -0.008200229 -0.8478237
vn 0.5302148 -0.008200229 -0.8478237
vn 0.5302148 -0.008200229 -0.8478237
vn -0.5172966 -0.8231944 0.2339984
vn -0.5172966 -0.8231944 0.2339984
vn -0.5172966 -0.8231944 0.2339984
vn -0.5302992 -0.628599 0.5688991
vn -0.5302992 -0.628599 0.5688991
vn -0.5302992 -0.628599 0.5688991
vn -0.6437795 -0.7318767 0.2233929
vn -0.6437795 -0.7318767 0.2233929
vn -0.6437795 -0.7318767 0.2233929
vn -0.6101113 -0.7723143 0.1769033
vn -0.6365767 -0.7486725 0.1850932
vn -0.6101113 -0.7723143 0.1769033
vn -0.6101113 -0.7723143 0.1769033
vn -0.610888 -0.7754848 0.1594969
vn -0.654011 -0.7312122 0.1939032
vn -0.6620325 -0.7348361 0.1474072
vn -0.6800719 -0.7179703 0.1483939
vn -0.6800719 -0.7179703 0.1483939
vn -0.6800719 -0.7179703 0.1483939
vn -0.577988 -0.7921835 0.1958959
vn -0.577988 -0.7921835 0.1958959
vn -0.577988 -0.7921835 0.1958959
vn -0.5752783 -0.8027697 0.1568941
vn -0.5627189 -0.8123273 0.1532052
vn -0.5627189 -0.8123273 0.1532052
vn -0.612188 -0.7499853 0.2504951
vn -0.6375057 -0.7274065 0.2539023
vn -0.6641605 -0.7103578 0.2329862
vn -0.612188 -0.7499853 0.2504951
vn -0.5975909 -0.7577884 0.261996
vn -0.6436784 -0.7026764 0.3031898
vn -0.67281 -0.6885102 0.270704
vn -0.6269252 -0.697628 0.3468139
vn -0.6269858 -0.6975843 0.3467922
vn -0.6475908 -0.6764904 0.350695
vn -0.6475908 -0.6764904 0.350695
vn -0.6205784 -0.7245748 0.2997896
vn -0.6205784 -0.7245748 0.2997896
vn -0.5898982 -0.7404977 0.321999
vn -0.5898982 -0.7404977 0.321999
vn -0.5898982 -0.7404977 0.321999
vn -0.6047704 -0.7271644 0.3247841
vn -0.609194 -0.6588936 0.4412957
vn -0.6167992 -0.6510991 0.4422994
vn -0.6167992 -0.6510991 0.4422994
vn -0.5706178 -0.6808213 0.4592144
vn -0.5897291 -0.6793335 0.4367215
vn -0.5897291 -0.6793335 0.4367215
vn -0.5706178 -0.6808213 0.4592144
vn -0.570886 -0.6808833 0.4587887
vn -0.5446943 -0.7058926 0.4527953
vn -0.559008 -0.7188103 0.4133059
vn -0.5446943 -0.7058926 0.4527953
vn -0.559008 -0.7188103 0.4133059
vn -0.5509936 -0.7438913 0.3781956
vn -0.561717 -0.7543229 0.3398103
vn -0.561717 -0.7543229 0.3398103
vn -0.561717 -0.7543229 0.3398103
vn -0.6438122 -0.7318139 -0.2235042
vn -0.6438122 -0.7318139 -0.2235042
vn -0.6438122 -0.7318139 -0.2235042
vn -0.609804 -0.7741051 -0.1700011
vn -0.6357963 -0.7475957 -0.1919989
vn -0.6070147 -0.7748188 -0.1766043
vn -0.6306888 -0.7550867 -0.1790968
vn -0.5824978 -0.788197 -0.1985992
vn -0.6117854 -0.7732816 -0.166596
vn -0.6620325 -0.7348361 -0.1474072
vn -0.6518853 -0.7330834 -0.1939956
vn -0.6467066 -0.7271075 -0.2304024
vn -0.6631911 -0.7113904 -0.2325969
vn -0.6557065 -0.705507 -0.2689027
vn -0.67281 -0.6885102 -0.270704
vn -0.6620325 -0.7348361 -0.1474072
vn -0.6620325 -0.7348361 -0.1474072
vn -0.6800821 -0.717981 -0.1482961
vn -0.5780338 -0.7921463 -0.1959114
vn -0.5801352 -0.7770472 -0.2442148
vn -0.5869783 -0.7852709 -0.1969927
vn -0.5801352 -0.7770472 -0.2442148
vn -0.5801352 -0.7770472 -0.2442148
vn -0.5586749 -0.7936642 -0.2407891
vn -0.6168265 -0.6511279 -0.442219
vn -0.609194 -0.6588936 -0.4412957
vn -0.6168265 -0.6511279 -0.442219
vn -0.609194 -0.6588936 -0.4412957
vn -0.609194 -0.6588936 -0.4412957
vn -0.5897291 -0.6793335 -0.4367215
vn -0.5706178 -0.6808213 -0.4592144
vn -0.5709122 -0.6809145 -0.4587098
vn -0.570378 -0.6807738 -0.4595823
vn -0.5446943 -0.7058926 -0.4527953
vn -0.558991 -0.7188883 -0.4131933
vn -0.558991 -0.7188883 -0.4131933
vn -0.5304012 -0.6286014 -0.5688012
vn -0.5304012 -0.6286014 -0.5688012
vn -0.5304012 -0.6286014 -0.5688012
vn -0.6424122 -0.7039133 -0.3030058
vn -0.6424122 -0.7039133 -0.3030058
vn -0.6294838 -0.6950821 -0.347291
vn -0.6475664 -0.676365 -0.3509818
vn -0.6475664 -0.676365 -0.3509818
vn -0.6475664 -0.676365 -0.3509818
vn -0.4845143 -0.8720258 -0.06940205
vn -0.4845143 -0.8720258 -0.06940205
vn -0.4845143 -0.8720258 -0.06940205
vn -0.5364869 -0.7910808 0.2938929
vn -0.5364869 -0.7910808 0.2938929
vn -0.5364869 -0.7910808 0.2938929
vn -0.5024153 -0.8646264 0
vn -0.5024153 -0.8646264 0
vn -0.5024153 -0.8646264 0
vn -0.5510137 -0.7438185 -0.3783094
vn -0.5510137 -0.7438185 -0.3783094
vn -0.561717 -0.7543229 -0.3398103
vn -0.5471111 -0.7764158 -0.3128063
vn -0.5471111 -0.7764158 -0.3128063
vn -0.5471111 -0.7764158 -0.3128063
vn 0.5302148 -0.008200229 0.8478237
vn 0.5302148 -0.008200229 0.8478237
vn 0.5302148 -0.008200229 0.8478237
vn 0.5200812 0.1132959 0.8465693
vn 0.5434772 0.1320945 0.8289652
vn 0.5434068 0.1321017 0.8290103
vn 0.5200812 0.1132959 0.8465693
vn 0.5200812 0.1132959 0.8465693
vn 0.5005847 0.1059968 0.8591738
vn 0.4690013 0.09380025 0.8782023
vn 0.4690013 0.09380025 0.8782023
vn 0.4690013 0.09380025 0.8782023
vn 0.4061027 0.1073007 0.907506
vn 0.4049987 0.1029997 0.9084972
vn 0.404981 0.1042951 0.9083573
vn 0.3986928 0.1020982 0.9113836
vn 0.4136859 0.08889697 0.9060691
vn 0.4154945 0.06039921 0.9075881
vn 0.4154945 0.06039921 0.9075881
vn 0.4404911 0.02919942 0.897282
vn 0.3967921 -0.02039959 0.9176818
vn 0.4491041 -0.01750016 0.8933081
vn 0.4491041 -0.01750016 0.8933081
vn 0.3967921 -0.02039959 0.9176818
vn 0.3967921 -0.02039959 0.9176818
vn 0.4066057 0.01290018 0.9135127
vn 0.4049188 0.01420066 0.9142424
vn 0.4099801 0.04939761 0.9107559
vn 0.4106052 0.04680059 0.9106115
vn 0.499619 0.1786068 0.8476323
vn 0.499619 0.1786068 0.8476323
vn 0.499619 0.1786068 0.8476323
vn 0.4590903 0.2296952 0.8581819
vn 0.4919133 0.1976054 0.847923
vn 0.4590903 0.2296952 0.8581819
vn 0.4590903 0.2296952 0.8581819
vn 0.4164838 0.2017922 0.8864655
vn 0.4164838 0.2017922 0.8864655
vn 0.4164838 0.2017922 0.8864655
vn 0.386216 0.2119087 0.8977371
vn 0.3827109 0.211106 0.8994257
vn 0.3857902 0.2166945 0.8967773
vn 0.4200966 0.1860985 0.8881927
vn 0.4646887 0.1522963 0.8722787
vn 0.4646887 0.1522963 0.8722787
vn 0.4646887 0.1522963 0.8722787
vn 0.4437883 0.1476961 0.8838766
vn 0.4437883 0.1476961 0.8838766
vn 0.4437883 0.1476961 0.8838766
vn 0.3946975 0.157599 0.9051942
vn 0.395609 0.1586036 0.9046206
vn 0.3954889 0.1585955 0.9046745
vn 0.3965092 0.1592037 0.904121
vn 0.4177952 0.1360984 0.8982897
vn 0.6266081 0.0471006 0.7779099
vn 0.6095043 0.08030057 0.7887055
vn 0.6266081 0.0471006 0.7779099
vn 0.6095043 0.08030057 0.7887055
vn 0.6095043 0.08030057 0.7887055
vn 0.5880957 0.1053992 0.8018942
vn 0.4671139 0.0435013 0.8831264
vn 0.4671139 0.0435013 0.8831264
vn 0.4671139 0.0435013 0.8831264
vn 0.5907754 0.01059956 0.8067665
vn 0.5907754 0.01059956 0.8067665
vn 0.5907754 0.01059956 0.8067665
vn 0.3136872 -0.01769928 0.9493613
vn 0.3136872 -0.01769928 0.9493613
vn 0.3136872 -0.01769928 0.9493613
vn 0.4203968 0.2447982 0.8736935
vn 0.4203968 0.2447982 0.8736935
vn 0.4203968 0.2447982 0.8736935
vn 0.3309964 0.3775959 0.8647906
vn 0.3309964 0.3775959 0.8647906
vn 0.3621083 0.3537081 0.8624198
vn 0.3621083 0.3537081 0.8624198
vn 0.3621083 0.3537081 0.8624198
vn 0.3595048 0.3204043 0.8764117
vn 0.3595048 0.3204043 0.8764117
vn 0.3913126 0.2940095 0.8720281
vn 0.3983945 0.2656964 0.8778879
vn 0.3983945 0.2656964 0.8778879
vn 0.3983945 0.2656964 0.8778879
vn 0.4149824 0.2610889 0.8715631
vn 0.3770005 0.2843003 0.881501
vn 0.3770005 0.2843003 0.881501
vn 0.3770005 0.2843003 0.881501
vn -0.9892972 0.1432996 0.02749992
vn -0.9892972 0.1432996 0.02749992
vn -0.9892972 0.1432996 0.02749992
vn -0.9938058 0.1077006 0.02740016
vn -0.8667353 0.1255051 -0.4827197
vn -0.8667244 0.1256035 -0.4827136
vn -0.8667244 0.1256035 -0.4827136
vn -0.8500702 0.1230957 -0.512082
vn 0.607725 -0.09510391 0.7884324
vn 0.6077134 -0.0953021 0.7884174
vn 0.6077134 -0.0953021 0.7884174
vn 0.6318815 -0.103097 0.7681775
vn 0.6789169 -0.09820244 0.7276181
vn 0.6789169 -0.09820244 0.7276181
vn 0.6789169 -0.09820244 0.7276181
vn 0.6995122 -0.1040018 0.7070124
vn 0.7067714 -0.02579896 0.7069715
vn 0.7067696 -0.02589889 0.7069696
vn 0.7067214 -0.02580078 0.7070214
vn 0.7067714 -0.02579896 0.7069715
vn 0.8638807 -0.1251972 0.4878891
vn 0.8638807 -0.1251972 0.4878891
vn 0.8638807 -0.1251972 0.4878891
vn 0.8470169 -0.1227024 0.5172103
vn 0.8105088 -0.1195013 0.5734063
vn 0.8182777 -0.1221967 0.5616847
vn 0.8105088 -0.1195013 0.5734063
vn 0.8105088 -0.1195013 0.5734063
vn 0.8186401 -0.02990146 0.573528
vn 0.8186731 -0.02989901 0.5734811
vn 0.8186401 -0.02990146 0.573528
vn 0.8186731 -0.02989901 0.5734811
vn 0.9856507 -0.1445928 -0.08709564
vn 0.9856507 -0.1445928 -0.08709564
vn 0.9856507 -0.1445928 -0.08709564
vn 0.9871002 -0.1430001 -0.07200002
vn 0.9859113 -0.1428016 0.087101
vn 0.9859113 -0.1428016 0.087101
vn 0.9859113 -0.1428016 0.087101
vn 0.9867939 -0.1450991 0.07199956
vn 0.9555835 -0.1411976 -0.2586955
vn 0.9555835 -0.1411976 -0.2586955
vn 0.9555835 -0.1411976 -0.2586955
vn 0.9634331 -0.1396048 -0.2287078
vn 0.863824 -0.1251035 -0.4880136
vn 0.863824 -0.1251035 -0.4880136
vn 0.863824 -0.1251035 -0.4880136
vn 0.8470169 -0.1227024 -0.5172103
vn 0.8859857 -0.1293979 -0.4452928
vn 0.8859857 -0.1293979 -0.4452928
vn 0.8859857 -0.1293979 -0.4452928
vn 0.896573 -0.132896 -0.4224873
vn 0.8103969 -0.1202995 -0.5733978
vn 0.8186112 -0.1203016 -0.5616077
vn 0.8103969 -0.1202995 -0.5733978
vn 0.8103969 -0.1202995 -0.5733978
vn 0.8186731 -0.02989901 -0.5734811
vn 0.8186731 -0.02989901 -0.5734811
vn 0.8186731 -0.02989901 -0.5734811
vn 0.81872 -0.02990073 -0.573414
vn 0.7184963 -0.1040995 -0.6876964
vn 0.7184963 -0.1040995 -0.6876964
vn 0.7184963 -0.1040995 -0.6876964
vn 0.6995705 -0.1038956 -0.7069702
vn 0.7067696 -0.02589889 -0.7069696
vn 0.7067714 -0.02579896 -0.7069715
vn 0.7067714 -0.02579896 -0.7069715
vn 0.7067714 -0.02579896 -0.7069715
vn 0.4191915 -0.06339871 -0.9056816
vn 0.4191915 -0.06339871 -0.9056816
vn 0.4191915 -0.06339871 -0.9056816
vn 0.4474204 -0.07050321 -0.8915405
vn 0.4182216 -0.06170319 -0.9062468
vn 0.4224734 -0.01549902 -0.9062428
vn 0.422474 -0.01539905 -0.9062442
vn 0.4223918 -0.0153997 -0.9062825
vn 0.4223918 -0.0153997 -0.9062825
vn 0.5640915 -0.08439872 -0.8213876
vn 0.562472 -0.08379583 -0.8225591
vn 0.5359779 -0.07859676 -0.8405654
vn 0.5647369 -0.0843055 -0.8209536
vn 0.5674976 -0.08479965 -0.8189966
vn 0.5734042 -0.02090015 -0.819006
vn 0.5732901 -0.02089964 -0.8190858
vn 0.5732901 -0.02089964 -0.8190858
vn 0.5732889 -0.02099959 -0.8190842
vn 0.2551019 -0.03950029 -0.9661071
vn 0.2543065 -0.03930101 -0.9663249
vn 0.2551953 -0.03949928 -0.9660823
vn 0.255897 -0.03969953 -0.9658886
vn 0.2606105 -0.0199008 -0.9652389
vn 0.2611054 -0.01320027 -0.9652201
vn 0.258796 -0.009499854 -0.9658852
vn 0.258796 -0.009499854 -0.9658852
vn 0.1366038 -0.01980055 -0.9904279
vn 0.1366038 -0.01980055 -0.9904279
vn 0.1366038 -0.01980055 -0.9904279
vn 0.128598 -0.06619899 -0.9894848
vn -0.2598916 0.02669913 -0.9652686
vn -0.256507 0.03450094 -0.9659264
vn -0.2867964 0.04159948 -0.9570879
vn -0.2598006 0.02980007 -0.9652024
vn -0.2607047 0.01970036 -0.9652175
vn -0.2608939 0.01319969 -0.9652773
vn -0.258796 0.009499854 -0.9658852
vn -0.258796 0.009499854 -0.9658852
vn -0.5679872 0.08059818 -0.8190815
vn -0.5556892 0.08049843 -0.8274839
vn -0.5679872 0.08059818 -0.8190815
vn -0.5679872 0.08059818 -0.8190815
vn -0.5732889 0.02099959 -0.8190842
vn -0.5732901 0.02089964 -0.8190858
vn -0.5732889 0.02099959 -0.8190842
vn -0.5732889 0.02099959 -0.8190842
vn -0.4185018 0.05890025 -0.9063039
vn -0.4185018 0.05890025 -0.9063039
vn -0.4326012 0.06270018 -0.8994026
vn -0.4185018 0.05890025 -0.9063039
vn -0.4223912 0.01549968 -0.9062811
vn -0.4223912 0.01549968 -0.9062811
vn -0.4224734 0.01549902 -0.9062428
vn -0.4224734 0.01549902 -0.9062428
vn -0.7002824 0.09889752 -0.7069823
vn -0.6779326 0.09820472 -0.728535
vn -0.7002824 0.09889752 -0.7069823
vn -0.7002824 0.09889752 -0.7069823
vn -0.7067714 0.02579896 -0.7069715
vn -0.7067696 0.02589889 -0.7069696
vn -0.7067696 0.02589889 -0.7069696
vn -0.7067696 0.02589889 -0.7069696
vn -0.8246621 0.1184946 -0.5530746
vn -0.8246621 0.1184946 -0.5530746
vn -0.8246621 0.1184946 -0.5530746
vn -0.8111579 0.114694 -0.5734702
vn -0.81872 0.02990073 -0.573414
vn -0.8159633 0.07379667 -0.5733743
vn -0.81872 0.02990073 -0.573414
vn -0.8186731 0.02989901 -0.5734811
vn -0.81872 0.02990073 -0.573414
vn -0.8906787 0.127497 -0.4363896
vn -0.8906787 0.127497 -0.4363896
vn -0.8906787 0.127497 -0.4363896
vn -0.8973714 0.1273959 -0.4224865
vn -0.9026781 0.08169802 -0.4224898
vn -0.9026855 0.08159868 -0.4224932
vn -0.9026781 0.08169802 -0.4224898
vn -0.9563778 0.1360968 -0.258494
vn -0.9564026 0.1361004 -0.2584007
vn -0.9562833 0.1359976 -0.2588955
vn -0.9564722 0.136196 -0.2580925
vn -0.9497179 0.1734033 -0.2607049
vn -0.9492282 0.1726051 -0.2630078
vn -0.9530745 0.150296 -0.262793
vn -0.9482363 0.1498058 -0.2800108
vn -0.9516889 0.1275985 -0.2792968
vn -0.950908 0.1099009 -0.2893024
vn -0.950908 0.1099009 -0.2893024
vn -0.9485697 0.127196 -0.2898908
vn -0.9689892 0.1290986 -0.2106977
vn -0.9634994 0.1285999 -0.2347998
vn -0.965376 0.1533962 -0.2109948
vn -0.9675203 0.1533032 -0.2010042
vn -0.9687982 0.1467997 -0.1996996
vn -0.9687697 0.1469954 -0.1996938
vn -0.9694848 0.1404978 -0.2008968
vn -0.986433 0.1405047 -0.08490284
vn -0.9862627 0.1402947 -0.0871967
vn -0.9864161 0.1405023 -0.08510139
vn -0.9865572 0.1405939 -0.08329639
vn -0.9907067 0.1076007 -0.08320057
vn -0.9905654 0.08319709 -0.1088962
vn -0.9905654 0.08319709 -0.1088962
vn -0.9795576 0.1418938 -0.1425938
vn -0.9802054 0.1364007 -0.1435008
vn -0.9802327 0.1363046 -0.1434048
vn -0.9810998 0.1308 -0.1426
vn -0.9813672 0.1066964 -0.1597947
vn -0.9813672 0.1066964 -0.1597947
vn -0.9783953 0.0821996 -0.1896991
vn -0.9783953 0.0821996 -0.1896991
vn -0.9869462 0.1374064 0.08400393
vn -0.9862627 0.1402947 0.0871967
vn -0.9864413 0.1405059 0.08480355
vn -0.9872575 0.1358942 0.08279645
vn -0.9878725 0.1310963 0.08319768
vn -0.9786864 0.147198 0.143198
vn -0.9786864 0.147198 0.143198
vn -0.9795576 0.1418938 0.1425938
vn -0.977944 0.1526069 0.1426064
vn -0.9563081 0.1360012 0.2588022
vn -0.9564272 0.1361039 0.2583074
vn -0.9564272 0.1361039 0.2583074
vn -0.9565215 0.1362031 0.2579058
vn -0.9694848 0.1404978 0.2008968
vn -0.9694848 0.1404978 0.2008968
vn -0.9694848 0.1404978 0.2008968
vn -0.9640536 0.1737916 0.2009903
vn -0.8667244 0.1256035 0.4827136
vn -0.8667244 0.1256035 0.4827136
vn -0.8667244 0.1256035 0.4827136
vn -0.8500425 0.1231062 0.5121256
vn -0.8906787 0.127497 0.4363896
vn -0.8906787 0.127497 0.4363896
vn -0.8906787 0.127497 0.4363896
vn -0.8973942 0.1271992 0.4224973
vn -0.9026781 0.08169802 0.4224898
vn -0.9026781 0.08169802 0.4224898
vn -0.9026781 0.08169802 0.4224898
vn -0.8111237 0.1147033 0.5735167
vn -0.8246719 0.118396 0.5530812
vn -0.8111237 0.1147033 0.5735167
vn -0.8111237 0.1147033 0.5735167
vn -0.8186731 0.02989901 0.5734811
vn -0.8186731 0.02989901 0.5734811
vn -0.8186731 0.02989901 0.5734811
vn -0.8186731 0.02989901 0.5734811
vn -0.700175 0.09899647 0.7070747
vn -0.700175 0.09899647 0.7070747
vn -0.6779326 0.09820472 0.728535
vn -0.700175 0.09899647 0.7070747
vn -0.7067196 0.02590072 0.7070196
vn -0.7067214 0.02580078 0.7070214
vn -0.7067714 0.02579896 0.7069715
vn -0.7067214 0.02580078 0.7070214
vn -0.4185018 0.05890025 0.9063039
vn -0.4326012 0.06270018 0.8994026
vn -0.4185018 0.05890025 0.9063039
vn -0.4185018 0.05890025 0.9063039
vn -0.4223912 0.01549968 0.9062811
vn -0.4223912 0.01549968 0.9062811
vn -0.4224734 0.01549902 0.9062428
vn -0.4224734 0.01549902 0.9062428
vn -0.5679826 0.08069753 0.8190749
vn -0.5679826 0.08069753 0.8190749
vn -0.5556892 0.08049843 0.8274839
vn -0.5679826 0.08069753 0.8190749
vn -0.5732889 0.02099959 0.8190842
vn -0.5732889 0.02099959 0.8190842
vn -0.5732889 0.02099959 0.8190842
vn -0.5732889 0.02099959 0.8190842
vn -0.2558936 0.02879928 0.9662759
vn -0.2867964 0.04159948 0.9570879
vn -0.256507 0.03450094 0.9659264
vn -0.2563071 0.02670074 0.9662266
vn -0.2562092 0.01900068 0.9664346
vn -0.2566061 0.01340032 0.9664232
vn -0.258796 0.009499854 0.9658852
vn -0.258796 0.009499854 0.9658852
vn 0.08699687 -0.009399662 0.9961642
vn 0.08689696 -0.01019964 0.9961652
vn 0.0862992 -0.01249988 0.9961908
vn 0.08729666 -0.006399754 0.9961618
vn 0.0873967 -0.004699823 0.9961625
vn 0.08709951 -0.003199982 0.9961945
vn 0.08709951 -0.003199982 0.9961945
vn 0.06839959 -0.01129993 0.9975939
vn 0.06839959 -0.01129993 0.9975939
vn 0.07799676 -0.04879797 0.9957586
vn 0.07799676 -0.04879797 0.9957586
vn 0.07650313 -0.06810278 0.9947408
vn 0.04469972 -0.06929959 0.9965939
vn 0.04699821 -0.06369757 0.9968621
vn 0.04699821 -0.06369757 0.9968621
vn 0.04690148 -0.05770183 0.9972315
vn -0.9955341 0.03640125 -0.08710298
vn -0.9955341 0.03640125 -0.08710298
vn -0.9955341 0.03640125 -0.08710298
vn -0.9955341 0.03640125 -0.08710298
vn -0.9653116 0.03530043 -0.2587031
vn -0.9653366 0.03530134 -0.2586098
vn -0.9653366 0.03530134 -0.2586098
vn -0.9653333 0.03540122 -0.2586089
vn -0.9057658 0.03309875 -0.4224841
vn -0.9057096 0.03310035 -0.4226045
vn -0.9057478 0.03310175 -0.4225223
vn -0.9057096 0.03310035 -0.4226045
vn -0.08719875 0.003199954 -0.9961857
vn -0.08719875 0.003199954 -0.9961857
vn -0.08680127 0.004700068 -0.9962146
vn -0.08660201 0.006300146 -0.9962231
vn -0.08669984 0.008499986 -0.9961982
vn -0.08669962 0.008799962 -0.9961957
vn -0.08669889 0.009699876 -0.9961873
vn -0.06439944 0.00809993 -0.9978914
vn -0.05790224 0.0465018 -0.9972386
vn 0.9057126 -0.03300046 -0.4226059
vn 0.9057509 -0.03300186 -0.4225237
vn 0.9057478 -0.03310175 -0.4225223
vn 0.9057478 -0.03310175 -0.4225223
vn 0.9653116 -0.03530043 -0.2587031
vn 0.9653366 -0.03530134 -0.2586098
vn 0.9653116 -0.03530043 -0.2587031
vn 0.9653082 -0.0354003 -0.2587022
vn 0.9955341 -0.03640125 -0.08710298
vn 0.9955341 -0.03640125 -0.08710298
vn 0.9955376 -0.03630137 -0.08710329
vn 0.9955341 -0.03640125 -0.08710298
vn 0.9955341 -0.03640125 0.08710298
vn 0.9955341 -0.03640125 0.08710298
vn 0.9955341 -0.03640125 0.08710298
vn 0.9955341 -0.03640125 0.08710298
vn 0.9652867 -0.03529952 0.2587965
vn 0.9652867 -0.03529952 0.2587965
vn 0.9652617 -0.0352986 0.2588897
vn 0.9652867 -0.03529952 0.2587965
vn 0.9057478 -0.03310175 0.4225223
vn 0.9057096 -0.03310035 0.4226045
vn 0.9057688 -0.03299886 0.4224854
vn 0.9057688 -0.03299886 0.4224854
vn -0.9057478 0.03310175 0.4225223
vn -0.9057478 0.03310175 0.4225223
vn -0.9057478 0.03310175 0.4225223
vn -0.9057478 0.03310175 0.4225223
vn -0.9653116 0.03530043 0.2587031
vn -0.9653116 0.03530043 0.2587031
vn -0.9652867 0.03529952 0.2587965
vn -0.9652867 0.03529952 0.2587965
vn -0.9955341 0.03640125 0.08710298
vn -0.9955341 0.03640125 0.08710298
vn -0.9955341 0.03640125 0.08710298
vn -0.9955341 0.03640125 0.08710298
vn 0.9921537 -0.08969581 0.08709593
vn 0.9921537 -0.08969581 0.08709593
vn 0.9921537 -0.08969581 0.08709593
vn 0.9921537 -0.08969581 0.08709593
vn 0.9620295 -0.08700266 0.2587079
vn 0.9620046 -0.08700041 0.2588012
vn 0.9620295 -0.08700266 0.2587079
vn 0.9620295 -0.08700266 0.2587079
vn 0.9026781 -0.08169802 0.4224898
vn 0.9026781 -0.08169802 0.4224898
vn 0.9026781 -0.08169802 0.4224898
vn 0.9026781 -0.08169802 0.4224898
vn -0.9620295 0.08700266 0.2587079
vn -0.9620295 0.08700266 0.2587079
vn -0.9620295 0.08700266 0.2587079
vn -0.9620295 0.08700266 0.2587079
vn -0.9921537 0.08969581 0.08709593
vn -0.9921537 0.08969581 0.08709593
vn -0.992152 0.0897047 0.08710457
vn -0.9921537 0.08969581 0.08709593
vn -0.9921537 0.08969581 -0.08709593
vn -0.992152 0.0897047 -0.08710457
vn -0.9921435 0.08970393 -0.08720382
vn -0.9921435 0.08970393 -0.08720382
vn -0.9620618 0.08699653 -0.2585897
vn -0.9620295 0.08700266 -0.2587079
vn -0.9619713 0.0870974 -0.2588923
vn -0.961939 0.08710353 -0.2590105
vn 0.9026781 -0.08169802 -0.4224898
vn 0.9026781 -0.08169802 -0.4224898
vn 0.9026781 -0.08169802 -0.4224898
vn 0.9026781 -0.08169802 -0.4224898
vn 0.9620702 -0.08689731 -0.258592
vn 0.9620702 -0.08689731 -0.258592
vn 0.9620462 -0.08680417 -0.2587124
vn 0.962013 -0.08690117 -0.2588035
vn 0.9921537 -0.08969581 -0.08709593
vn 0.9921537 -0.08969581 -0.08709593
vn 0.9921537 -0.08969581 -0.08709593
vn 0.9921537 -0.08969581 -0.08709593
vn -0.8995118 0.07560099 0.4303056
vn -0.8995118 0.07560099 0.4303056
vn -0.8995118 0.07560099 0.4303056
vn -0.8930984 0.1212998 0.4331992
vn -0.2876075 0.09500247 0.9530249
vn -0.2876075 0.09500247 0.9530249
vn -0.2875158 0.09500521 0.9530523
vn -0.2876075 0.09500247 0.9530249
vn -0.2571893 0.08449649 0.96266
vn -0.2610999 0.06819997 0.9628996
vn -0.2385012 0.07800038 0.9680047
vn -0.2385012 0.07800038 0.9680047
vn -0.2385012 0.07800038 0.9680047
vn -0.2385955 0.07799852 0.9679816
vn -0.224104 0.1010018 0.9693173
vn -0.1849034 0.08790159 0.9788178
vn -0.1849034 0.08790159 0.9788178
vn -0.1836948 0.08759754 0.9790725
vn -0.1781011 0.08870056 0.9800062
vn -0.1764022 0.09090111 0.9801119
vn -0.1900005 0.1036003 0.9763026
vn -0.2289878 0.1243934 0.9654485
vn -0.1900005 0.1036003 0.9763026
vn -0.2289878 0.1243934 0.9654485
vn -0.2691079 0.1383041 0.953128
vn -0.2691079 0.1383041 0.953128
vn -0.2292057 0.1234031 0.9655239
vn -0.2470881 0.1260939 0.9607537
vn -0.2472968 0.1291983 0.9602875
vn -0.7919092 0.06650078 0.607007
vn -0.7919092 0.06650078 0.607007
vn -0.7919092 0.06650078 0.607007
vn -0.7919092 0.06650078 0.607007
vn -0.6275104 0.09150153 0.7732129
vn -0.6275104 0.09150153 0.7732129
vn -0.6275104 0.09150153 0.7732129
vn -0.6355851 0.05339875 0.770182
vn -0.7246953 0.1771989 0.6658957
vn -0.7246953 0.1771989 0.6658957
vn -0.7246953 0.1771989 0.6658957
vn -0.7330205 0.142004 0.6652186
vn -0.4915889 0.2023954 0.8469808
vn -0.4915889 0.2023954 0.8469808
vn -0.4915889 0.2023954 0.8469808
vn -0.4915889 0.2023954 0.8469808
vn -0.4869184 0.2175082 0.8459319
vn -0.463393 0.1951971 0.864387
vn -0.4912916 0.2163963 0.8436855
vn -0.4912916 0.2163963 0.8436855
vn -0.5286164 0.223807 0.8188254
vn -0.5088168 0.2236074 0.8313274
vn -0.5276002 0.2241001 0.8194004
vn -0.5277997 0.2239998 0.8192995
vn -0.5262079 0.2244034 0.8202124
vn -0.4759148 0.1533048 0.8660269
vn -0.4761953 0.1531985 0.8658915
vn -0.4762727 0.1531912 0.8658503
vn -0.4746829 0.1562943 0.8661687
vn -0.475789 0.1533964 0.8660799
vn -0.4634123 0.1905051 0.865423
vn -0.4470121 0.2286062 0.8648233
vn -0.4530137 0.2116064 0.8660262
vn -0.4463954 0.2287976 0.8650911
vn -0.4262927 0.2656955 0.8646852
vn -0.4333097 0.2495056 0.8660194
vn -0.4261882 0.2658926 0.8646761
vn -0.4025187 0.300914 0.86454
vn -0.4098882 0.2861917 0.866075
vn -0.4023147 0.301211 0.8645316
vn -0.375919 0.3343169 0.8642436
vn -0.3843041 0.3199035 0.8660094
vn -0.3748906 0.3327917 0.8652784
vn -0.3469981 0.364598 0.8640952
vn -0.3552951 0.3518951 0.865988
vn -0.3416982 0.3683981 0.8645954
vn -0.3151004 0.3927005 0.8640012
vn -0.3237936 0.3810925 0.8659829
vn -0.3127037 0.3904046 0.8659103
vn -0.2876112 0.4096159 0.8657336
vn -0.2898906 0.4072868 0.866072
vn -0.2723927 0.4193887 0.8659766
vn -0.2517085 0.4324146 0.8658293
vn -0.2538987 0.4307979 0.8659958
vn -0.2353024 0.4412045 0.8660089
vn -0.2143988 0.4530975 0.8652952
vn -0.2159033 0.4510068 0.8660131
vn -0.1967029 0.4597067 0.8660126
vn -0.1749068 0.4693182 0.8655334
vn -0.1764883 0.467969 0.8659427
vn -0.1568079 0.474924 0.8659437
vn -0.1267039 0.4842147 0.8657264
vn -0.1270039 0.4843148 0.8656265
vn -0.1155 0.4867 0.8659
vn -0.1155 0.4867 0.8659
vn -0.1155 0.4867 0.8659
vn -0.0934054 0.4969287 0.8627498
vn -0.09499907 0.4975951 0.8621916
vn -0.073401 0.4946068 0.8660119
vn -0.04380152 0.4984173 0.8658301
vn -0.05070025 0.5023025 0.8632043
vn -0.05200205 0.5033198 0.862534
vn -0.002299921 0.5007827 0.8655701
vn -0.007799727 0.5046824 0.8632699
vn -0.001700074 0.5003219 0.8658379
vn -0.008699999 0.5052999 0.8629
vn 0.01239994 0.4998976 0.8659958
vn 0.04019998 0.4985998 0.8658996
vn 0.08230208 0.4937125 0.8657219
vn 0.03429992 0.5036989 0.863198
vn 0.08209936 0.4937962 0.8656933
vn 0.07859971 0.4974982 0.8638968
vn 0.07800029 0.4981019 0.8636032
vn 0.0973984 0.490492 0.8659858
vn 0.1636044 0.4732127 0.8656232
vn 0.1198991 0.4891961 0.8638932
vn 0.1632918 0.4730763 0.8657566
vn 0.1613962 0.4756889 0.8646799
vn 0.1615048 0.4761141 0.8644256
vn 0.1800987 0.4664967 0.8659939
vn 0.2405008 0.4386016 0.865903
vn 0.2012988 0.4601973 0.8646948
vn 0.2400914 0.4394843 0.865569
vn 0.2739074 0.4185112 0.8659232
vn 0.2395973 0.440695 0.8650903
vn 0.2739998 0.4184998 0.8658996
vn 0.2740923 0.4184883 0.8658758
vn 0.2741046 0.418607 0.8658146
vn 0.2739891 0.4187834 0.8657658
vn -0.5384097 0.2462044 0.8059145
vn -0.5384097 0.2462044 0.8059145
vn -0.5384097 0.2462044 0.8059145
vn -0.5472894 0.2163958 0.8084844
vn -0.4898954 0.103699 0.8655918
vn -0.4900138 0.1037029 0.8655242
vn -0.4900138 0.1037029 0.8655242
vn -0.4900138 0.1037029 0.8655242
vn -0.1765982 -0.0194998 0.9840899
vn -0.1765982 -0.0194998 0.9840899
vn -0.1765982 -0.0194998 0.9840899
vn -0.1856998 -0.06119992 0.9806988
vn -0.1856998 -0.06119992 0.9806988
vn -0.4395041 0.2008019 0.8755082
vn -0.4354077 0.2027036 0.8771154
vn -0.4360865 0.2022937 0.8768728
vn -0.4343249 0.2027116 0.8776502
vn -0.4150879 0.2019941 0.8870741
vn -0.4343249 0.2027116 0.8776502
vn -0.4343249 0.2027116 0.8776502
vn -0.415397 0.1949986 0.8884935
vn -0.4211144 0.1953067 0.8857302
vn -0.4198866 0.1954937 0.8862717
vn -0.4150173 0.1956082 0.888537
vn -0.4067863 0.1949934 0.8924699
vn -0.3337972 0.1372989 0.9325923
vn -0.3337972 0.1372989 0.9325923
vn -0.3337972 0.1372989 0.9325923
vn -0.3267989 0.1555995 0.932197
vn -0.3262122 0.1554058 0.9324349
vn -0.3249977 0.1557989 0.9327933
vn -0.3350925 0.1571965 0.9289791
vn -0.3067121 0.1607063 0.938137
vn -0.3066086 0.1627046 0.9378265
vn -0.3064893 0.1626943 0.9378672
vn -0.331095 0.1692974 0.9282858
vn -0.331095 0.1692974 0.9282858
vn -0.1450944 0.04569824 0.9883619
vn -0.1450944 0.04569824 0.9883619
vn -0.1450938 0.04579803 0.9883575
vn -0.1450944 0.04569824 0.9883619
vn -0.1693947 0.01879941 0.985369
vn -0.1692975 0.01879972 0.9853857
vn -0.1692975 0.01879972 0.9853857
vn -0.1693947 0.01879941 0.985369
vn -0.1692975 0.01879972 0.9853857
vn -0.2037072 0.0312011 0.9785346
vn -0.2118941 -0.006199828 0.9772729
vn -0.2243088 -0.03640142 0.9738381
vn -0.2243088 -0.03640142 0.9738381
vn -0.2243088 -0.03640142 0.9738381
vn -0.2171085 -0.004200165 0.9761385
vn -0.1272057 0.05510248 0.9903446
vn -0.1272057 0.05510248 0.9903446
vn -0.1254963 0.06929797 0.9896709
vn -0.1264043 0.06960239 0.989534
vn 0.1276059 -0.08650398 0.9880455
vn 0.125006 -0.08570411 0.9884474
vn 0.1272992 -0.08639949 0.9880942
vn 0.1240045 -0.1057038 0.9866355
vn 0.1239948 -0.1054956 0.9866589
vn 0.1218967 -0.1049972 0.9869735
vn 0.1176041 -0.1260044 0.9850342
vn 0.1213007 -0.1274008 0.984406
vn 0.1180008 -0.142701 0.9827065
vn 0.1637036 -0.1421031 0.9762213
vn 0.1693072 -0.1443062 0.9749415
vn 0.1637036 -0.1421031 0.9762213
vn 0.1702925 -0.1443936 0.9747568
vn 0.1803091 -0.1241063 0.9757491
vn 0.1801947 -0.1240964 0.9757715
vn 0.1813994 -0.1244996 0.9754968
vn 0.3028999 -0.2633999 0.9158997
vn 0.3030066 -0.2632058 0.9159201
vn 0.3028999 -0.2633999 0.9158997
vn 0.3028011 -0.263501 0.9159033
vn 0.2665983 -0.2784981 0.9226939
vn 0.2665983 -0.2784981 0.9226939
vn 0.3398967 -0.3015971 0.8907915
vn 0.3400047 -0.3020041 0.8906123
vn 0.3400914 -0.3028923 0.8902775
vn 0.3395099 -0.3031088 0.8904258
vn -0.08669802 -0.01069976 0.9961772
vn -0.08669802 -0.01069976 0.9961772
vn -0.08669802 -0.01069976 0.9961772
vn -0.07990243 0.02330071 0.9965304
vn -0.01479925 -0.07919597 0.9967493
vn -0.01479925 -0.07919597 0.9967493
vn -0.01479925 -0.07919597 0.9967493
vn -0.006700112 -0.03900065 0.9992167
vn 0.04799951 -0.1501985 0.98749
vn 0.04799951 -0.1501985 0.98749
vn 0.04799951 -0.1501985 0.98749
vn 0.05759955 -0.1050992 0.9927922
vn -0.06710191 -0.0602017 0.9959282
vn -0.06710191 -0.0602017 0.9959282
vn -0.06710191 -0.0602017 0.9959282
vn -0.05889714 -0.020599 0.9980515
vn -0.3824951 0.1720978 0.9077885
vn -0.3817083 0.1778038 0.9070196
vn -0.3817937 0.177797 0.906985
vn -0.3798025 0.1829012 0.9068061
vn -0.9525799 0.1533968 0.2627944
vn -0.9525799 0.1533968 0.2627944
vn -0.9525799 0.1533968 0.2627944
vn -0.9494114 0.1716021 0.2630032
vn -0.9103976 0.1884995 0.368299
vn -0.9103976 0.1884995 0.368299
vn -0.9103976 0.1884995 0.368299
vn -0.9065754 0.2062944 0.36819
vn -0.903213 0.1662024 0.3957057
vn -0.903213 0.1662024 0.3957057
vn -0.903213 0.1662024 0.3957057
vn -0.8793898 0.1630981 0.4472948
vn -0.8884826 0.1642968 0.4284917
vn -0.8884826 0.1642968 0.4284917
vn -0.8793898 0.1630981 0.4472948
vn -0.8793898 0.1630981 0.4472948
vn -0.8713254 0.2013059 0.447513
vn -0.8839986 0.2021997 0.4214993
vn -0.8839986 0.2021997 0.4214993
vn -0.8841655 0.2012922 0.4215836
vn -0.9688953 0.1297994 0.210699
vn -0.9688953 0.1297994 0.210699
vn -0.9688953 0.1297994 0.210699
vn -0.965641 0.1515907 0.2110871
vn -0.9339653 0.1481945 0.3251879
vn -0.9339653 0.1481945 0.3251879
vn -0.9339653 0.1481945 0.3251879
vn -0.9302379 0.1694069 0.3255133
vn -0.9336018 0.1704003 0.3152006
vn -0.9336018 0.1704003 0.3152006
vn -0.9335093 0.1709017 0.3152031
vn -0.9785185 0.1300025 0.160003
vn -0.9785185 0.1300025 0.160003
vn -0.9785185 0.1300025 0.160003
vn -0.9813514 0.1069947 0.1596921
vn -0.8252788 0.2435937 0.5094869
vn -0.8252788 0.2435937 0.5094869
vn -0.8252788 0.2435937 0.5094869
vn -0.841014 0.2488041 0.480408
vn -0.9227917 0.1245989 0.3645967
vn -0.9231869 0.1245982 0.3635948
vn -0.9231869 0.1245982 0.3635948
vn -0.9225935 0.1245991 0.3650975
vn -0.9221744 0.1244965 0.3661898
vn -0.9222081 0.1245011 0.3661032
vn -0.9542967 0.08019973 0.287899
vn -0.9542967 0.08019973 0.287899
vn -0.9542967 0.08019973 0.287899
vn -0.9542967 0.08019973 0.287899
vn -0.9882112 0.1073012 0.1092012
vn -0.9882112 0.1073012 0.1092012
vn -0.9882112 0.1073012 0.1092012
vn -0.9905763 0.083198 0.1087974
vn -0.3102116 0.03180119 0.9501354
vn -0.3102116 0.03180119 0.9501354
vn -0.310302 0.0318002 0.9501061
vn -0.3103029 0.03170031 0.9501091
vn -0.4009982 0.1341994 0.9061959
vn -0.4008779 0.1341926 0.9062501
vn -0.362503 0.120901 0.9241075
vn -0.4009874 0.1343958 0.9061715
vn -0.4009089 0.134303 0.90622
vn -0.4221966 0.1414989 0.8953928
vn -0.4221966 0.1414989 0.8953928
vn -0.47429 0.1595966 0.8657817
vn -0.4760036 0.1576012 0.8652065
vn -0.4761181 0.1532058 0.8659328
vn -0.2852 -0.06589999 0.9561999
vn -0.2852 -0.06589999 0.9561999
vn -0.2852 -0.06589999 0.9561999
vn -0.2852918 -0.06589811 0.9561726
vn -0.0140995 -0.1272954 0.9917646
vn -0.0140995 -0.1272954 0.9917646
vn -0.0140995 -0.1272954 0.9917646
vn -0.004599797 -0.08279634 0.9965559
vn -0.1174015 -0.04160054 0.9922128
vn -0.1175001 -0.04160005 0.9922012
vn -0.1175001 -0.04160005 0.9922012
vn -0.1175001 -0.04160005 0.9922012
vn -0.3593002 0.1198001 0.9255006
vn -0.3593002 0.1198001 0.9255006
vn -0.3593002 0.1198001 0.9255006
vn -0.3482947 0.1613976 0.923386
vn 0.2311094 -0.1638067 0.959039
vn 0.228504 -0.1629029 0.9598169
vn 0.2277096 -0.1621068 0.9601405
vn 0.2254044 -0.1619031 0.9607185
vn 0.2204058 -0.1854049 0.9576254
vn 0.2027895 -0.1793907 0.9626502
vn 0.1975033 -0.2027034 0.9591161
vn 0.1683028 -0.1927032 0.9667159
vn 0.1683028 -0.1927032 0.9667159
vn 0.1078039 -0.1921069 0.975435
vn 0.1078039 -0.1921069 0.975435
vn 0.1078039 -0.1921069 0.975435
vn 0.1121004 -0.1731007 0.9785038
vn -0.1059044 -0.1423059 0.9841409
vn -0.1059044 -0.1423059 0.9841409
vn -0.1059044 -0.1423059 0.9841409
vn -0.09590206 -0.09630207 0.9907213
vn -0.1676019 -0.1168013 0.9789112
vn -0.1676019 -0.1168013 0.9789112
vn -0.1676019 -0.1168013 0.9789112
vn -0.1676 -0.1169 0.9788998
vn 0.8396221 -0.4016106 -0.3657096
vn 0.8396221 -0.4016106 -0.3657096
vn 0.8396221 -0.4016106 -0.3657096
vn 0.8396516 -0.4015769 -0.3656789
vn 0.8396221 -0.4016106 -0.3657096
vn 0.8396854 -0.401493 0.3656936
vn 0.8396854 -0.401493 0.3656936
vn 0.8396854 -0.401493 0.3656936
vn 0.8396854 -0.401493 0.3656936
vn 0.5196619 -0.3478745 -0.7803428
vn 0.51968 -0.3477866 -0.7803699
vn 0.5208973 -0.3449982 -0.7807959
vn 0.5186868 -0.351691 -0.7792801
vn 0.9080297 -0.3892127 0.1549051
vn 0.9080825 -0.3890925 0.154897
vn 0.9080297 -0.3892127 0.1549051
vn 0.9079943 -0.3892976 0.154899
vn 0.9394223 -0.3164075 0.1318031
vn 0.9394223 -0.3164075 0.1318031
vn 0.9394223 -0.3164075 0.1318031
vn 0.9394223 -0.3164075 0.1318031
vn 0.9727526 -0.2093113 0.09970539
vn 0.9727526 -0.2093113 0.09970539
vn 0.9727579 -0.2092909 0.09969568
vn 0.9727322 -0.2094069 0.0997033
vn 0.9790495 -0.1774908 -0.09979485
vn 0.9790495 -0.1774908 -0.09979485
vn 0.9790495 -0.1774908 -0.09979485
vn 0.9788384 -0.1974077 -0.05390211
vn 0.9788774 -0.1969954 -0.05469873
vn 0.9789196 -0.1965039 -0.05570111
vn 0.9789085 -0.1963017 -0.0566005
vn 0.9785674 -0.1928936 -0.07209759
vn 0.9805546 -0.1931911 -0.0344984
vn 0.9805546 -0.1931911 -0.0344984
vn 0.9805546 -0.1931911 -0.0344984
vn 0.977386 -0.208997 -0.03219954
vn 0.977386 -0.208997 -0.03219954
vn 0.9803568 -0.1948914 -0.03029866
vn 0.9803568 -0.1948914 -0.03029866
vn 0.9803895 -0.1949979 -0.02849969
vn 0.7302951 -0.301098 -0.6131958
vn 0.7302951 -0.301098 -0.6131958
vn 0.7302951 -0.301098 -0.6131958
vn 0.7157866 -0.3443936 -0.6074887
vn 0.7924784 -0.2701926 -0.5467851
vn 0.7924784 -0.2701926 -0.5467851
vn 0.7924784 -0.2701926 -0.5467851
vn 0.7803168 -0.3097067 -0.5433116
vn 0.8093699 -0.3138883 -0.4963815
vn 0.8093699 -0.3138883 -0.4963815
vn 0.8093699 -0.3138883 -0.4963815
vn 0.8215277 -0.2749093 -0.4995168
vn 0.8943282 -0.284009 -0.3457109
vn 0.8943736 -0.2838916 -0.3456898
vn 0.8943482 -0.2839836 -0.34568
vn 0.8943736 -0.2838916 -0.3456898
vn 0.8943282 -0.284009 -0.3457109
vn 0.9066262 -0.2848082 -0.311309
vn 0.8950068 -0.3212025 -0.3095024
vn 0.8857287 -0.3520114 -0.3026098
vn 0.8857287 -0.3520114 -0.3026098
vn 0.8857287 -0.3520114 -0.3026098
vn 0.8966889 -0.321296 -0.3044962
vn 0.8970661 -0.2499905 -0.3643862
vn 0.8970661 -0.2499905 -0.3643862
vn 0.8970987 -0.2499996 -0.3642995
vn 0.8971089 -0.2501025 -0.3642036
vn 0.8988665 -0.2201918 -0.3788859
vn 0.8982878 -0.220297 -0.3801948
vn 0.8988808 -0.2202953 -0.3787919
vn 0.8992919 -0.220498 -0.3776966
vn 0.7543325 -0.3506151 -0.5550239
vn 0.7543325 -0.3506151 -0.5550239
vn 0.7543325 -0.3506151 -0.5550239
vn 0.7691125 -0.307805 -0.5601091
vn 0.8353128 -0.3171048 -0.4491068
vn 0.8353128 -0.3171048 -0.4491068
vn 0.8353128 -0.3171048 -0.4491068
vn 0.8474345 -0.2786114 -0.4519184
vn 0.8192031 -0.3583014 -0.4478017
vn 0.8192031 -0.3583014 -0.4478017
vn 0.8192031 -0.3583014 -0.4478017
vn 0.8192031 -0.3583014 -0.4478017
vn 0.7792982 -0.3994991 -0.4827989
vn 0.7792982 -0.3994991 -0.4827989
vn 0.7792982 -0.3994991 -0.4827989
vn 0.8820023 -0.3209008 -0.3451008
vn 0.8820023 -0.3209008 -0.3451008
vn 0.8820023 -0.3209008 -0.3451008
vn 0.881974 -0.3209905 -0.3450898
vn 0.6595083 -0.2871036 0.6947088
vn 0.6595083 -0.2871036 0.6947088
vn 0.6595083 -0.2871036 0.6947088
vn 0.6531181 -0.3077085 0.6919192
vn 0.6832991 -0.3066996 0.6625991
vn 0.6956945 -0.2944977 0.6551948
vn 0.6734245 -0.3365123 0.658224
vn 0.6956945 -0.2944977 0.6551948
vn 0.6956945 -0.2944977 0.6551948
vn 0.684917 -0.3276081 0.6508161
vn 0.6265449 -0.3268234 0.7075506
vn 0.6265449 -0.3268234 0.7075506
vn 0.6265449 -0.3268234 0.7075506
vn 0.6187025 -0.3497014 0.7035028
vn 0.6163864 -0.2996934 0.7281839
vn 0.6163864 -0.2996934 0.7281839
vn 0.6163864 -0.2996934 0.7281839
vn 0.571604 -0.3144021 0.7579052
vn 0.5717251 -0.3141138 0.7579334
vn 0.5716817 -0.31409 0.7579758
vn 0.5718029 -0.3138016 0.7580039
vn 0.5568911 -0.3101951 0.7704877
vn 0.7373699 -0.2798886 0.6147749
vn 0.7373699 -0.2798886 0.6147749
vn 0.7373699 -0.2798886 0.6147749
vn 0.7427621 -0.2612867 0.6164686
vn 0.7484972 -0.3042989 0.5891978
vn 0.7484972 -0.3042989 0.5891978
vn 0.7484972 -0.3042989 0.5891978
vn 0.7151028 -0.3442013 0.6084024
vn 0.7150104 -0.344205 0.6085089
vn 0.7158113 -0.3443054 0.6075096
vn 0.7145293 -0.3441141 0.609125
vn 0.7145293 -0.3441141 0.609125
vn 0.7691125 -0.307805 0.5601091
vn 0.7804224 -0.3096089 0.5432156
vn 0.7691125 -0.307805 0.5601091
vn 0.7804224 -0.3096089 0.5432156
vn 0.7804224 -0.3096089 0.5432156
vn 0.7924784 -0.2701926 0.5467851
vn 0.7766237 -0.2682082 0.5700174
vn 0.7766237 -0.2682082 0.5700174
vn 0.7763984 -0.2688994 0.5699988
vn 0.7953221 -0.2342065 0.5591155
vn 0.7953035 -0.234301 0.5591024
vn 0.7953221 -0.2342065 0.5591155
vn 0.8258142 -0.2461042 0.5074087
vn 0.8180017 -0.2743006 0.505601
vn 0.8180017 -0.2743006 0.505601
vn 0.8214867 -0.2748955 0.4995919
vn 0.8214867 -0.2748955 0.4995919
vn 0.8214867 -0.2748955 0.4995919
vn 0.8036995 -0.3130998 0.5059997
vn 0.8036995 -0.3130998 0.5059997
vn 0.8036995 -0.3130998 0.5059997
vn 0.7888099 -0.3552044 0.5016063
vn 0.8949252 -0.2342066 0.3798107
vn 0.8960236 -0.227306 0.38141
vn 0.8960033 -0.2274008 0.3814014
vn 0.8980117 -0.2214029 0.3802049
vn 0.917334 -0.2375088 0.3195119
vn 0.9192963 -0.231199 0.3184987
vn 0.9192963 -0.231199 0.3184987
vn 0.9204534 -0.2245886 0.3198838
vn 0.9186523 -0.2231884 0.3259831
vn 0.9186523 -0.2231884 0.3259831
vn 0.9186523 -0.2231884 0.3259831
vn 0.9256309 -0.1913064 0.3265109
vn 0.6485911 -0.3806948 0.659091
vn 0.6485911 -0.3806948 0.659091
vn 0.6485911 -0.3806948 0.659091
vn 0.6592975 -0.3519986 0.6643974
vn 0.5791137 -0.3661087 0.7284172
vn 0.5791137 -0.3661087 0.7284172
vn 0.5791137 -0.3661087 0.7284172
vn 0.5791137 -0.3661087 0.7284172
vn 0.8779848 -0.3207944 0.3552938
vn 0.8779848 -0.3207944 0.3552938
vn 0.8779848 -0.3207944 0.3552938
vn 0.8898619 -0.2835878 0.3573847
vn 0.8454289 -0.3600124 0.3945135
vn 0.8454289 -0.3600124 0.3945135
vn 0.8454289 -0.3600124 0.3945135
vn 0.859998 -0.3194992 0.397899
vn 0.8120068 -0.4015034 0.4236036
vn 0.8120068 -0.4015034 0.4236036
vn 0.8120068 -0.4015034 0.4236036
vn 0.829214 -0.359106 0.4283072
vn 0.9791215 -0.1929042 0.06410141
vn 0.9779162 -0.1962032 0.07200118
vn 0.9789839 -0.1962968 0.0552991
vn 0.9792468 -0.1948093 0.05590267
vn 0.9792734 -0.1952947 0.05369854
vn 0.980125 -0.195305 0.03480089
vn 0.9806604 -0.1880924 0.05409781
vn 0.9806604 -0.1880924 0.05409781
vn 0.9806604 -0.1880924 0.05409781
vn 0.977386 -0.208997 0.03219954
vn 0.9806328 -0.1932065 0.03210108
vn 0.9821524 -0.165592 0.08919567
vn 0.9821524 -0.165592 0.08919567
vn 0.9821524 -0.165592 0.08919567
vn 0.9246266 -0.3197092 -0.207006
vn 0.9246266 -0.3197092 -0.207006
vn 0.9246266 -0.3197092 -0.207006
vn 0.9246266 -0.3197092 -0.207006
vn 0.963504 -0.252501 -0.08890037
vn 0.9635283 -0.2524074 -0.08890262
vn 0.9581655 -0.2534909 -0.1328952
vn 0.9635283 -0.2524074 -0.08890262
vn 0.9635283 -0.2524074 -0.08890262
vn 0.9657125 -0.2518033 -0.06320082
vn 0.9587756 -0.277093 -0.0629984
vn 0.8835294 -0.3970132 -0.2485083
vn 0.8836303 -0.3969136 -0.2483085
vn 0.8835952 -0.3969978 -0.2482986
vn 0.8836784 -0.3966903 -0.2484939
vn 0.9519317 -0.3063102 0
vn 0.9519317 -0.3063102 0
vn 0.9519317 -0.3063102 0
vn 0.9519317 -0.3063102 0
vn 0.9509679 -0.3092896 0
vn 0.9509679 -0.3092896 0
vn 0.9509679 -0.3092896 0
vn 0.9509679 -0.3092896 0
vn 0.9519317 -0.3063102 0
vn 0.9519317 -0.3063102 0
vn 0.9519317 -0.3063102 0
vn 0.9519317 -0.3063102 0
vn 0.9519317 -0.3063102 0
vn 0.7888871 -0.3551942 -0.5014918
vn 0.7888871 -0.3551942 -0.5014918
vn 0.7888871 -0.3551942 -0.5014918
vn 0.8036995 -0.3130998 -0.5059997
vn 0.858126 -0.3195097 -0.4019122
vn 0.8581797 -0.3193924 -0.4018905
vn 0.8581523 -0.3194822 -0.4018777
vn 0.8581797 -0.3193924 -0.4018905
vn 0.9575598 -0.2534894 -0.1371942
vn 0.9575598 -0.2534894 -0.1371942
vn 0.9575598 -0.2534894 -0.1371942
vn 0.9681672 -0.2090929 -0.1375953
vn 0.9575598 -0.2534894 0.1371942
vn 0.9575598 -0.2534894 0.1371942
vn 0.9575598 -0.2534894 0.1371942
vn 0.9575598 -0.2534894 0.1371942
vn 0.6876162 -0.2928069 -0.6644156
vn 0.6876162 -0.2928069 -0.6644156
vn 0.6893852 -0.2927937 -0.6625857
vn 0.701996 -0.2731984 -0.6576962
vn 0.701996 -0.2731984 -0.6576962
vn 0.701996 -0.2731984 -0.6576962
vn 0.6597941 -0.2859975 -0.6948937
vn 0.6510809 -0.3142908 -0.6908798
vn 0.6510809 -0.3142908 -0.6908798
vn 0.6510809 -0.3142908 -0.6908798
vn 0.6652205 -0.3349103 -0.6673205
vn 0.6652205 -0.3349103 -0.6673205
vn 0.6651761 -0.334888 -0.667376
vn 0.1298943 -0.08639621 -0.9877566
vn 0.1298943 -0.08639621 -0.9877566
vn 0.1298943 -0.08639621 -0.9877566
vn 0.1262958 -0.1054965 -0.986367
vn -0.6483109 0.1945033 -0.7361124
vn -0.6483109 0.1945033 -0.7361124
vn -0.6483109 0.1945033 -0.7361124
vn -0.6483109 0.1945033 -0.7361124
vn -0.6714104 0.1992031 -0.713811
vn -0.6756993 0.1833998 -0.7139993
vn -0.6860198 0.2022059 -0.6989202
vn -0.6860198 0.2022059 -0.6989202
vn -0.686006 0.2023018 -0.6989061
vn -0.6860198 0.2022059 -0.6989202
vn -0.7154218 0.2349072 -0.6580201
vn -0.6863971 0.228799 -0.6902971
vn -0.7154218 0.2349072 -0.6580201
vn -0.7154218 0.2349072 -0.6580201
vn -0.7154218 0.2349072 -0.6580201
vn -0.7194126 0.2424043 -0.6509114
vn -0.7084821 0.2472937 -0.6609833
vn -0.6770325 0.2482119 -0.6928332
vn -0.7084821 0.2472937 -0.6609833
vn -0.6770325 0.2482119 -0.6928332
vn -0.6474777 0.2424917 -0.7224752
vn -0.6772989 0.2472996 -0.6928989
vn -0.6620272 0.2423099 -0.7092291
vn -0.6621798 0.2437926 -0.7085783
vn -0.6119828 0.2467931 -0.7513789
vn -0.6474777 0.2424917 -0.7224752
vn -0.5931112 0.2416046 -0.7680146
vn -0.5931112 0.2416046 -0.7680146
vn -0.5931112 0.2416046 -0.7680146
vn -0.5925039 0.2274015 -0.7728052
vn -0.5925174 0.2273067 -0.7728227
vn -0.5989162 0.2095057 -0.7729209
vn -0.5989162 0.2095057 -0.7729209
vn -0.5989162 0.2095057 -0.7729209
vn -0.5946264 0.2282101 -0.7709342
vn -0.594691 0.2281966 -0.7708884
vn -0.5952771 0.2290912 -0.7701704
vn -0.834677 0.1145969 -0.5386852
vn -0.834677 0.1145969 -0.5386852
vn -0.834677 0.1145969 -0.5386852
vn -0.8267186 0.1558035 -0.5406122
vn 0.3272067 -0.244705 -0.9127187
vn 0.3272067 -0.244705 -0.9127187
vn 0.3272067 -0.244705 -0.9127187
vn 0.3090046 -0.2391036 -0.9205137
vn 0.3090034 -0.2395027 -0.9204103
vn -0.3783092 0.05860143 -0.9238225
vn -0.3783092 0.05860143 -0.9238225
vn -0.3783092 0.05860143 -0.9238225
vn -0.3782235 0.05860365 -0.9238575
vn -0.4898041 0.1040009 -0.8656072
vn -0.4898041 0.1040009 -0.8656072
vn -0.4898041 0.1040009 -0.8656072
vn -0.4898041 0.1040009 -0.8656072
vn -0.7577147 0.1457028 -0.6361123
vn -0.7577147 0.1457028 -0.6361123
vn -0.7577147 0.1457028 -0.6361123
vn -0.7658893 0.1064985 -0.6340911
vn -0.7658893 0.1064985 -0.6340911
vn -0.4847856 0.2142936 -0.8479748
vn -0.4869042 0.2145018 -0.8467073
vn -0.4833955 0.214198 -0.8487921
vn -0.5039821 0.2261919 -0.8335702
vn -0.5039821 0.2261919 -0.8335702
vn -0.4909946 0.2185976 -0.8432907
vn -0.4909946 0.2185976 -0.8432907
vn -0.5144057 0.2235024 -0.8279091
vn -0.5160089 0.2220038 -0.8273144
vn -0.5215218 0.2250094 -0.8230344
vn -0.5262079 0.2244034 -0.8202124
vn -0.5100122 0.2190052 -0.8318198
vn -0.5476 0.2211 -0.807
vn -0.5477921 0.2213968 -0.8067883
vn -0.5473013 0.2163005 -0.808502
vn -0.7525787 0.2150939 -0.6223823
vn -0.7526256 0.2151073 -0.6223211
vn -0.7525353 0.2151101 -0.6224293
vn -0.7526256 0.2151073 -0.6223211
vn -0.7485062 0.1815015 -0.6378053
vn -0.7587982 0.2371994 -0.6065985
vn -0.7578898 0.2395968 -0.6067919
vn -0.7554092 0.244303 -0.6080074
vn -0.7549801 0.2441936 -0.608584
vn -0.7484721 0.1813932 -0.6378762
vn -0.7485062 0.1815015 -0.6378053
vn -0.7485062 0.1815015 -0.6378053
vn -0.7485062 0.1815015 -0.6378053
vn -0.7246825 0.1772957 -0.665884
vn -0.7330667 0.1419936 -0.6651698
vn -0.7362242 0.1113037 -0.667522
vn -0.7362242 0.1113037 -0.667522
vn -0.7362242 0.1113037 -0.667522
vn -0.7296264 0.1416051 -0.6690242
vn -0.9053336 0.2065077 -0.3711138
vn -0.9043088 0.205602 -0.3741036
vn -0.906004 0.2061009 -0.3697016
vn -0.9065607 0.2061911 -0.368284
vn -0.9065574 0.2063131 -0.3682233
vn -0.8966593 0.197991 -0.395982
vn -0.8952073 0.2048016 -0.3958032
vn -0.8796673 0.2206918 -0.4212843
vn -0.8729942 0.2195985 -0.4354971
vn -0.8796673 0.2206918 -0.4212843
vn -0.8796673 0.2206918 -0.4212843
vn -0.8837345 0.2031079 -0.4216165
vn -0.9297308 0.1907063 -0.3150104
vn -0.9297308 0.1907063 -0.3150104
vn -0.929803 0.1907006 -0.314801
vn -0.9317023 0.1694004 -0.3213008
vn -0.9316866 0.1694975 -0.3212954
vn -0.9302076 0.1694014 -0.3256027
vn -0.9302076 0.1694014 -0.3256027
vn -0.9175159 0.1532026 -0.3670064
vn -0.9148812 0.1675966 -0.3672925
vn -0.8794041 0.1630008 -0.4473021
vn -0.8794041 0.1630008 -0.4473021
vn -0.8794041 0.1630008 -0.4473021
vn -0.8713078 0.2014018 -0.447504
vn -0.8531855 0.1595973 -0.4965916
vn -0.8531855 0.1595973 -0.4965916
vn -0.8531855 0.1595973 -0.4965916
vn -0.845087 0.197297 -0.4968924
vn -0.8959924 0.121599 -0.4270964
vn -0.8959924 0.121599 -0.4270964
vn -0.8959924 0.121599 -0.4270964
vn -0.8884826 0.1642968 -0.4284917
vn -0.8250273 0.1557052 -0.543218
vn -0.8250273 0.1557052 -0.543218
vn -0.8250273 0.1557052 -0.543218
vn -0.8168073 0.1929017 -0.5437048
vn 0.2209035 -0.1833029 -0.9579153
vn 0.2209035 -0.1833029 -0.9579153
vn 0.2209035 -0.1833029 -0.9579153
vn 0.2251959 -0.162997 -0.9605826
vn 0.1589965 -0.1644964 -0.9734788
vn 0.1589965 -0.1644964 -0.9734788
vn 0.1589965 -0.1644964 -0.9734788
vn 0.1637059 -0.1420051 -0.9762352
vn 0.1683028 -0.1927032 -0.9667159
vn 0.1625968 -0.2167957 -0.9625809
vn 0.1683028 -0.1927032 -0.9667159
vn 0.1683028 -0.1927032 -0.9667159
vn 0.2063052 -0.1927049 -0.9593243
vn 0.2666155 -0.2786162 -0.9226534
vn 0.2666155 -0.2786162 -0.9226534
vn 0.2666155 -0.2786162 -0.9226534
vn 0.2730935 -0.253894 -0.9278781
vn -0.1059044 -0.1423059 -0.9841409
vn -0.1059044 -0.1423059 -0.9841409
vn -0.1059044 -0.1423059 -0.9841409
vn -0.09590206 -0.09630207 -0.9907213
vn -0.1676019 -0.1168013 -0.9789112
vn -0.1676019 -0.1168013 -0.9789112
vn -0.1676019 -0.1168013 -0.9789112
vn -0.1676019 -0.1168013 -0.9789112
vn -0.3729044 -0.02580031 -0.927511
vn -0.3729905 -0.02579935 -0.9274765
vn -0.3729035 -0.02590024 -0.9275087
vn -0.3729044 -0.02580031 -0.927511
vn -0.1765013 -0.01950014 -0.9841073
vn -0.1765013 -0.01950014 -0.9841073
vn -0.1765013 -0.01950014 -0.9841073
vn -0.1856043 -0.06110143 -0.980723
vn -0.3825871 0.1719942 -0.9077693
vn -0.3825871 0.1719942 -0.9077693
vn -0.3825871 0.1719942 -0.9077693
vn -0.3748893 0.2002943 -0.9051741
vn 0.07749616 -0.06829661 -0.9946507
vn 0.07749616 -0.06829661 -0.9946507
vn 0.07749616 -0.06829661 -0.9946507
vn 0.07369799 -0.0881976 -0.9933729
vn 0.1790047 -0.1246033 -0.9759259
vn 0.1790047 -0.1246033 -0.9759259
vn 0.1790047 -0.1246033 -0.9759259
vn 0.1749961 -0.1446968 -0.9738784
vn -0.3897839 0.1742928 -0.9042625
vn -0.3897839 0.1742928 -0.9042625
vn -0.3897839 0.1742928 -0.9042625
vn -0.4009142 0.1342048 -0.9062322
vn -0.4221966 0.1414989 -0.8953928
vn 0.1009003 -0.2216007 -0.9699033
vn 0.1009003 -0.2216007 -0.9699033
vn 0.1009003 -0.2216007 -0.9699033
vn 0.1009003 -0.2216007 -0.9699033
vn -0.6580116 0.1305023 -0.741613
vn -0.6580597 0.130592 -0.7415546
vn -0.6580116 0.1305023 -0.741613
vn -0.658003 0.1306006 -0.7416033
vn -0.5488831 0.1735947 -0.8176749
vn -0.5488037 0.1737012 -0.8177055
vn -0.5835952 0.1810985 -0.7915934
vn -0.5488037 0.1737012 -0.8177055
vn -0.5488735 0.1736916 -0.8176606
vn -0.5277127 0.1691041 -0.8324201
vn -0.5277127 0.1691041 -0.8324201
vn -0.4749053 0.1576018 -0.8658098
vn -0.4753112 0.1552037 -0.8660203
vn -0.4767921 0.1541975 -0.8653857
vn -0.4761953 0.1531985 -0.8658915
vn -0.4762026 0.1531009 -0.8659048
vn -0.462886 0.196894 -0.8642738
vn -0.4760067 0.1531022 -0.8660123
vn -0.4761953 0.1531985 -0.8658915
vn -0.4762727 0.1531912 -0.8658503
vn -0.4633033 0.1922014 -0.8651062
vn -0.4529945 0.2117974 -0.8659895
vn -0.4469226 0.2302116 -0.8644437
vn -0.4460991 0.2315995 -0.8644983
vn -0.4466946 0.2285973 -0.8649896
vn -0.4454056 0.2280029 -0.8658109
vn -0.4246011 0.2693007 -0.8644022
vn -0.4098882 0.2861917 -0.866075
vn -0.4005935 0.304195 -0.864286
vn -0.4004934 0.304895 -0.8640857
vn -0.4009045 0.2997034 -0.8657097
vn -0.4006193 0.2994144 -0.8659418
vn -0.3734758 0.338578 -0.8636439
vn -0.355395 0.351795 -0.8659877
vn -0.3431034 0.3687036 -0.8639085
vn -0.3434989 0.3699988 -0.8631971
vn -0.3406941 0.3662936 -0.8658849
vn -0.3452039 0.3627041 -0.8656097
vn -0.3112053 0.3975068 -0.8632148
vn -0.3111006 0.3987008 -0.8627017
vn -0.2898906 0.4072868 -0.866072
vn -0.3132842 0.3902804 -0.8657565
vn -0.2763062 0.4229095 -0.8630194
vn -0.2758118 0.4244181 -0.8624368
vn -0.2788048 0.4159071 -0.8656149
vn -0.2792987 0.4151981 -0.8657961
vn -0.2392923 0.4451858 -0.8628724
vn -0.2386989 0.4471979 -0.8619959
vn -0.2159986 0.4509971 -0.8659944
vn -0.243505 0.4371091 -0.865818
vn -0.2010985 0.4643965 -0.8624936
vn -0.1998984 0.4663963 -0.8616931
vn -0.1762047 0.4681124 -0.865923
vn -0.1762047 0.4681124 -0.865923
vn -0.1762047 0.4681124 -0.865923
vn -0.1663984 0.4722954 -0.8655916
vn -0.1668056 0.4717159 -0.8658291
vn -0.1358072 0.4815256 -0.8658461
vn -0.1180993 0.486797 -0.8654947
vn -0.1155 0.4867 -0.8659
vn -0.09359566 0.4912772 -0.8659599
vn -0.07599942 0.4952962 -0.8653934
vn -0.0732979 0.4946859 -0.8659753
vn -0.05149961 0.4973963 -0.8659935
vn -0.0333999 0.4997985 -0.8654974
vn -0.03020047 0.4991078 -0.8660135
vn -0.002000057 0.5024143 -0.8646246
vn -0.001800029 0.503808 -0.8638138
vn 0.01239994 0.4998976 -0.8659958
vn 0.04019899 0.5008875 -0.8645784
vn 0.04050123 0.5018152 -0.8640262
vn 0.05489785 0.4970805 -0.8659661
vn 0.07980043 0.4952027 -0.8651047
vn 0.08280366 0.4962219 -0.8642381
vn 0.0973984 0.490492 -0.8659858
vn 0.1236032 0.4875127 -0.8643226
vn 0.1240969 0.487288 -0.8643786
vn 0.1392966 0.4802884 -0.865979
vn 0.1608001 0.4733003 -0.8661005
vn 0.1641916 0.4747756 -0.8646556
vn 0.1800987 0.4664967 -0.8659939
vn 0.2029007 0.4574016 -0.8658031
vn 0.2034946 0.4588878 -0.8648769
vn 0.2194041 0.4493083 -0.8660161
vn 0.2399869 0.4393761 -0.8656529
vn 0.2741153 0.4183233 -0.8659483
vn 0.2570985 0.4288975 -0.8659949
vn 0.2741963 0.4183944 -0.8658884
vn 0.2740113 0.4184173 -0.8659357
vn 0.2740923 0.4184883 -0.8658758
vn 0.2740923 0.4184883 -0.8658758
vn -0.7081047 0.05940039 -0.7036046
vn -0.7081047 0.05940039 -0.7036046
vn -0.7081047 0.05940039 -0.7036046
vn -0.7081004 0.05950003 -0.7036004
vn -0.8665907 0.1182987 -0.4847948
vn -0.8665907 0.1182987 -0.4847948
vn -0.8665907 0.1182987 -0.4847948
vn -0.8588624 0.160293 -0.4864787
vn -0.7953982 0.1512997 -0.5868987
vn -0.7953982 0.1512997 -0.5868987
vn -0.7953982 0.1512997 -0.5868987
vn -0.7953515 0.1512908 -0.5869642
vn -0.5875725 0.1818915 -0.7884631
vn -0.5875725 0.1818915 -0.7884631
vn -0.5875725 0.1818915 -0.7884631
vn -0.5755912 0.2231966 -0.786688
vn -0.9292649 0.07799705 -0.3610864
vn -0.9292649 0.07799705 -0.3610864
vn -0.9292649 0.07799705 -0.3610864
vn -0.9231869 0.1245982 -0.3635948
vn -0.8995118 0.07560099 -0.4303056
vn -0.8995118 0.07560099 -0.4303056
vn -0.8995118 0.07560099 -0.4303056
vn -0.8930984 0.1212998 -0.4331992
vn -0.8660133 0.07270112 -0.4947076
vn -0.8660133 0.07270112 -0.4947076
vn -0.8660133 0.07270112 -0.4947076
vn -0.8593069 0.1174009 -0.497804
vn -0.8298017 0.06960014 -0.5537011
vn -0.8298017 0.06960014 -0.5537011
vn -0.8298017 0.06960014 -0.5537011
vn -0.8228106 0.1133015 -0.5569072
vn -0.7919092 0.06650078 -0.607007
vn -0.7919092 0.06650078 -0.607007
vn -0.7919092 0.06650078 -0.607007
vn -0.7919092 0.06650078 -0.607007
vn 0.233304 -0.2408041 -0.9421161
vn 0.233304 -0.2408041 -0.9421161
vn 0.233304 -0.2408041 -0.9421161
vn 0.2391955 -0.2166959 -0.9464822
vn 0.1115009 -0.1729013 -0.9786075
vn 0.1115009 -0.1729013 -0.9786075
vn 0.1115009 -0.1729013 -0.9786075
vn 0.1115009 -0.1729013 -0.9786075
vn -0.4380879 0.1892948 -0.8787756
vn -0.4394196 0.1910085 -0.8777392
vn -0.4380879 0.1892948 -0.8787756
vn -0.4359898 0.2002953 -0.8773794
vn -0.4342056 0.2027026 -0.8777113
vn -0.4351141 0.2011065 -0.8776286
vn -0.4351141 0.2011065 -0.8776286
vn -0.4351905 0.1993956 -0.8779809
vn -0.4168969 0.1967985 -0.8873935
vn -0.4187117 0.1955055 -0.8868247
vn -0.4126078 0.1967037 -0.8894169
vn -0.4073907 0.1922956 -0.8927795
vn -0.477906 -0.878411 0
vn -0.477906 -0.878411 0
vn -0.477906 -0.878411 0
vn -0.4781794 -0.8782622 0
vn -0.4387133 -0.8986272 0
vn -0.4387133 -0.8986272 0
vn -0.4007874 -0.9161711 0
vn -0.4007874 -0.9161711 0
vn -0.3601046 -0.9329119 0
vn -0.3601046 -0.9329119 0
vn -0.3206045 -0.9472132 0
vn -0.3206045 -0.9472132 0
vn -0.2786942 -0.9603799 0
vn -0.2786942 -0.9603799 0
vn -0.2380863 -0.971244 0
vn -0.2380863 -0.971244 0
vn -0.1955007 -0.9807036 0
vn -0.1953083 -0.9807419 0
vn -0.1542061 -0.9880387 0
vn -0.1542061 -0.9880387 0
vn -0.1103986 -0.9938874 0
vn -0.1103986 -0.9938874 0
vn -0.06860302 -0.997644 0
vn -0.06860302 -0.997644 0
vn -0.02469988 -0.9996949 0
vn -0.02469988 -0.9996949 0
vn 0.01740084 -0.9998486 0
vn 0.01740084 -0.9998486 0
vn 0.06110193 -0.9981316 0
vn 0.06110193 -0.9981316 0
vn 0.1029981 -0.9946815 0
vn 0.1029981 -0.9946815 0
vn 0.1465015 -0.9892104 0
vn 0.1465015 -0.9892104 0
vn 0.1879943 -0.9821701 0
vn 0.1879943 -0.9821701 0
vn 0.230895 -0.9729787 0
vn 0.230895 -0.9729787 0
vn 0.2713913 -0.962469 0
vn 0.2713913 -0.962469 0
vn 0.3137066 -0.9495199 0
vn 0.3134965 -0.9495894 0
vn 0.3530952 -0.9355873 0
vn 0.3530952 -0.9355873 0
vn 0.3937141 -0.9192329 0
vn 0.3936779 -0.9192484 0
vn 0.4319084 -0.9019175 0
vn 0.4319084 -0.9019175 0
vn 0.4710916 -0.8820843 0
vn 0.4710138 -0.8821258 0
vn 0.5077891 -0.8614815 0
vn 0.5077891 -0.8614815 0
vn 0.5450165 -0.8384253 0
vn 0.5450867 -0.8383797 0
vn 0.5797806 -0.8147727 0
vn 0.5798278 -0.814739 0
vn 0.615186 -0.7883821 0
vn 0.615186 -0.7883821 0
vn 0.6475903 -0.7619887 0
vn 0.6475903 -0.7619887 0
vn 0.6803168 -0.7329181 0
vn 0.6803706 -0.7328683 0
vn 0.7105981 -0.7035981 0
vn 0.7104986 -0.7036986 0
vn 0.7409076 -0.6716069 0
vn 0.7409076 -0.6716069 0
vn 0.7683442 -0.6400368 0
vn 0.7684344 -0.6399286 0
vn 0.7956108 -0.6058082 0
vn 0.7956108 -0.6058082 0
vn 0.8203157 -0.5719109 0
vn 0.820236 -0.5720252 0
vn 0.8448372 -0.5350236 0
vn 0.8448372 -0.5350236 0
vn 0.8666015 -0.4990008 0
vn 0.8664219 -0.4993126 0
vn 0.8874001 -0.4610001 0
vn 0.8874001 -0.4610001 0
vn 0.9061243 -0.4230114 0
vn 0.9061243 -0.4230114 0
vn 0.9237413 -0.3830171 0
vn 0.9237559 -0.3829817 0
vn 0.4437883 0.1476961 -0.8838766
vn 0.4437883 0.1476961 -0.8838766
vn 0.4437883 0.1476961 -0.8838766
vn 0.4647864 0.1672951 -0.8694746
vn 0.4364167 0.2176083 -0.8730333
vn 0.4344869 0.2172934 -0.8740736
vn 0.4360976 0.2175988 -0.8731951
vn 0.4381158 0.2170078 -0.8723314
vn 0.3936859 0.1215957 -0.9111674
vn 0.3936859 0.1215957 -0.9111674
vn 0.3936859 0.1215957 -0.9111674
vn 0.4265798 0.1221942 -0.8961575
vn -0.6983386 -0.7138395 -0.0525029
vn -0.6983386 -0.7138395 -0.0525029
vn -0.6983386 -0.7138395 -0.0525029
vn -0.6655197 -0.7446221 -0.05120151
vn -0.6654573 -0.7456522 -0.03419781
vn -0.6654573 -0.7456522 -0.03419781
vn -0.6315833 -0.7745796 -0.03359911
vn -0.6279033 -0.7776041 -0.03270017
vn -0.6279033 -0.7776041 -0.03270017
vn -0.6279033 -0.7776041 -0.03270017
vn -0.5993986 -0.7996982 -0.03469992
vn -0.5757259 -0.8133367 -0.08380378
vn -0.5776019 -0.8129027 -0.07460025
vn -0.6000322 -0.7950426 -0.08870475
vn -0.6000322 -0.7950426 -0.08870475
vn -0.6000322 -0.7950426 -0.08870475
vn -0.5975909 -0.7577884 0.261996
vn -0.5975909 -0.7577884 0.261996
vn -0.5723062 -0.7832084 0.2430026
vn -0.5723062 -0.7832084 0.2430026
vn -0.5912026 -0.7108031 0.3811017
vn -0.5912026 -0.7108031 0.3811017
vn -0.5912026 -0.7108031 0.3811017
vn -0.6085693 -0.693965 0.3847806
vn -0.6048144 -0.7271173 -0.3248077
vn -0.6048144 -0.7271173 -0.3248077
vn -0.6048144 -0.7271173 -0.3248077
vn -0.5898982 -0.7404977 -0.321999
vn -0.5912026 -0.7108031 -0.3811017
vn -0.5912026 -0.7108031 -0.3811017
vn -0.5912026 -0.7108031 -0.3811017
vn -0.6085927 -0.6939917 -0.3846954
vn -0.631599 -0.7322989 -0.2545996
vn -0.6246716 -0.7209672 -0.2999863
vn -0.634786 -0.7297838 -0.2538944
vn -0.6314927 -0.7323915 -0.254597
vn -0.6285203 -0.7354237 -0.2532082
vn -0.5092182 -0.8496303 -0.1372049
vn -0.5092182 -0.8496303 -0.1372049
vn -0.5092182 -0.8496303 -0.1372049
vn -0.5476795 -0.8233693 -0.1486945
vn -0.528613 -0.8458208 0.07180177
vn -0.528613 -0.8458208 0.07180177
vn -0.528613 -0.8458208 0.07180177
vn -0.5520195 -0.8306293 0.07300258
vn -0.6020045 -0.7935059 0.08910067
vn -0.6020045 -0.7935059 0.08910067
vn -0.6000322 -0.7950426 0.08870475
vn -0.6038991 -0.7920988 0.08879986
vn -0.6216943 -0.7772928 0.09649912
vn -0.6216943 -0.7772928 0.09649912
vn -0.6502079 -0.7534092 0.09800119
vn -0.5855061 -0.767808 -0.2601027
vn -0.5855061 -0.767808 -0.2601027
vn -0.5855061 -0.767808 -0.2601027
vn -0.5975909 -0.7577884 -0.261996
vn -0.6325966 -0.7683958 -0.09689947
vn -0.6325966 -0.7683958 -0.09689947
vn -0.6325966 -0.7683958 -0.09689947
vn -0.6501012 -0.7535014 -0.09800018
vn 0.56859 0.056399 0.8206855
vn 0.56859 0.056399 0.8206855
vn 0.56859 0.056399 0.8206855
vn 0.5557254 0.05510251 0.8295379
vn 0.6611314 0.01420068 0.7501357
vn 0.6574067 0.01390014 0.7534077
vn 0.6574067 0.01390014 0.7534077
vn 0.6537156 0.01360032 0.7566181
vn 0.6790853 -0.02009957 0.7337841
vn 0.491581 0.04099841 0.8698663
vn 0.491581 0.04099841 0.8698663
vn 0.491581 0.04099841 0.8698663
vn 0.5085766 0.04649786 0.8597603
vn 0.01989997 0.002699995 -0.9997984
vn 0.01989997 0.002699995 -0.9997984
vn 0.01999928 0.008499693 -0.9997639
vn 0.01810059 -0.002600085 -0.9998327
vn -0.01519973 0.002199961 -0.9998821
vn -0.01170037 -0.9999316 0
vn -0.01160038 -0.9999328 0
vn -0.01160038 -0.9999328 0
vn -0.01160038 -0.9999328 0
vn -0.01160038 -0.9999328 -0.0001000033
vn -0.01160038 -0.9999328 0
vn -0.01170037 -0.9999316 0
vn -0.01160038 -0.9999328 0
vn -0.01160038 -0.9999328 0.0001000033
vn -0.01160038 -0.9999328 0
vn -0.01160038 -0.9999328 0.0002000066
vn -0.01160038 -0.9999328 0
vn -0.01170037 -0.9999316 0.0001000032
vn -0.01170037 -0.9999316 -0.0001000032
vn -0.01170037 -0.9999316 0
vn -0.01170037 -0.9999316 0
vn -0.01160038 -0.9999328 0
vn -0.01160038 -0.9999328 -0.0001000033
vn -0.01170037 -0.9999316 0.0001000032
vn -0.01160038 -0.9999328 -0.0001000033
vn -0.01170037 -0.9999316 0.0001000032
vn -0.01170037 -0.9999316 0
vn -0.01160038 -0.9999328 0
vn -0.01170037 -0.9999316 0
vn -0.01170037 -0.9999316 -0.0001000032
vn -0.01170037 -0.9999316 0
vn -0.01170037 -0.9999316 0
vn -0.01170037 -0.9999316 -0.0001000032
vn -0.01170037 -0.9999316 0
vn -0.01170037 -0.9999316 -0.0001000032
vn -0.01170037 -0.9999316 0
vn -0.01160038 -0.9999328 0
vn -0.01160038 -0.9999328 0
vn -0.01160038 -0.9999328 -0.0001000033
vn -0.01170037 -0.9999316 0
vn -0.01170037 -0.9999316 0
vn -0.01170037 -0.9999316 0


usemtl defaultMat
usemap defaultMat
f 2/2/2 1/1/1 3/3/3
f 5/5/5 4/4/4 6/6/6
f 4/4/4 7/7/7 8/8/8
f 4/4/4 9/9/9 7/7/7
f 9/9/9 10/10/10 7/7/7
f 9/9/9 11/11/11 10/10/10
f 11/11/11 12/12/12 10/10/10
f 14/14/14 13/13/13 15/15/15
f 17/17/17 16/16/16 14/14/14
f 14/14/14 18/18/18 17/17/17
f 18/18/18 19/19/19 17/17/17
f 18/18/18 20/20/20 19/19/19
f 20/20/20 21/21/21 19/19/19
f 23/23/23 22/22/22 24/24/24
f 26/26/26 25/25/25 27/27/27
f 29/29/29 28/28/28 30/30/30
f 32/32/32 31/31/31 33/33/33
f 35/35/35 34/34/34 36/36/36
f 37/37/37 35/35/35 38/38/38
f 40/40/40 39/39/39 41/41/41
f 43/43/43 42/42/42 44/44/44
f 46/46/46 45/45/45 47/47/47
f 49/49/49 48/48/48 50/50/50
f 52/52/52 51/51/51 53/53/53
f 55/55/55 54/54/54 56/56/56
f 58/58/58 57/57/57 59/59/59
f 58/58/58 60/60/60 61/61/61
f 61/61/61 60/60/60 62/62/62
f 64/64/64 63/63/63 65/65/65
f 67/67/67 66/66/66 68/68/68
f 70/70/70 69/69/69 71/71/71
f 73/73/73 72/72/72 74/74/74
f 76/76/76 75/75/75 77/77/77
f 79/79/79 78/78/78 80/80/80
f 82/82/82 81/81/81 83/83/83
f 85/85/85 84/84/84 86/86/86
f 88/88/88 87/87/87 89/89/89
f 91/91/91 90/90/90 92/92/92
f 94/94/94 93/93/93 95/95/95
f 97/97/97 96/96/96 98/98/98
f 100/100/100 99/99/99 101/101/101
f 103/103/103 102/102/102 104/104/104
f 106/106/106 105/105/105 107/107/107
f 109/109/109 108/108/108 110/110/110
f 112/112/112 111/111/111 113/113/113
f 115/115/115 114/114/114 116/116/116
f 118/118/118 117/117/117 119/119/119
f 121/121/121 120/120/120 122/122/122
f 124/124/124 123/123/123 125/125/125
f 127/127/127 126/126/126 128/128/128
f 130/130/130 129/129/129 131/131/131
f 130/130/130 132/132/132 133/133/133
f 130/130/130 134/134/134 132/132/132
f 134/134/134 135/135/135 132/132/132
f 134/134/134 136/136/136 135/135/135
f 136/136/136 137/137/137 135/135/135
f 139/139/139 138/138/138 140/140/140
f 142/142/142 141/141/141 143/143/143
f 145/145/145 144/144/144 146/146/146
f 144/144/144 147/147/147 148/148/148
f 150/150/150 149/149/149 147/147/147
f 152/152/152 151/151/151 153/153/153
f 155/155/155 154/154/154 156/156/156
f 156/156/156 157/157/157 158/158/158
f 159/159/159 156/156/156 160/160/160
f 159/159/159 160/160/160 161/161/161
f 162/162/162 159/159/159 161/161/161
f 163/163/163 157/157/157 164/164/164
f 157/157/157 165/165/165 164/164/164
f 165/165/165 166/166/166 164/164/164
f 164/164/164 167/167/167 168/168/168
f 169/169/169 167/167/167 170/170/170
f 171/171/171 167/167/167 169/169/169
f 172/172/172 162/162/162 173/173/173
f 173/173/173 174/174/174 175/175/175
f 162/162/162 176/176/176 177/177/177
f 176/176/176 178/178/178 177/177/177
f 177/177/177 178/178/178 179/179/179
f 179/179/179 178/178/178 180/180/180
f 181/181/181 180/180/180 182/182/182
f 172/172/172 183/183/183 184/184/184
f 183/183/183 185/185/185 184/184/184
f 183/183/183 186/186/186 185/185/185
f 185/185/185 187/187/187 188/188/188
f 187/187/187 189/189/189 188/188/188
f 190/190/190 179/179/179 191/191/191
f 192/192/192 179/179/179 190/190/190
f 192/192/192 193/193/193 179/179/179
f 194/194/194 193/193/193 192/192/192
f 194/194/194 195/195/195 193/193/193
f 196/196/196 192/192/192 197/197/197
f 193/193/193 198/198/198 199/199/199
f 198/198/198 200/200/200 201/201/201
f 198/198/198 201/201/201 202/202/202
f 204/204/204 203/203/203 201/201/201
f 204/204/204 205/205/205 203/203/203
f 205/205/205 206/206/206 207/207/207
f 206/206/206 205/205/205 208/208/208
f 210/210/210 209/209/209 211/211/211
f 213/213/213 212/212/212 214/214/214
f 216/216/216 215/215/215 213/213/213
f 215/215/215 217/217/217 213/213/213
f 215/215/215 218/218/218 217/217/217
f 218/218/218 219/219/219 217/217/217
f 218/218/218 220/220/220 219/219/219
f 220/220/220 221/221/221 219/219/219
f 223/223/223 222/222/222 224/224/224
f 226/226/226 225/225/225 227/227/227
f 229/229/229 228/228/228 230/230/230
f 228/228/228 231/231/231 232/232/232
f 234/234/234 233/233/233 232/232/232
f 234/234/234 235/235/235 233/233/233
f 236/236/236 235/235/235 234/234/234
f 236/236/236 237/237/237 235/235/235
f 238/238/238 237/237/237 236/236/236
f 239/239/239 237/237/237 238/238/238
f 239/239/239 238/238/238 240/240/240
f 240/240/240 241/241/241 242/242/242
f 241/241/241 243/243/243 244/244/244
f 244/244/244 243/243/243 245/245/245
f 244/244/244 245/245/245 246/246/246
f 244/244/244 247/247/247 248/248/248
f 247/247/247 249/249/249 248/248/248
f 250/250/250 249/249/249 247/247/247
f 250/250/250 251/251/251 249/249/249
f 251/251/251 252/252/252 249/249/249
f 251/251/251 253/253/253 252/252/252
f 253/253/253 254/254/254 252/252/252
f 256/256/256 255/255/255 257/257/257
f 259/259/259 258/258/258 260/260/260
f 262/262/262 261/261/261 263/263/263
f 265/265/265 264/264/264 266/266/266
f 268/268/268 267/267/267 269/269/269
f 270/270/270 269/269/269 271/271/271
f 271/271/271 272/272/272 270/270/270
f 274/274/274 273/273/273 275/275/275
f 277/277/277 276/276/276 278/278/278
f 280/280/280 279/279/279 281/281/281
f 283/283/283 282/282/282 279/279/279
f 284/284/284 283/283/283 285/285/285
f 284/284/284 286/286/286 283/283/283
f 288/288/288 287/287/287 284/284/284
f 288/288/288 289/289/289 287/287/287
f 291/291/291 290/290/290 289/289/289
f 289/289/289 290/290/290 292/292/292
f 292/292/292 290/290/290 293/293/293
f 294/294/294 292/292/292 295/295/295
f 295/295/295 296/296/296 294/294/294
f 297/297/297 293/293/293 298/298/298
f 298/298/298 293/293/293 299/299/299
f 301/301/301 300/300/300 293/293/293
f 301/301/301 302/302/302 300/300/300
f 291/291/291 303/303/303 300/300/300
f 303/303/303 304/304/304 305/305/305
f 303/303/303 305/305/305 306/306/306
f 299/299/299 307/307/307 174/174/174
f 307/307/307 308/308/308 174/174/174
f 309/309/309 308/308/308 307/307/307
f 291/291/291 310/310/310 311/311/311
f 311/311/311 310/310/310 312/312/312
f 311/311/311 312/312/312 313/313/313
f 310/310/310 314/314/314 315/315/315
f 316/316/316 314/314/314 317/317/317
f 316/316/316 317/317/317 318/318/318
f 318/318/318 317/317/317 319/319/319
f 320/320/320 319/319/319 321/321/321
f 322/322/322 319/319/319 320/320/320
f 324/324/324 323/323/323 316/316/316
f 325/325/325 323/323/323 324/324/324
f 323/323/323 325/325/325 326/326/326
f 326/326/326 325/325/325 327/327/327
f 328/328/328 326/326/326 327/327/327
f 330/330/330 329/329/329 331/331/331
f 333/333/333 332/332/332 329/329/329
f 334/334/334 333/333/333 335/335/335
f 337/337/337 336/336/336 333/333/333
f 338/338/338 337/337/337 339/339/339
f 338/338/338 340/340/340 337/337/337
f 342/342/342 341/341/341 343/343/343
f 345/345/345 344/344/344 346/346/346
f 348/348/348 347/347/347 349/349/349
f 349/349/349 350/350/350 351/351/351
f 353/353/353 352/352/352 354/354/354
f 356/356/356 355/355/355 357/357/357
f 359/359/359 358/358/358 360/360/360
f 362/362/362 361/361/361 363/363/363
f 365/365/365 364/364/364 366/366/366
f 368/368/368 367/367/367 366/366/366
f 367/367/367 368/368/368 369/369/369
f 371/371/371 370/370/370 372/372/372
f 374/374/374 373/373/373 375/375/375
f 377/377/377 376/376/376 378/378/378
f 380/380/380 379/379/379 381/381/381
f 383/383/383 382/382/382 384/384/384
f 386/386/386 385/385/385 382/382/382
f 387/387/387 386/386/386 382/382/382
f 389/389/389 388/388/388 390/390/390
f 392/392/392 391/391/391 393/393/393
f 395/395/395 394/394/394 396/396/396
f 398/398/398 397/397/397 395/395/395
f 400/400/400 399/399/399 401/401/401
f 399/399/399 402/402/402 403/403/403
f 404/404/404 399/399/399 403/403/403
f 406/406/406 405/405/405 407/407/407
f 409/409/409 408/408/408 410/410/410
f 408/408/408 411/411/411 412/412/412
f 413/413/413 411/411/411 414/414/414
f 411/411/411 415/415/415 416/416/416
f 417/417/417 415/415/415 418/418/418
f 420/420/420 419/419/419 421/421/421
f 423/423/423 422/422/422 420/420/420
f 423/423/423 420/420/420 424/424/424
f 425/425/425 423/423/423 426/426/426
f 428/428/428 427/427/427 424/424/424
f 430/430/430 429/429/429 431/431/431
f 431/431/431 432/432/432 433/433/433
f 432/432/432 434/434/434 433/433/433
f 436/436/436 435/435/435 437/437/437
f 439/439/439 438/438/438 440/440/440
f 442/442/442 441/441/441 443/443/443
f 443/443/443 444/444/444 445/445/445
f 444/444/444 446/446/446 445/445/445
f 447/447/447 444/444/444 448/448/448
f 444/444/444 447/447/447 449/449/449
f 449/449/449 447/447/447 450/450/450
f 449/449/449 451/451/451 452/452/452
f 452/452/452 451/451/451 453/453/453
f 451/451/451 454/454/454 453/453/453
f 455/455/455 454/454/454 451/451/451
f 454/454/454 455/455/455 456/456/456
f 458/458/458 457/457/457 459/459/459
f 460/460/460 457/457/457 461/461/461
f 463/463/463 462/462/462 460/460/460
f 464/464/464 462/462/462 463/463/463
f 465/465/465 457/457/457 466/466/466
f 465/465/465 466/466/466 467/467/467
f 465/465/465 467/467/467 468/468/468
f 468/468/468 467/467/467 469/469/469
f 469/469/469 470/470/470 471/471/471
f 470/470/470 472/472/472 471/471/471
f 472/472/472 473/473/473 474/474/474
f 468/468/468 475/475/475 476/476/476
f 477/477/477 468/468/468 476/476/476
f 477/477/477 478/478/478 468/468/468
f 479/479/479 478/478/478 477/477/477
f 479/479/479 480/480/480 478/478/478
f 481/481/481 473/473/473 482/482/482
f 473/473/473 481/481/481 483/483/483
f 483/483/483 484/484/484 473/473/473
f 479/479/479 485/485/485 486/486/486
f 486/486/486 485/485/485 487/487/487
f 485/485/485 488/488/488 487/487/487
f 490/490/490 489/489/489 491/491/491
f 493/493/493 492/492/492 494/494/494
f 496/496/496 495/495/495 497/497/497
f 495/495/495 498/498/498 499/499/499
f 500/500/500 495/495/495 499/499/499
f 502/502/502 501/501/501 500/500/500
f 503/503/503 501/501/501 502/502/502
f 504/504/504 503/503/503 502/502/502
f 501/501/501 505/505/505 506/506/506
f 508/508/508 507/507/507 504/504/504
f 509/509/509 508/508/508 504/504/504
f 503/503/503 510/510/510 511/511/511
f 510/510/510 512/512/512 511/511/511
f 513/513/513 512/512/512 510/510/510
f 515/515/515 514/514/514 511/511/511
f 514/514/514 515/515/515 516/516/516
f 517/517/517 512/512/512 518/518/518
f 517/517/517 518/518/518 519/519/519
f 520/520/520 513/513/513 521/521/521
f 523/523/523 522/522/522 520/520/520
f 516/516/516 524/524/524 525/525/525
f 524/524/524 516/516/516 526/526/526
f 527/527/527 524/524/524 528/528/528
f 529/529/529 527/527/527 530/530/530
f 531/531/531 520/520/520 532/532/532
f 521/521/521 533/533/533 531/531/531
f 533/533/533 534/534/534 531/531/531
f 534/534/534 533/533/533 535/535/535
f 532/532/532 536/536/536 537/537/537
f 536/536/536 538/538/538 537/537/537
f 537/537/537 539/539/539 540/540/540
f 539/539/539 541/541/541 540/540/540
f 537/537/537 542/542/542 543/543/543
f 542/542/542 544/544/544 543/543/543
f 543/543/543 545/545/545 546/546/546
f 546/546/546 545/545/545 547/547/547
f 547/547/547 548/548/548 546/546/546
f 550/550/550 549/549/549 551/551/551
f 553/553/553 552/552/552 550/550/550
f 552/552/552 553/553/553 554/554/554
f 556/556/556 555/555/555 557/557/557
f 559/559/559 558/558/558 560/560/560
f 562/562/562 561/561/561 563/563/563
f 565/565/565 564/564/564 566/566/566
f 568/568/568 567/567/567 569/569/569
f 569/569/569 570/570/570 571/571/571
f 571/571/571 572/572/572 569/569/569
f 573/573/573 572/572/572 571/571/571
f 573/573/573 574/574/574 572/572/572
f 570/570/570 575/575/575 576/576/576
f 574/574/574 577/577/577 578/578/578
f 574/574/574 578/578/578 579/579/579
f 580/580/580 574/574/574 579/579/579
f 580/580/580 579/579/579 581/581/581
f 576/576/576 582/582/582 583/583/583
f 582/582/582 584/584/584 583/583/583
f 583/583/583 585/585/585 576/576/576
f 583/583/583 586/586/586 585/585/585
f 586/586/586 587/587/587 585/585/585
f 584/584/584 588/588/588 589/589/589
f 588/588/588 590/590/590 589/589/589
f 590/590/590 588/588/588 591/591/591
f 592/592/592 590/590/590 591/591/591
f 592/592/592 591/591/591 593/593/593
f 594/594/594 592/592/592 593/593/593
f 595/595/595 593/593/593 596/596/596
f 597/597/597 595/595/595 596/596/596
f 598/598/598 596/596/596 599/599/599
f 600/600/600 598/598/598 599/599/599
f 602/602/602 601/601/601 598/598/598
f 602/602/602 603/603/603 601/601/601
f 605/605/605 604/604/604 606/606/606
f 608/608/608 607/607/607 606/606/606
f 606/606/606 609/609/609 608/608/608
f 610/610/610 609/609/609 606/606/606
f 610/610/610 611/611/611 609/609/609
f 609/609/609 612/612/612 613/613/613
f 615/615/615 614/614/614 612/612/612
f 612/612/612 614/614/614 616/616/616
f 618/618/618 617/617/617 619/619/619
f 619/619/619 620/620/620 621/621/621
f 623/623/623 622/622/622 624/624/624
f 626/626/626 625/625/625 627/627/627
f 629/629/629 628/628/628 630/630/630
f 632/632/632 631/631/631 633/633/633
f 635/635/635 634/634/634 631/631/631
f 634/634/634 635/635/635 636/636/636
f 638/638/638 637/637/637 639/639/639
f 641/641/641 640/640/640 642/642/642
f 644/644/644 643/643/643 645/645/645
f 647/647/647 646/646/646 648/648/648
f 650/650/650 649/649/649 651/651/651
f 653/653/653 652/652/652 654/654/654
f 656/656/656 655/655/655 657/657/657
f 656/656/656 658/658/658 659/659/659
f 658/658/658 660/660/660 659/659/659
f 661/661/661 658/658/658 656/656/656
f 662/662/662 661/661/661 656/656/656
f 663/663/663 661/661/661 662/662/662
f 664/664/664 661/661/661 665/665/665
f 664/664/664 665/665/665 666/666/666
f 665/665/665 667/667/667 666/666/666
f 667/667/667 668/668/668 666/666/666
f 668/668/668 667/667/667 669/669/669
f 671/671/671 670/670/670 672/672/672
f 674/674/674 673/673/673 675/675/675
f 677/677/677 676/676/676 678/678/678
f 680/680/680 679/679/679 681/681/681
f 680/680/680 682/682/682 683/683/683
f 683/683/683 682/682/682 684/684/684
f 686/686/686 685/685/685 687/687/687
f 689/689/689 688/688/688 690/690/690
f 689/689/689 691/691/691 692/692/692
f 691/691/691 689/689/689 693/693/693
f 693/693/693 694/694/694 695/695/695
f 694/694/694 696/696/696 697/697/697
f 697/697/697 698/698/698 699/699/699
f 699/699/699 698/698/698 700/700/700
f 700/700/700 701/701/701 699/699/699
f 702/702/702 701/701/701 700/700/700
f 701/701/701 702/702/702 703/703/703
f 705/705/705 704/704/704 706/706/706
f 708/708/708 707/707/707 709/709/709
f 707/707/707 710/710/710 711/711/711
f 712/712/712 711/711/711 713/713/713
f 714/714/714 712/712/712 713/713/713
f 716/716/716 715/715/715 717/717/717
f 719/719/719 718/718/718 720/720/720
f 722/722/722 721/721/721 723/723/723
f 725/725/725 724/724/724 726/726/726
f 728/728/728 727/727/727 729/729/729
f 731/731/731 730/730/730 732/732/732
f 734/734/734 733/733/733 735/735/735
f 737/737/737 736/736/736 738/738/738
f 740/740/740 739/739/739 741/741/741
f 743/743/743 742/742/742 744/744/744
f 746/746/746 745/745/745 747/747/747
f 747/747/747 748/748/748 749/749/749
f 748/748/748 750/750/750 751/751/751
f 751/751/751 752/752/752 748/748/748
f 753/753/753 752/752/752 751/751/751
f 755/755/755 754/754/754 751/751/751
f 754/754/754 756/756/756 752/752/752
f 757/757/757 750/750/750 758/758/758
f 759/759/759 757/757/757 758/758/758
f 756/756/756 760/760/760 761/761/761
f 762/762/762 760/760/760 756/756/756
f 764/764/764 763/763/763 754/754/754
f 763/763/763 764/764/764 765/765/765
f 765/765/765 766/766/766 763/763/763
f 767/767/767 764/764/764 768/768/768
f 767/767/767 768/768/768 769/769/769
f 771/771/771 770/770/770 769/769/769
f 770/770/770 772/772/772 769/769/769
f 772/772/772 770/770/770 773/773/773
f 773/773/773 774/774/774 772/772/772
f 775/775/775 774/774/774 773/773/773
f 777/777/777 776/776/776 767/767/767
f 776/776/776 777/777/777 778/778/778
f 779/779/779 776/776/776 780/780/780
f 780/780/780 781/781/781 779/779/779
f 783/783/783 782/782/782 779/779/779
f 783/783/783 784/784/784 782/782/782
f 785/785/785 784/784/784 783/783/783
f 785/785/785 786/786/786 784/784/784
f 786/786/786 787/787/787 784/784/784
f 786/786/786 788/788/788 787/787/787
f 788/788/788 789/789/789 787/787/787
f 790/790/790 767/767/767 791/791/791
f 791/791/791 792/792/792 790/790/790
f 792/792/792 793/793/793 790/790/790
f 794/794/794 793/793/793 792/792/792
f 793/793/793 794/794/794 795/795/795
f 795/795/795 794/794/794 796/796/796
f 798/798/798 797/797/797 790/790/790
f 797/797/797 798/798/798 799/799/799
f 801/801/801 800/800/800 798/798/798
f 802/802/802 800/800/800 801/801/801
f 800/800/800 802/802/802 803/803/803
f 805/805/805 804/804/804 806/806/806
f 808/808/808 807/807/807 805/805/805
f 807/807/807 808/808/808 809/809/809
f 811/811/811 810/810/810 812/812/812
f 813/813/813 810/810/810 814/814/814
f 814/814/814 815/815/815 813/813/813
f 816/816/816 810/810/810 817/817/817
f 816/816/816 817/817/817 818/818/818
f 818/818/818 819/819/819 816/816/816
f 820/820/820 819/819/819 821/821/821
f 821/821/821 819/819/819 822/822/822
f 820/820/820 823/823/823 819/819/819
f 824/824/824 823/823/823 820/820/820
f 826/826/826 825/825/825 823/823/823
f 826/826/826 827/827/827 825/825/825
f 822/822/822 828/828/828 829/829/829
f 830/830/830 828/828/828 822/822/822
f 832/832/832 831/831/831 819/819/819
f 832/832/832 833/833/833 831/831/831
f 833/833/833 834/834/834 831/831/831
f 833/833/833 835/835/835 834/834/834
f 835/835/835 836/836/836 834/834/834
f 838/838/838 837/837/837 828/828/828
f 840/840/840 839/839/839 838/838/838
f 841/841/841 837/837/837 842/842/842
f 843/843/843 837/837/837 841/841/841
f 845/845/845 844/844/844 846/846/846
f 848/848/848 847/847/847 849/849/849
f 849/849/849 850/850/850 851/851/851
f 853/853/853 852/852/852 854/854/854
f 856/856/856 855/855/855 857/857/857
f 859/859/859 858/858/858 860/860/860
f 862/862/862 861/861/861 863/863/863
f 865/865/865 864/864/864 866/866/866
f 868/868/868 867/867/867 869/869/869
f 870/870/870 869/869/869 871/871/871
f 870/870/870 872/872/872 869/869/869
f 873/873/873 872/872/872 870/870/870
f 875/875/875 874/874/874 876/876/876
f 876/876/876 877/877/877 878/878/878
f 879/879/879 877/877/877 880/880/880
f 881/881/881 877/877/877 879/879/879
f 883/883/883 882/882/882 884/884/884
f 886/886/886 885/885/885 887/887/887
f 886/886/886 888/888/888 889/889/889
f 889/889/889 888/888/888 890/890/890
f 891/891/891 888/888/888 892/892/892
f 893/893/893 891/891/891 892/892/892
f 892/892/892 894/894/894 893/893/893
f 894/894/894 895/895/895 893/893/893
f 893/893/893 896/896/896 897/897/897
f 896/896/896 898/898/898 897/897/897
f 899/899/899 886/886/886 900/900/900
f 900/900/900 901/901/901 899/899/899
f 901/901/901 902/902/902 899/899/899
f 903/903/903 899/899/899 902/902/902
f 904/904/904 903/903/903 902/902/902
f 905/905/905 904/904/904 902/902/902
f 907/907/907 906/906/906 908/908/908
f 910/910/910 909/909/909 911/911/911
f 913/913/913 912/912/912 914/914/914
f 916/916/916 915/915/915 917/917/917
f 919/919/919 918/918/918 916/916/916
f 919/919/919 916/916/916 920/920/920
f 922/922/922 921/921/921 919/919/919
f 923/923/923 922/922/922 919/919/919
f 925/925/925 924/924/924 926/926/926
f 928/928/928 927/927/927 929/929/929
f 931/931/931 930/930/930 932/932/932
f 933/933/933 931/931/931 934/934/934
f 935/935/935 933/933/933 936/936/936
f 937/937/937 935/935/935 936/936/936
f 938/938/938 935/935/935 939/939/939
f 938/938/938 939/939/939 940/940/940
f 941/941/941 938/938/938 940/940/940
f 940/940/940 942/942/942 941/941/941
f 944/944/944 943/943/943 945/945/945
f 943/943/943 946/946/946 947/947/947
f 948/948/948 946/946/946 943/943/943
f 949/949/949 948/948/948 943/943/943
f 950/950/950 949/949/949 951/951/951
f 953/953/953 952/952/952 954/954/954
f 955/955/955 952/952/952 956/956/956
f 957/957/957 955/955/955 956/956/956
f 952/952/952 955/955/955 958/958/958
f 958/958/958 959/959/959 960/960/960
f 962/962/962 961/961/961 963/963/963
f 965/965/965 964/964/964 966/966/966
f 968/968/968 967/967/967 969/969/969
f 971/971/971 970/970/970 968/968/968
f 970/970/970 972/972/972 968/968/968
f 972/972/972 970/970/970 973/973/973
f 972/972/972 973/973/973 974/974/974
f 975/975/975 972/972/972 974/974/974
f 977/977/977 976/976/976 975/975/975
f 978/978/978 977/977/977 975/975/975
f 980/980/980 979/979/979 981/981/981
f 983/983/983 982/982/982 984/984/984
f 986/986/986 985/985/985 983/983/983
f 987/987/987 986/986/986 983/983/983
f 989/989/989 988/988/988 990/990/990
f 991/991/991 989/989/989 992/992/992
f 993/993/993 991/991/991 994/994/994
f 994/994/994 995/995/995 996/996/996
f 995/995/995 997/997/997 996/996/996
f 996/996/996 993/993/993 998/998/998
f 998/998/998 999/999/999 1000/1000/1000
f 1001/1001/1001 993/993/993 1002/1002/1002
f 1003/1003/1003 1001/1001/1001 1004/1004/1004
f 1004/1004/1004 1005/1005/1005 1003/1003/1003
f 1002/1002/1002 1006/1006/1006 1007/1007/1007
f 1006/1006/1006 1008/1008/1008 1007/1007/1007
f 1008/1008/1008 1006/1006/1006 1009/1009/1009
f 1011/1011/1011 1010/1010/1010 1012/1012/1012
f 1014/1014/1014 1013/1013/1013 1011/1011/1011
f 1015/1015/1015 1014/1014/1014 1011/1011/1011
f 1017/1017/1017 1016/1016/1016 1018/1018/1018
f 1020/1020/1020 1019/1019/1019 1021/1021/1021
f 1023/1023/1023 1022/1022/1022 1024/1024/1024
f 1026/1026/1026 1025/1025/1025 1027/1027/1027
f 1029/1029/1029 1028/1028/1028 1030/1030/1030
f 1032/1032/1032 1031/1031/1031 1028/1028/1028
f 1032/1032/1032 1033/1033/1033 1031/1031/1031
f 1033/1033/1033 1034/1034/1034 1031/1031/1031
f 1034/1034/1034 1033/1033/1033 1035/1035/1035
f 1036/1036/1036 1032/1032/1032 1037/1037/1037
f 1037/1037/1037 1038/1038/1038 1039/1039/1039
f 1039/1039/1039 1038/1038/1038 1040/1040/1040
f 1041/1041/1041 1033/1033/1033 1042/1042/1042
f 1043/1043/1043 1041/1041/1041 1042/1042/1042
f 1044/1044/1044 1043/1043/1043 1042/1042/1042
f 1046/1046/1046 1045/1045/1045 1044/1044/1044
f 1048/1048/1048 1047/1047/1047 1036/1036/1036
f 1049/1049/1049 1048/1048/1048 1036/1036/1036
f 1048/1048/1048 1050/1050/1050 1047/1047/1047
f 1050/1050/1050 1051/1051/1051 1047/1047/1047
f 1052/1052/1052 1048/1048/1048 1049/1049/1049
f 1053/1053/1053 1052/1052/1052 1049/1049/1049
f 1055/1055/1055 1054/1054/1054 1052/1052/1052
f 1056/1056/1056 1055/1055/1055 1057/1057/1057
f 1052/1052/1052 1058/1058/1058 1059/1059/1059
f 1058/1058/1058 1060/1060/1060 1059/1059/1059
f 1060/1060/1060 1061/1061/1061 1062/1062/1062
f 1063/1063/1063 1061/1061/1061 1060/1060/1060
f 1065/1065/1065 1064/1064/1064 1066/1066/1066
f 1064/1064/1064 1067/1067/1067 1068/1068/1068
f 1068/1068/1068 1067/1067/1067 1069/1069/1069
f 1070/1070/1070 1067/1067/1067 1071/1071/1071
f 1067/1067/1067 1070/1070/1070 1072/1072/1072
f 1072/1072/1072 1073/1073/1073 1074/1074/1074
f 1073/1073/1073 1075/1075/1075 1076/1076/1076
f 1076/1076/1076 1077/1077/1077 1078/1078/1078
f 1077/1077/1077 1079/1079/1079 1078/1078/1078
f 1081/1081/1081 1080/1080/1080 1082/1082/1082
f 1081/1081/1081 1083/1083/1083 1084/1084/1084
f 1083/1083/1083 1085/1085/1085 1086/1086/1086
f 1083/1083/1083 1087/1087/1087 1085/1085/1085
f 1083/1083/1083 1088/1088/1088 1087/1087/1087
f 1090/1090/1090 1089/1089/1089 1084/1084/1084
f 1091/1091/1091 1081/1081/1081 1090/1090/1090
f 1092/1092/1092 1091/1091/1091 1090/1090/1090
f 1093/1093/1093 1091/1091/1091 1092/1092/1092
f 1094/1094/1094 1093/1093/1093 1092/1092/1092
f 1096/1096/1096 1095/1095/1095 1089/1089/1089
f 1095/1095/1095 1096/1096/1096 1097/1097/1097
f 1087/1087/1087 1098/1098/1098 1099/1099/1099
f 1087/1087/1087 1099/1099/1099 1100/1100/1100
f 1102/1102/1102 1101/1101/1101 1099/1099/1099
f 1099/1099/1099 1101/1101/1101 1103/1103/1103
f 1105/1105/1105 1104/1104/1104 1106/1106/1106
f 1107/1107/1107 1105/1105/1105 1108/1108/1108
f 1107/1107/1107 1108/1108/1108 1109/1109/1109
f 1107/1107/1107 1110/1110/1110 1111/1111/1111
f 1110/1110/1110 1107/1107/1107 1112/1112/1112
f 1113/1113/1113 1110/1110/1110 1112/1112/1112
f 1115/1115/1115 1114/1114/1114 1113/1113/1113
f 1117/1117/1117 1116/1116/1116 1118/1118/1118
f 1120/1120/1120 1119/1119/1119 1121/1121/1121
f 1123/1123/1123 1122/1122/1122 1121/1121/1121
f 1124/1124/1124 1122/1122/1122 1123/1123/1123
f 1126/1126/1126 1125/1125/1125 1127/1127/1127
f 1129/1129/1129 1128/1128/1128 1130/1130/1130
f 1132/1132/1132 1131/1131/1131 1133/1133/1133
f 1135/1135/1135 1134/1134/1134 1136/1136/1136
f 1138/1138/1138 1137/1137/1137 1136/1136/1136
f 1138/1138/1138 1139/1139/1139 1137/1137/1137
f 1141/1141/1141 1140/1140/1140 1142/1142/1142
f 1144/1144/1144 1143/1143/1143 1145/1145/1145
f 1143/1143/1143 1146/1146/1146 1147/1147/1147
f 1143/1143/1143 1147/1147/1147 1148/1148/1148
f 1143/1143/1143 1149/1149/1149 1150/1150/1150
f 1149/1149/1149 1151/1151/1151 1150/1150/1150
f 1151/1151/1151 1152/1152/1152 1153/1153/1153
f 1153/1153/1153 1152/1152/1152 1154/1154/1154
f 1154/1154/1154 1155/1155/1155 1153/1153/1153
f 1156/1156/1156 1155/1155/1155 1154/1154/1154
f 1158/1158/1158 1157/1157/1157 1153/1153/1153
f 1159/1159/1159 1157/1157/1157 1158/1158/1158
f 1160/1160/1160 1159/1159/1159 1158/1158/1158
f 1161/1161/1161 1159/1159/1159 1162/1162/1162
f 1162/1162/1162 1163/1163/1163 1161/1161/1161
f 1164/1164/1164 1163/1163/1163 1160/1160/1160
f 1165/1165/1165 1164/1164/1164 1160/1160/1160
f 1166/1166/1166 1164/1164/1164 1165/1165/1165
f 1167/1167/1167 1166/1166/1166 1165/1165/1165
f 1168/1168/1168 1166/1166/1166 1167/1167/1167
f 1170/1170/1170 1169/1169/1169 1171/1171/1171
f 1172/1172/1172 1170/1170/1170 1173/1173/1173
f 1175/1175/1175 1174/1174/1174 1172/1172/1172
f 1175/1175/1175 1176/1176/1176 1177/1177/1177
f 1176/1176/1176 1178/1178/1178 1177/1177/1177
f 1178/1178/1178 1176/1176/1176 1179/1179/1179
f 1179/1179/1179 1176/1176/1176 1180/1180/1180
f 1180/1180/1180 1181/1181/1181 1179/1179/1179
f 1182/1182/1182 1181/1181/1181 1180/1180/1180
f 1184/1184/1184 1183/1183/1183 1185/1185/1185
f 1183/1183/1183 1186/1186/1186 1187/1187/1187
f 1186/1186/1186 1188/1188/1188 1187/1187/1187
f 1188/1188/1188 1189/1189/1189 1190/1190/1190
f 1190/1190/1190 1189/1189/1189 1191/1191/1191
f 1191/1191/1191 1192/1192/1192 1190/1190/1190
f 1193/1193/1193 1192/1192/1192 1191/1191/1191
f 1195/1195/1195 1194/1194/1194 1196/1196/1196
f 1197/1197/1197 1195/1195/1195 1198/1198/1198
f 1199/1199/1199 1197/1197/1197 1198/1198/1198
f 1201/1201/1201 1200/1200/1200 1202/1202/1202
f 1204/1204/1204 1203/1203/1203 1205/1205/1205
f 1207/1207/1207 1206/1206/1206 1208/1208/1208
f 1210/1210/1210 1209/1209/1209 1211/1211/1211
f 1213/1213/1213 1212/1212/1212 1214/1214/1214
f 1214/1214/1214 1215/1215/1215 1216/1216/1216
f 1216/1216/1216 1217/1217/1217 1214/1214/1214
f 1218/1218/1218 1217/1217/1217 1216/1216/1216
f 1217/1217/1217 1218/1218/1218 1219/1219/1219
f 1219/1219/1219 1220/1220/1220 1221/1221/1221
f 1220/1220/1220 1222/1222/1222 1221/1221/1221
f 1221/1221/1221 1222/1222/1222 1223/1223/1223
f 1222/1222/1222 1220/1220/1220 1224/1224/1224
f 1224/1224/1224 1220/1220/1220 1225/1225/1225
f 1225/1225/1225 1226/1226/1226 1224/1224/1224
f 1228/1228/1228 1227/1227/1227 1229/1229/1229
f 1229/1229/1229 1227/1227/1227 1230/1230/1230
f 1232/1232/1232 1231/1231/1231 1233/1233/1233
f 1232/1232/1232 1233/1233/1233 1234/1234/1234
f 1236/1236/1236 1235/1235/1235 1237/1237/1237
f 1238/1238/1238 1235/1235/1235 1236/1236/1236
f 1240/1240/1240 1239/1239/1239 1241/1241/1241
f 1242/1242/1242 1240/1240/1240 1241/1241/1241
f 1241/1241/1241 1243/1243/1243 1242/1242/1242
f 1243/1243/1243 1244/1244/1244 1242/1242/1242
f 1243/1243/1243 1245/1245/1245 1244/1244/1244
f 1245/1245/1245 1246/1246/1246 1244/1244/1244
f 1248/1248/1248 1247/1247/1247 1249/1249/1249
f 1250/1250/1250 1248/1248/1248 1249/1249/1249
f 1252/1252/1252 1251/1251/1251 1253/1253/1253
f 1251/1251/1251 1254/1254/1254 1253/1253/1253
f 1251/1251/1251 1255/1255/1255 1254/1254/1254
f 1255/1255/1255 1256/1256/1256 1254/1254/1254
f 1255/1255/1255 1257/1257/1257 1256/1256/1256
f 1257/1257/1257 1258/1258/1258 1256/1256/1256
f 1260/1260/1260 1259/1259/1259 1261/1261/1261
f 1262/1262/1262 1260/1260/1260 1261/1261/1261
f 1264/1264/1264 1263/1263/1263 1265/1265/1265
f 1266/1266/1266 1264/1264/1264 1265/1265/1265
f 1268/1268/1268 1267/1267/1267 1269/1269/1269
f 1270/1270/1270 1268/1268/1268 1269/1269/1269
f 1272/1272/1272 1271/1271/1271 1273/1273/1273
f 1271/1271/1271 1272/1272/1272 1274/1274/1274
f 1276/1276/1276 1275/1275/1275 1277/1277/1277
f 1278/1278/1278 1275/1275/1275 1276/1276/1276
f 1280/1280/1280 1279/1279/1279 1281/1281/1281
f 1279/1279/1279 1282/1282/1282 1281/1281/1281
f 1279/1279/1279 1283/1283/1283 1282/1282/1282
f 1283/1283/1283 1284/1284/1284 1282/1282/1282
f 1283/1283/1283 1285/1285/1285 1284/1284/1284
f 1285/1285/1285 1286/1286/1286 1284/1284/1284
f 1288/1288/1288 1287/1287/1287 1289/1289/1289
f 1290/1290/1290 1288/1288/1288 1289/1289/1289
f 1289/1289/1289 1291/1291/1291 1290/1290/1290
f 1291/1291/1291 1292/1292/1292 1290/1290/1290
f 1291/1291/1291 1293/1293/1293 1292/1292/1292
f 1293/1293/1293 1294/1294/1294 1292/1292/1292
f 1296/1296/1296 1295/1295/1295 1297/1297/1297
f 1298/1298/1298 1296/1296/1296 1297/1297/1297
f 1299/1299/1299 1296/1296/1296 1298/1298/1298
f 1299/1299/1299 1300/1300/1300 1296/1296/1296
f 1300/1300/1300 1301/1301/1301 1296/1296/1296
f 1300/1300/1300 1302/1302/1302 1301/1301/1301
f 1302/1302/1302 1303/1303/1303 1301/1301/1301
f 1305/1305/1305 1304/1304/1304 1306/1306/1306
f 1304/1304/1304 1305/1305/1305 1307/1307/1307
f 1308/1308/1308 1304/1304/1304 1307/1307/1307
f 1308/1308/1308 1309/1309/1309 1304/1304/1304
f 1309/1309/1309 1310/1310/1310 1304/1304/1304
f 1309/1309/1309 1311/1311/1311 1310/1310/1310
f 1311/1311/1311 1312/1312/1312 1310/1310/1310
f 1314/1314/1314 1313/1313/1313 1315/1315/1315
f 1315/1315/1315 1313/1313/1313 1316/1316/1316
f 1316/1316/1316 1317/1317/1317 1315/1315/1315
f 1317/1317/1317 1318/1318/1318 1315/1315/1315
f 1317/1317/1317 1319/1319/1319 1318/1318/1318
f 1319/1319/1319 1320/1320/1320 1318/1318/1318
f 1322/1322/1322 1321/1321/1321 1323/1323/1323
f 1322/1322/1322 1323/1323/1323 1324/1324/1324
f 1326/1326/1326 1325/1325/1325 1327/1327/1327
f 1328/1328/1328 1325/1325/1325 1326/1326/1326
f 1328/1328/1328 1329/1329/1329 1325/1325/1325
f 1329/1329/1329 1330/1330/1330 1325/1325/1325
f 1329/1329/1329 1331/1331/1331 1330/1330/1330
f 1331/1331/1331 1332/1332/1332 1330/1330/1330
f 1334/1334/1334 1333/1333/1333 1335/1335/1335
f 1333/1333/1333 1336/1336/1336 1335/1335/1335
f 1333/1333/1333 1337/1337/1337 1336/1336/1336
f 1337/1337/1337 1338/1338/1338 1336/1336/1336
f 1337/1337/1337 1339/1339/1339 1338/1338/1338
f 1339/1339/1339 1340/1340/1340 1338/1338/1338
f 1342/1342/1342 1341/1341/1341 1343/1343/1343
f 1344/1344/1344 1341/1341/1341 1342/1342/1342
f 1344/1344/1344 1345/1345/1345 1341/1341/1341
f 1345/1345/1345 1346/1346/1346 1341/1341/1341
f 1345/1345/1345 1347/1347/1347 1346/1346/1346
f 1347/1347/1347 1348/1348/1348 1346/1346/1346
f 1350/1350/1350 1349/1349/1349 1351/1351/1351
f 1349/1349/1349 1352/1352/1352 1351/1351/1351
f 1349/1349/1349 1353/1353/1353 1352/1352/1352
f 1353/1353/1353 1354/1354/1354 1352/1352/1352
f 1353/1353/1353 1355/1355/1355 1354/1354/1354
f 1355/1355/1355 1356/1356/1356 1354/1354/1354
f 1358/1358/1358 1357/1357/1357 1359/1359/1359
f 1360/1360/1360 1357/1357/1357 1358/1358/1358
f 1360/1360/1360 1361/1361/1361 1362/1362/1362
f 1361/1361/1361 1363/1363/1363 1362/1362/1362
f 1361/1361/1361 1364/1364/1364 1363/1363/1363
f 1364/1364/1364 1365/1365/1365 1363/1363/1363
f 1367/1367/1367 1366/1366/1366 1368/1368/1368
f 1369/1369/1369 1367/1367/1367 1368/1368/1368
f 1371/1371/1371 1370/1370/1370 1369/1369/1369
f 1372/1372/1372 1371/1371/1371 1369/1369/1369
f 1374/1374/1374 1373/1373/1373 1375/1375/1375
f 1376/1376/1376 1373/1373/1373 1374/1374/1374
f 1377/1377/1377 1373/1373/1373 1376/1376/1376
f 1377/1377/1377 1376/1376/1376 1378/1378/1378
f 1379/1379/1379 1377/1377/1377 1378/1378/1378
f 1379/1379/1379 1378/1378/1378 1380/1380/1380
f 1381/1381/1381 1379/1379/1379 1380/1380/1380
f 1382/1382/1382 1381/1381/1381 1383/1383/1383
f 1384/1384/1384 1381/1381/1381 1382/1382/1382
f 1381/1381/1381 1385/1385/1385 1386/1386/1386
f 1386/1386/1386 1385/1385/1385 1387/1387/1387
f 1385/1385/1385 1388/1388/1388 1387/1387/1387
f 1387/1387/1387 1388/1388/1388 1389/1389/1389
f 1388/1388/1388 1390/1390/1390 1389/1389/1389
f 1390/1390/1390 1391/1391/1391 1389/1389/1389
f 1393/1393/1393 1392/1392/1392 1394/1394/1394
f 1394/1394/1394 1392/1392/1392 1395/1395/1395
f 1395/1395/1395 1396/1396/1396 1394/1394/1394
f 1395/1395/1395 1397/1397/1397 1396/1396/1396
f 1397/1397/1397 1398/1398/1398 1396/1396/1396
f 1400/1400/1400 1399/1399/1399 1401/1401/1401
f 1402/1402/1402 1400/1400/1400 1401/1401/1401
f 1401/1401/1401 1403/1403/1403 1402/1402/1402
f 1403/1403/1403 1404/1404/1404 1402/1402/1402
f 1403/1403/1403 1405/1405/1405 1404/1404/1404
f 1405/1405/1405 1406/1406/1406 1404/1404/1404
f 1408/1408/1408 1407/1407/1407 1409/1409/1409
f 1407/1407/1407 1410/1410/1410 1409/1409/1409
f 1411/1411/1411 1410/1410/1410 1407/1407/1407
f 1413/1413/1413 1412/1412/1412 1414/1414/1414
f 1415/1415/1415 1412/1412/1412 1413/1413/1413
f 1417/1417/1417 1416/1416/1416 1418/1418/1418
f 1419/1419/1419 1417/1417/1417 1418/1418/1418
f 1421/1421/1421 1420/1420/1420 1422/1422/1422
f 1421/1421/1421 1422/1422/1422 1423/1423/1423
f 1425/1425/1425 1424/1424/1424 1426/1426/1426
f 1424/1424/1424 1425/1425/1425 1427/1427/1427
f 1429/1429/1429 1428/1428/1428 1430/1430/1430
f 1431/1431/1431 1428/1428/1428 1429/1429/1429
f 1431/1431/1431 1432/1432/1432 1433/1433/1433
f 1432/1432/1432 1434/1434/1434 1433/1433/1433
f 1436/1436/1436 1435/1435/1435 1437/1437/1437
f 1435/1435/1435 1438/1438/1438 1437/1437/1437
f 1435/1435/1435 1439/1439/1439 1438/1438/1438
f 1439/1439/1439 1440/1440/1440 1438/1438/1438
f 1439/1439/1439 1441/1441/1441 1440/1440/1440
f 1441/1441/1441 1442/1442/1442 1440/1440/1440
f 1444/1444/1444 1443/1443/1443 1445/1445/1445
f 1446/1446/1446 1443/1443/1443 1444/1444/1444
f 1446/1446/1446 1447/1447/1447 1443/1443/1443
f 1447/1447/1447 1448/1448/1448 1443/1443/1443
f 1447/1447/1447 1449/1449/1449 1448/1448/1448
f 1449/1449/1449 1450/1450/1450 1448/1448/1448
f 1452/1452/1452 1451/1451/1451 1453/1453/1453
f 1451/1451/1451 1454/1454/1454 1453/1453/1453
f 1451/1451/1451 1455/1455/1455 1454/1454/1454
f 1455/1455/1455 1456/1456/1456 1454/1454/1454
f 1455/1455/1455 1457/1457/1457 1456/1456/1456
f 1457/1457/1457 1458/1458/1458 1456/1456/1456
f 1460/1460/1460 1459/1459/1459 1461/1461/1461
f 1462/1462/1462 1459/1459/1459 1460/1460/1460
f 1462/1462/1462 1463/1463/1463 1459/1459/1459
f 1463/1463/1463 1464/1464/1464 1459/1459/1459
f 1463/1463/1463 1465/1465/1465 1464/1464/1464
f 1465/1465/1465 1466/1466/1466 1464/1464/1464
f 1468/1468/1468 1467/1467/1467 1469/1469/1469
f 1467/1467/1467 1470/1470/1470 1469/1469/1469
f 1467/1467/1467 1471/1471/1471 1470/1470/1470
f 1471/1471/1471 1472/1472/1472 1470/1470/1470
f 1471/1471/1471 1473/1473/1473 1472/1472/1472
f 1473/1473/1473 1474/1474/1474 1472/1472/1472
f 1476/1476/1476 1475/1475/1475 1477/1477/1477
f 1476/1476/1476 1478/1478/1478 1475/1475/1475
f 1478/1478/1478 1479/1479/1479 1475/1475/1475
f 1478/1478/1478 1480/1480/1480 1479/1479/1479
f 1480/1480/1480 1481/1481/1481 1479/1479/1479
f 1482/1482/1482 1476/1476/1476 1483/1483/1483
f 1482/1482/1482 1483/1483/1483 1484/1484/1484
f 1484/1484/1484 1483/1483/1483 1485/1485/1485
f 1484/1484/1484 1485/1485/1485 1486/1486/1486
f 1485/1485/1485 1487/1487/1487 1486/1486/1486
f 1487/1487/1487 1488/1488/1488 1486/1486/1486
f 1488/1488/1488 1487/1487/1487 1489/1489/1489
f 1490/1490/1490 1488/1488/1488 1489/1489/1489
f 1492/1492/1492 1491/1491/1491 1493/1493/1493
f 1494/1494/1494 1492/1492/1492 1493/1493/1493
f 1496/1496/1496 1495/1495/1495 1497/1497/1497
f 1498/1498/1498 1496/1496/1496 1497/1497/1497
f 1500/1500/1500 1499/1499/1499 1501/1501/1501
f 1502/1502/1502 1500/1500/1500 1501/1501/1501
f 1504/1504/1504 1503/1503/1503 1505/1505/1505
f 1506/1506/1506 1504/1504/1504 1505/1505/1505
f 1506/1506/1506 1505/1505/1505 1507/1507/1507
f 1508/1508/1508 1506/1506/1506 1507/1507/1507
f 1508/1508/1508 1507/1507/1507 1509/1509/1509
f 1510/1510/1510 1508/1508/1508 1509/1509/1509
f 1510/1510/1510 1509/1509/1509 1511/1511/1511
f 1513/1513/1513 1512/1512/1512 1514/1514/1514
f 1515/1515/1515 1513/1513/1513 1514/1514/1514
f 1517/1517/1517 1516/1516/1516 1518/1518/1518
f 1519/1519/1519 1517/1517/1517 1518/1518/1518
f 1521/1521/1521 1520/1520/1520 1522/1522/1522
f 1523/1523/1523 1521/1521/1521 1522/1522/1522
f 1525/1525/1525 1524/1524/1524 1526/1526/1526
f 1527/1527/1527 1525/1525/1525 1526/1526/1526
f 1529/1529/1529 1528/1528/1528 1530/1530/1530
f 1531/1531/1531 1529/1529/1529 1530/1530/1530
f 1533/1533/1533 1532/1532/1532 1534/1534/1534
f 1535/1535/1535 1533/1533/1533 1534/1534/1534
f 1537/1537/1537 1536/1536/1536 1538/1538/1538
f 1539/1539/1539 1537/1537/1537 1538/1538/1538
f 1541/1541/1541 1540/1540/1540 1542/1542/1542
f 1543/1543/1543 1541/1541/1541 1542/1542/1542
f 1545/1545/1545 1544/1544/1544 1546/1546/1546
f 1547/1547/1547 1545/1545/1545 1546/1546/1546
f 1549/1549/1549 1548/1548/1548 1550/1550/1550
f 1551/1551/1551 1549/1549/1549 1550/1550/1550
f 1553/1553/1553 1552/1552/1552 1554/1554/1554
f 1555/1555/1555 1553/1553/1553 1554/1554/1554
f 1557/1557/1557 1556/1556/1556 1558/1558/1558
f 1559/1559/1559 1557/1557/1557 1558/1558/1558
f 1561/1561/1561 1560/1560/1560 1562/1562/1562
f 1563/1563/1563 1561/1561/1561 1562/1562/1562
f 1565/1565/1565 1564/1564/1564 1566/1566/1566
f 1567/1567/1567 1565/1565/1565 1566/1566/1566
f 1569/1569/1569 1568/1568/1568 1570/1570/1570
f 1571/1571/1571 1569/1569/1569 1570/1570/1570
f 1573/1573/1573 1572/1572/1572 1574/1574/1574
f 1575/1575/1575 1573/1573/1573 1574/1574/1574
f 1577/1577/1577 1576/1576/1576 1578/1578/1578
f 1579/1579/1579 1577/1577/1577 1578/1578/1578
f 1581/1581/1581 1580/1580/1580 1582/1582/1582
f 1583/1583/1583 1581/1581/1581 1582/1582/1582
f 1585/1585/1585 1584/1584/1584 1586/1586/1586
f 1587/1587/1587 1585/1585/1585 1586/1586/1586
f 1589/1589/1589 1588/1588/1588 1590/1590/1590
f 1588/1588/1588 1591/1591/1591 1590/1590/1590
f 1593/1593/1593 1592/1592/1592 1594/1594/1594
f 1593/1593/1593 1594/1594/1594 1595/1595/1595
f 1596/1596/1596 1595/1595/1595 1597/1597/1597
f 1595/1595/1595 1598/1598/1598 1597/1597/1597
f 1600/1600/1600 1599/1599/1599 1598/1598/1598
f 1599/1599/1599 1601/1601/1601 1598/1598/1598
f 1601/1601/1601 1602/1602/1602 1603/1603/1603
f 1604/1604/1604 1601/1601/1601 1603/1603/1603
f 1603/1603/1603 1605/1605/1605 1604/1604/1604
f 1605/1605/1605 1606/1606/1606 1604/1604/1604
f 1606/1606/1606 1605/1605/1605 1607/1607/1607
f 1608/1608/1608 1606/1606/1606 1607/1607/1607
f 1608/1608/1608 1609/1609/1609 1610/1610/1610
f 1609/1609/1609 1611/1611/1611 1612/1612/1612
f 1612/1612/1612 1611/1611/1611 1613/1613/1613
f 1609/1609/1609 1614/1614/1614 1611/1611/1611
f 1609/1609/1609 1615/1615/1615 1614/1614/1614
f 1615/1615/1615 1616/1616/1616 1614/1614/1614
f 1618/1618/1618 1617/1617/1617 1619/1619/1619
f 1618/1618/1618 1619/1619/1619 1620/1620/1620
f 1622/1622/1622 1621/1621/1621 1623/1623/1623
f 1623/1623/1623 1621/1621/1621 1624/1624/1624
f 1626/1626/1626 1625/1625/1625 1627/1627/1627
f 1627/1627/1627 1625/1625/1625 1628/1628/1628
f 1630/1630/1630 1629/1629/1629 1631/1631/1631
f 1630/1630/1630 1632/1632/1632 1629/1629/1629
f 1632/1632/1632 1630/1630/1630 1633/1633/1633
f 1634/1634/1634 1632/1632/1632 1633/1633/1633
f 1630/1630/1630 1635/1635/1635 1636/1636/1636
f 1636/1636/1636 1635/1635/1635 1637/1637/1637
f 1638/1638/1638 1636/1636/1636 1637/1637/1637
f 1638/1638/1638 1637/1637/1637 1639/1639/1639
f 1639/1639/1639 1637/1637/1637 1640/1640/1640
f 1639/1639/1639 1640/1640/1640 1641/1641/1641
f 1634/1634/1634 1642/1642/1642 1643/1643/1643
f 1642/1642/1642 1644/1644/1644 1643/1643/1643
f 1645/1645/1645 1642/1642/1642 1634/1634/1634
f 1645/1645/1645 1646/1646/1646 1642/1642/1642
f 1646/1646/1646 1647/1647/1647 1642/1642/1642
f 1642/1642/1642 1647/1647/1647 1648/1648/1648
f 1647/1647/1647 1649/1649/1649 1648/1648/1648
f 1649/1649/1649 1650/1650/1650 1648/1648/1648
f 1648/1648/1648 1650/1650/1650 1651/1651/1651
f 1650/1650/1650 1652/1652/1652 1651/1651/1651
f 1652/1652/1652 1653/1653/1653 1651/1651/1651
f 1651/1651/1651 1653/1653/1653 1654/1654/1654
f 1653/1653/1653 1655/1655/1655 1654/1654/1654
f 1655/1655/1655 1656/1656/1656 1654/1654/1654
f 1654/1654/1654 1656/1656/1656 1657/1657/1657
f 1656/1656/1656 1658/1658/1658 1657/1657/1657
f 1658/1658/1658 1659/1659/1659 1657/1657/1657
f 1657/1657/1657 1659/1659/1659 1660/1660/1660
f 1659/1659/1659 1661/1661/1661 1660/1660/1660
f 1661/1661/1661 1662/1662/1662 1660/1660/1660
f 1660/1660/1660 1662/1662/1662 1663/1663/1663
f 1662/1662/1662 1664/1664/1664 1663/1663/1663
f 1664/1664/1664 1665/1665/1665 1663/1663/1663
f 1663/1663/1663 1665/1665/1665 1666/1666/1666
f 1665/1665/1665 1667/1667/1667 1666/1666/1666
f 1667/1667/1667 1668/1668/1668 1666/1666/1666
f 1666/1666/1666 1668/1668/1668 1669/1669/1669
f 1668/1668/1668 1670/1670/1670 1669/1669/1669
f 1670/1670/1670 1671/1671/1671 1669/1669/1669
f 1669/1669/1669 1671/1671/1671 1672/1672/1672
f 1671/1671/1671 1673/1673/1673 1672/1672/1672
f 1673/1673/1673 1674/1674/1674 1672/1672/1672
f 1672/1672/1672 1674/1674/1674 1675/1675/1675
f 1674/1674/1674 1676/1676/1676 1675/1675/1675
f 1676/1676/1676 1677/1677/1677 1675/1675/1675
f 1675/1675/1675 1677/1677/1677 1678/1678/1678
f 1677/1677/1677 1679/1679/1679 1678/1678/1678
f 1678/1678/1678 1679/1679/1679 1680/1680/1680
f 1679/1679/1679 1681/1681/1681 1680/1680/1680
f 1680/1680/1680 1681/1681/1681 1682/1682/1682
f 1683/1683/1683 1680/1680/1680 1682/1682/1682
f 1683/1683/1683 1682/1682/1682 1684/1684/1684
f 1685/1685/1685 1683/1683/1683 1684/1684/1684
f 1687/1687/1687 1686/1686/1686 1685/1685/1685
f 1688/1688/1688 1687/1687/1687 1685/1685/1685
f 1689/1689/1689 1687/1687/1687 1688/1688/1688
f 1689/1689/1689 1690/1690/1690 1691/1691/1691
f 1690/1690/1690 1689/1689/1689 1692/1692/1692
f 1693/1693/1693 1690/1690/1690 1692/1692/1692
f 1695/1695/1695 1694/1694/1694 1693/1693/1693
f 1696/1696/1696 1695/1695/1695 1693/1693/1693
f 1697/1697/1697 1695/1695/1695 1696/1696/1696
f 1697/1697/1697 1698/1698/1698 1695/1695/1695
f 1698/1698/1698 1697/1697/1697 1699/1699/1699
f 1700/1700/1700 1698/1698/1698 1699/1699/1699
f 1701/1701/1701 1698/1698/1698 1700/1700/1700
f 1702/1702/1702 1701/1701/1701 1700/1700/1700
f 1703/1703/1703 1701/1701/1701 1702/1702/1702
f 1703/1703/1703 1704/1704/1704 1701/1701/1701
f 1704/1704/1704 1703/1703/1703 1705/1705/1705
f 1706/1706/1706 1704/1704/1704 1705/1705/1705
f 1707/1707/1707 1704/1704/1704 1706/1706/1706
f 1708/1708/1708 1707/1707/1707 1706/1706/1706
f 1709/1709/1709 1707/1707/1707 1708/1708/1708
f 1710/1710/1710 1707/1707/1707 1709/1709/1709
f 1711/1711/1711 1710/1710/1710 1709/1709/1709
f 1712/1712/1712 1710/1710/1710 1711/1711/1711
f 1710/1710/1710 1712/1712/1712 1713/1713/1713
f 1714/1714/1714 1710/1710/1710 1713/1713/1713
f 1715/1715/1715 1710/1710/1710 1714/1714/1714
f 1717/1717/1717 1716/1716/1716 1718/1718/1718
f 1717/1717/1717 1718/1718/1718 1719/1719/1719
f 1721/1721/1721 1720/1720/1720 1722/1722/1722
f 1723/1723/1723 1721/1721/1721 1722/1722/1722
f 1725/1725/1725 1724/1724/1724 1726/1726/1726
f 1725/1725/1725 1726/1726/1726 1727/1727/1727
f 1727/1727/1727 1726/1726/1726 1728/1728/1728
f 1730/1730/1730 1729/1729/1729 1731/1731/1731
f 1730/1730/1730 1732/1732/1732 1729/1729/1729
f 1732/1732/1732 1733/1733/1733 1729/1729/1729
f 1733/1733/1733 1732/1732/1732 1734/1734/1734
f 1734/1734/1734 1732/1732/1732 1735/1735/1735
f 1734/1734/1734 1735/1735/1735 1736/1736/1736
f 1737/1737/1737 1734/1734/1734 1736/1736/1736
f 1737/1737/1737 1736/1736/1736 1738/1738/1738
f 1738/1738/1738 1736/1736/1736 1739/1739/1739
f 1739/1739/1739 1736/1736/1736 1740/1740/1740
f 1742/1742/1742 1741/1741/1741 1743/1743/1743
f 1743/1743/1743 1744/1744/1744 1742/1742/1742
f 1744/1744/1744 1745/1745/1745 1742/1742/1742
f 1745/1745/1745 1744/1744/1744 1746/1746/1746
f 1747/1747/1747 1742/1742/1742 1748/1748/1748
f 1747/1747/1747 1748/1748/1748 1749/1749/1749
f 1749/1749/1749 1748/1748/1748 1750/1750/1750
f 1749/1749/1749 1750/1750/1750 1751/1751/1751
f 1751/1751/1751 1750/1750/1750 1752/1752/1752
f 1754/1754/1754 1753/1753/1753 1755/1755/1755
f 1755/1755/1755 1756/1756/1756 1754/1754/1754
f 1756/1756/1756 1757/1757/1757 1754/1754/1754
f 1757/1757/1757 1758/1758/1758 1759/1759/1759
f 1757/1757/1757 1759/1759/1759 1760/1760/1760
f 1761/1761/1761 1757/1757/1757 1760/1760/1760
f 1761/1761/1761 1760/1760/1760 1762/1762/1762
f 1764/1764/1764 1763/1763/1763 1762/1762/1762
f 1764/1764/1764 1765/1765/1765 1766/1766/1766
f 1767/1767/1767 1764/1764/1764 1766/1766/1766
f 1769/1769/1769 1768/1768/1768 1754/1754/1754
f 1770/1770/1770 1768/1768/1768 1769/1769/1769
f 1770/1770/1770 1769/1769/1769 1771/1771/1771
f 1773/1773/1773 1772/1772/1772 1774/1774/1774
f 1772/1772/1772 1775/1775/1775 1774/1774/1774
f 1775/1775/1775 1776/1776/1776 1774/1774/1774
f 1776/1776/1776 1775/1775/1775 1777/1777/1777
f 1778/1778/1778 1776/1776/1776 1777/1777/1777
f 1779/1779/1779 1778/1778/1778 1780/1780/1780
f 1778/1778/1778 1781/1781/1781 1780/1780/1780
f 1783/1783/1783 1782/1782/1782 1781/1781/1781
f 1784/1784/1784 1781/1781/1781 1782/1782/1782
f 1782/1782/1782 1785/1785/1785 1784/1784/1784
f 1785/1785/1785 1786/1786/1786 1784/1784/1784
f 1786/1786/1786 1785/1785/1785 1787/1787/1787
f 1789/1789/1789 1788/1788/1788 1790/1790/1790
f 1788/1788/1788 1791/1791/1791 1790/1790/1790
f 1788/1788/1788 1792/1792/1792 1791/1791/1791
f 1792/1792/1792 1793/1793/1793 1791/1791/1791
f 1795/1795/1795 1794/1794/1794 1796/1796/1796
f 1797/1797/1797 1795/1795/1795 1796/1796/1796
f 1799/1799/1799 1798/1798/1798 1800/1800/1800
f 1801/1801/1801 1799/1799/1799 1800/1800/1800
f 1803/1803/1803 1802/1802/1802 1804/1804/1804
f 1805/1805/1805 1803/1803/1803 1804/1804/1804
f 1807/1807/1807 1806/1806/1806 1808/1808/1808
f 1809/1809/1809 1807/1807/1807 1808/1808/1808
f 1811/1811/1811 1810/1810/1810 1812/1812/1812
f 1813/1813/1813 1811/1811/1811 1812/1812/1812
f 1815/1815/1815 1814/1814/1814 1816/1816/1816
f 1815/1815/1815 1816/1816/1816 1817/1817/1817
f 1819/1819/1819 1818/1818/1818 1820/1820/1820
f 1821/1821/1821 1818/1818/1818 1819/1819/1819
f 1823/1823/1823 1822/1822/1822 1824/1824/1824
f 1825/1825/1825 1822/1822/1822 1823/1823/1823
f 1822/1822/1822 1826/1826/1826 1827/1827/1827
f 1827/1827/1827 1826/1826/1826 1828/1828/1828
f 1828/1828/1828 1829/1829/1829 1830/1830/1830
f 1830/1830/1830 1829/1829/1829 1831/1831/1831
f 1833/1833/1833 1832/1832/1832 1829/1829/1829
f 1834/1834/1834 1832/1832/1832 1833/1833/1833
f 1836/1836/1836 1835/1835/1835 1834/1834/1834
f 1837/1837/1837 1835/1835/1835 1836/1836/1836
f 1839/1839/1839 1838/1838/1838 1840/1840/1840
f 1841/1841/1841 1838/1838/1838 1839/1839/1839
f 1843/1843/1843 1842/1842/1842 1844/1844/1844
f 1842/1842/1842 1843/1843/1843 1845/1845/1845
f 1847/1847/1847 1846/1846/1846 1843/1843/1843
f 1848/1848/1848 1846/1846/1846 1847/1847/1847
f 1850/1850/1850 1849/1849/1849 1851/1851/1851
f 1852/1852/1852 1849/1849/1849 1850/1850/1850
f 1854/1854/1854 1853/1853/1853 1855/1855/1855
f 1856/1856/1856 1854/1854/1854 1855/1855/1855
f 1858/1858/1858 1857/1857/1857 1859/1859/1859
f 1860/1860/1860 1857/1857/1857 1858/1858/1858
f 1860/1860/1860 1861/1861/1861 1857/1857/1857
f 1862/1862/1862 1861/1861/1861 1860/1860/1860
f 1864/1864/1864 1863/1863/1863 1865/1865/1865
f 1866/1866/1866 1863/1863/1863 1864/1864/1864
f 1868/1868/1868 1867/1867/1867 1869/1869/1869
f 1870/1870/1870 1867/1867/1867 1868/1868/1868
f 1872/1872/1872 1871/1871/1871 1873/1873/1873
f 1874/1874/1874 1872/1872/1872 1873/1873/1873
f 1876/1876/1876 1875/1875/1875 1877/1877/1877
f 1878/1878/1878 1875/1875/1875 1876/1876/1876
f 1879/1879/1879 1878/1878/1878 1876/1876/1876
f 1879/1879/1879 1876/1876/1876 1880/1880/1880
f 1881/1881/1881 1879/1879/1879 1880/1880/1880
f 1645/1645/1645 1882/1882/1882 1883/1883/1883
f 1883/1883/1883 1646/1646/1646 1645/1645/1645
f 1646/1646/1646 1883/1883/1883 1884/1884/1884
f 1886/1886/1886 1885/1885/1885 1887/1887/1887
f 1888/1888/1888 1886/1886/1886 1887/1887/1887
f 1890/1890/1890 1889/1889/1889 1891/1891/1891
f 1892/1892/1892 1890/1890/1890 1891/1891/1891
f 1894/1894/1894 1893/1893/1893 1895/1895/1895
f 1896/1896/1896 1894/1894/1894 1895/1895/1895
f 1898/1898/1898 1897/1897/1897 1899/1899/1899
f 1900/1900/1900 1898/1898/1898 1899/1899/1899
f 1902/1902/1902 1901/1901/1901 1903/1903/1903
f 1904/1904/1904 1902/1902/1902 1903/1903/1903
f 1905/1905/1905 1902/1902/1902 1904/1904/1904
f 1906/1906/1906 1905/1905/1905 1904/1904/1904
f 1907/1907/1907 1905/1905/1905 1906/1906/1906
f 1908/1908/1908 1907/1907/1907 1906/1906/1906
f 1909/1909/1909 1907/1907/1907 1908/1908/1908
f 1911/1911/1911 1910/1910/1910 1912/1912/1912
f 1913/1913/1913 1910/1910/1910 1911/1911/1911
f 1915/1915/1915 1914/1914/1914 1916/1916/1916
f 1917/1917/1917 1914/1914/1914 1915/1915/1915
f 1919/1919/1919 1918/1918/1918 1920/1920/1920
f 1921/1921/1921 1918/1918/1918 1919/1919/1919
f 1923/1923/1923 1922/1922/1922 1924/1924/1924
f 1924/1924/1924 1922/1922/1922 1925/1925/1925
f 1925/1925/1925 1922/1922/1922 1926/1926/1926
f 1928/1928/1928 1927/1927/1927 1929/1929/1929
f 1928/1928/1928 1929/1929/1929 1930/1930/1930
f 1932/1932/1932 1931/1931/1931 1933/1933/1933
f 1931/1931/1931 1932/1932/1932 1934/1934/1934
f 1936/1936/1936 1935/1935/1935 1937/1937/1937
f 1937/1937/1937 1935/1935/1935 1938/1938/1938
f 1940/1940/1940 1939/1939/1939 1941/1941/1941
f 1940/1940/1940 1941/1941/1941 1942/1942/1942
f 1944/1944/1944 1943/1943/1943 1945/1945/1945
f 1945/1945/1945 1943/1943/1943 1946/1946/1946
f 1948/1948/1948 1947/1947/1947 1949/1949/1949
f 1948/1948/1948 1949/1949/1949 1950/1950/1950
f 1950/1950/1950 1951/1951/1951 1952/1952/1952
f 1951/1951/1951 1953/1953/1953 1952/1952/1952
f 1954/1954/1954 1953/1953/1953 1951/1951/1951
f 1950/1950/1950 1955/1955/1955 1951/1951/1951
f 1955/1955/1955 1956/1956/1956 1951/1951/1951
f 1955/1955/1955 1957/1957/1957 1956/1956/1956
f 1957/1957/1957 1958/1958/1958 1959/1959/1959
f 1957/1957/1957 1959/1959/1959 1960/1960/1960
f 1961/1961/1961 1957/1957/1957 1960/1960/1960
f 1960/1960/1960 1962/1962/1962 1961/1961/1961
f 1964/1964/1964 1963/1963/1963 1965/1965/1965
f 1964/1964/1964 1965/1965/1965 1966/1966/1966
f 1968/1968/1968 1967/1967/1967 1969/1969/1969
f 1969/1969/1969 1967/1967/1967 1970/1970/1970
f 1972/1972/1972 1971/1971/1971 1973/1973/1973
f 1974/1974/1974 1971/1971/1971 1972/1972/1972
f 1976/1976/1976 1975/1975/1975 1977/1977/1977
f 1975/1975/1975 1976/1976/1976 1978/1978/1978
f 1979/1979/1979 1975/1975/1975 1978/1978/1978
f 1979/1979/1979 1978/1978/1978 1980/1980/1980
f 1982/1982/1982 1981/1981/1981 1980/1980/1980
f 1982/1982/1982 1983/1983/1983 1984/1984/1984
f 1985/1985/1985 1982/1982/1982 1984/1984/1984
f 1975/1975/1975 1986/1986/1986 1987/1987/1987
f 1986/1986/1986 1988/1988/1988 1987/1987/1987
f 1988/1988/1988 1986/1986/1986 1989/1989/1989
f 1986/1986/1986 1990/1990/1990 1991/1991/1991
f 1991/1991/1991 1990/1990/1990 1992/1992/1992
f 1992/1992/1992 1990/1990/1990 1993/1993/1993
f 1995/1995/1995 1994/1994/1994 1996/1996/1996
f 1997/1997/1997 1995/1995/1995 1996/1996/1996
f 1999/1999/1999 1998/1998/1998 2000/2000/2000
f 2001/2001/2001 1999/1999/1999 2000/2000/2000
f 2003/2003/2003 2002/2002/2002 2004/2004/2004
f 2005/2005/2005 2003/2003/2003 2004/2004/2004
f 2005/2005/2005 2006/2006/2006 2007/2007/2007
f 2007/2007/2007 2006/2006/2006 2008/2008/2008
f 2010/2010/2010 2009/2009/2009 2011/2011/2011
f 2012/2012/2012 2010/2010/2010 2011/2011/2011
f 2014/2014/2014 2013/2013/2013 2015/2015/2015
f 2016/2016/2016 2014/2014/2014 2015/2015/2015
f 2018/2018/2018 2017/2017/2017 2015/2015/2015
f 2019/2019/2019 2017/2017/2017 2018/2018/2018
f 2021/2021/2021 2020/2020/2020 2018/2018/2018
f 2022/2022/2022 2020/2020/2020 2021/2021/2021
f 2024/2024/2024 2023/2023/2023 2025/2025/2025
f 2026/2026/2026 2024/2024/2024 2025/2025/2025
f 2024/2024/2024 2027/2027/2027 2028/2028/2028
f 2028/2028/2028 2027/2027/2027 2029/2029/2029
f 2031/2031/2031 2030/2030/2030 2032/2032/2032
f 2033/2033/2033 2031/2031/2031 2032/2032/2032
f 2031/2031/2031 2033/2033/2033 2034/2034/2034
f 2036/2036/2036 2035/2035/2035 2037/2037/2037
f 2038/2038/2038 2035/2035/2035 2036/2036/2036
f 2035/2035/2035 2039/2039/2039 2040/2040/2040
f 2040/2040/2040 2039/2039/2039 2041/2041/2041
f 2041/2041/2041 2042/2042/2042 2040/2040/2040
f 2043/2043/2043 2042/2042/2042 2044/2044/2044
f 2042/2042/2042 2043/2043/2043 2045/2045/2045
f 2045/2045/2045 2043/2043/2043 2046/2046/2046
f 2048/2048/2048 2047/2047/2047 2041/2041/2041
f 2049/2049/2049 2047/2047/2047 2048/2048/2048
f 2051/2051/2051 2050/2050/2050 2048/2048/2048
f 2052/2052/2052 2050/2050/2050 2051/2051/2051
f 2054/2054/2054 2053/2053/2053 2052/2052/2052
f 2055/2055/2055 2053/2053/2053 2054/2054/2054
f 2057/2057/2057 2056/2056/2056 2058/2058/2058
f 2058/2058/2058 2059/2059/2059 2057/2057/2057
f 2060/2060/2060 2059/2059/2059 2058/2058/2058
f 2059/2059/2059 2060/2060/2060 2061/2061/2061
f 2061/2061/2061 2060/2060/2060 2062/2062/2062
f 2062/2062/2062 505/505/505 2063/2063/2063
f 2062/2062/2062 2063/2063/2063 2064/2064/2064
f 2063/2063/2063 2065/2065/2065 2064/2064/2064
f 2066/2066/2066 2065/2065/2065 2067/2067/2067
f 2068/2068/2068 2065/2065/2065 2066/2066/2066
f 2070/2070/2070 2069/2069/2069 2071/2071/2071
f 2072/2072/2072 2070/2070/2070 2071/2071/2071
f 2074/2074/2074 2073/2073/2073 2075/2075/2075
f 2074/2074/2074 2075/2075/2075 2076/2076/2076
f 2078/2078/2078 2077/2077/2077 2079/2079/2079
f 2080/2080/2080 2078/2078/2078 2079/2079/2079
f 2082/2082/2082 2081/2081/2081 2083/2083/2083
f 2084/2084/2084 2081/2081/2081 2082/2082/2082
f 2086/2086/2086 2085/2085/2085 2087/2087/2087
f 2088/2088/2088 2085/2085/2085 2086/2086/2086
f 2090/2090/2090 2089/2089/2089 2091/2091/2091
f 2091/2091/2091 2092/2092/2092 2090/2090/2090
f 2094/2094/2094 2093/2093/2093 2095/2095/2095
f 2095/2095/2095 2096/2096/2096 2094/2094/2094
f 2098/2098/2098 2097/2097/2097 2099/2099/2099
f 2099/2099/2099 2100/2100/2100 2098/2098/2098
f 2102/2102/2102 2101/2101/2101 2103/2103/2103
f 2103/2103/2103 2101/2101/2101 2104/2104/2104
f 2104/2104/2104 2105/2105/2105 2103/2103/2103
f 2104/2104/2104 2106/2106/2106 2105/2105/2105
f 2106/2106/2106 2107/2107/2107 2105/2105/2105
f 2108/2108/2108 2107/2107/2107 2106/2106/2106
f 2108/2108/2108 2109/2109/2109 2107/2107/2107
f 2110/2110/2110 2109/2109/2109 2108/2108/2108
f 2110/2110/2110 2108/2108/2108 2111/2111/2111
f 2109/2109/2109 2112/2112/2112 2113/2113/2113
f 2113/2113/2113 2112/2112/2112 2114/2114/2114
f 2116/2116/2116 2115/2115/2115 2117/2117/2117
f 2118/2118/2118 2116/2116/2116 2117/2117/2117
f 2120/2120/2120 2119/2119/2119 2121/2121/2121
f 2119/2119/2119 2120/2120/2120 2122/2122/2122
f 2120/2120/2120 2123/2123/2123 2122/2122/2122
f 2123/2123/2123 2120/2120/2120 2124/2124/2124
f 2125/2125/2125 2123/2123/2123 2124/2124/2124
f 2127/2127/2127 2126/2126/2126 2128/2128/2128
f 2129/2129/2129 2127/2127/2127 2128/2128/2128
f 2131/2131/2131 2130/2130/2130 2132/2132/2132
f 2132/2132/2132 2133/2133/2133 2131/2131/2131
f 2131/2131/2131 2133/2133/2133 2134/2134/2134
f 2136/2136/2136 2135/2135/2135 2134/2134/2134
f 2135/2135/2135 2136/2136/2136 2137/2137/2137
f 2138/2138/2138 2135/2135/2135 2137/2137/2137
f 2139/2139/2139 2138/2138/2138 2140/2140/2140
f 2138/2138/2138 2141/2141/2141 2140/2140/2140
f 2142/2142/2142 2139/2139/2139 2140/2140/2140
f 2141/2141/2141 2142/2142/2142 2140/2140/2140
f 2144/2144/2144 2143/2143/2143 2145/2145/2145
f 2146/2146/2146 2144/2144/2144 2145/2145/2145
f 2148/2148/2148 2147/2147/2147 2149/2149/2149
f 2150/2150/2150 2148/2148/2148 2149/2149/2149
f 2152/2152/2152 2151/2151/2151 2153/2153/2153
f 2154/2154/2154 2152/2152/2152 2153/2153/2153
f 2156/2156/2156 2155/2155/2155 2157/2157/2157
f 2158/2158/2158 2155/2155/2155 2156/2156/2156
f 2160/2160/2160 2159/2159/2159 2161/2161/2161
f 2160/2160/2160 2161/2161/2161 2162/2162/2162
f 2162/2162/2162 2161/2161/2161 2163/2163/2163
f 2162/2162/2162 2163/2163/2163 2164/2164/2164
f 2164/2164/2164 2165/2165/2165 2166/2166/2166
f 2165/2165/2165 2167/2167/2167 2166/2166/2166
f 2166/2166/2166 2167/2167/2167 2168/2168/2168
f 2170/2170/2170 2169/2169/2169 2168/2168/2168
f 2171/2171/2171 2169/2169/2169 2170/2170/2170
f 2173/2173/2173 2172/2172/2172 2174/2174/2174
f 2172/2172/2172 2175/2175/2175 2174/2174/2174
f 2177/2177/2177 2176/2176/2176 2178/2178/2178
f 2177/2177/2177 2178/2178/2178 2179/2179/2179
f 2180/2180/2180 2179/2179/2179 2181/2181/2181
f 2179/2179/2179 2182/2182/2182 2181/2181/2181
f 2184/2184/2184 2183/2183/2183 2182/2182/2182
f 2183/2183/2183 2185/2185/2185 2182/2182/2182
f 2187/2187/2187 2186/2186/2186 2185/2185/2185
f 2186/2186/2186 2188/2188/2188 2185/2185/2185
f 2186/2186/2186 2189/2189/2189 2188/2188/2188
f 2189/2189/2189 2190/2190/2190 2188/2188/2188
f 2189/2189/2189 2191/2191/2191 2190/2190/2190
f 2191/2191/2191 2192/2192/2192 2190/2190/2190
f 2192/2192/2192 2193/2193/2193 2194/2194/2194
f 2193/2193/2193 2195/2195/2195 2196/2196/2196
f 2195/2195/2195 2193/2193/2193 2197/2197/2197
f 2197/2197/2197 2193/2193/2193 2198/2198/2198
f 2199/2199/2199 2197/2197/2197 2198/2198/2198
f 2196/2196/2196 2200/2200/2200 2201/2201/2201
f 2200/2200/2200 2202/2202/2202 2203/2203/2203
f 2203/2203/2203 2202/2202/2202 2204/2204/2204
f 2202/2202/2202 2200/2200/2200 2205/2205/2205
f 2205/2205/2205 2200/2200/2200 2206/2206/2206
f 2205/2205/2205 2206/2206/2206 2207/2207/2207
f 2207/2207/2207 2208/2208/2208 2209/2209/2209
f 2207/2207/2207 2209/2209/2209 2210/2210/2210
f 2211/2211/2211 2207/2207/2207 2210/2210/2210
f 2211/2211/2211 2210/2210/2210 2212/2212/2212
f 2214/2214/2214 2213/2213/2213 2215/2215/2215
f 2216/2216/2216 2214/2214/2214 2215/2215/2215
f 2218/2218/2218 2217/2217/2217 2219/2219/2219
f 2217/2217/2217 2220/2220/2220 2219/2219/2219
f 2221/2221/2221 2220/2220/2220 2217/2217/2217
f 2223/2223/2223 2222/2222/2222 2224/2224/2224
f 2223/2223/2223 2224/2224/2224 2225/2225/2225
f 2227/2227/2227 2226/2226/2226 2228/2228/2228
f 2229/2229/2229 2227/2227/2227 2228/2228/2228
f 2231/2231/2231 2230/2230/2230 2232/2232/2232
f 2231/2231/2231 2232/2232/2232 2233/2233/2233
f 2233/2233/2233 2232/2232/2232 2234/2234/2234
f 2236/2236/2236 2235/2235/2235 2237/2237/2237
f 2236/2236/2236 2238/2238/2238 2235/2235/2235
f 2238/2238/2238 2239/2239/2239 2235/2235/2235
f 2238/2238/2238 2240/2240/2240 2239/2239/2239
f 2241/2241/2241 2240/2240/2240 2238/2238/2238
f 2241/2241/2241 2242/2242/2242 2240/2240/2240
f 2244/2244/2244 2243/2243/2243 2242/2242/2242
f 2243/2243/2243 2244/2244/2244 2245/2245/2245
f 2242/2242/2242 2243/2243/2243 2246/2246/2246
f 2242/2242/2242 2246/2246/2246 2247/2247/2247
f 2247/2247/2247 2246/2246/2246 2248/2248/2248
f 2247/2247/2247 2248/2248/2248 2249/2249/2249
f 2251/2251/2251 2250/2250/2250 2252/2252/2252
f 2251/2251/2251 2252/2252/2252 2253/2253/2253
f 2254/2254/2254 2251/2251/2251 2253/2253/2253
f 2256/2256/2256 2255/2255/2255 2251/2251/2251
f 2257/2257/2257 2255/2255/2255 2256/2256/2256
f 2258/2258/2258 2257/2257/2257 2256/2256/2256
f 2254/2254/2254 2259/2259/2259 2260/2260/2260
f 2254/2254/2254 2260/2260/2260 2261/2261/2261
f 2262/2262/2262 2254/2254/2254 2261/2261/2261
f 2262/2262/2262 2261/2261/2261 2263/2263/2263
f 2265/2265/2265 2264/2264/2264 2263/2263/2263
f 2265/2265/2265 2266/2266/2266 2267/2267/2267
f 2268/2268/2268 2265/2265/2265 2267/2267/2267
f 2270/2270/2270 2269/2269/2269 2271/2271/2271
f 2269/2269/2269 2272/2272/2272 2271/2271/2271
f 2272/2272/2272 2273/2273/2273 2271/2271/2271
f 2273/2273/2273 2272/2272/2272 2274/2274/2274
f 2275/2275/2275 2273/2273/2273 2274/2274/2274
f 2277/2277/2277 2276/2276/2276 2278/2278/2278
f 2278/2278/2278 2276/2276/2276 2279/2279/2279
f 2279/2279/2279 2280/2280/2280 2278/2278/2278
f 2282/2282/2282 2281/2281/2281 2283/2283/2283
f 2281/2281/2281 2282/2282/2282 2284/2284/2284
f 2285/2285/2285 2281/2281/2281 2284/2284/2284
f 2285/2285/2285 2284/2284/2284 2286/2286/2286
f 2287/2287/2287 2285/2285/2285 2286/2286/2286
f 2287/2287/2287 2286/2286/2286 2288/2288/2288
f 2289/2289/2289 2287/2287/2287 2288/2288/2288
f 2291/2291/2291 2290/2290/2290 2292/2292/2292
f 2293/2293/2293 2291/2291/2291 2292/2292/2292
f 2295/2295/2295 2294/2294/2294 2296/2296/2296
f 2297/2297/2297 2295/2295/2295 2296/2296/2296
f 2299/2299/2299 2298/2298/2298 2300/2300/2300
f 2301/2301/2301 2299/2299/2299 2300/2300/2300
f 2303/2303/2303 2302/2302/2302 2304/2304/2304
f 2305/2305/2305 2303/2303/2303 2304/2304/2304
f 2307/2307/2307 2306/2306/2306 2308/2308/2308
f 2306/2306/2306 2307/2307/2307 2309/2309/2309
f 2311/2311/2311 2310/2310/2310 2312/2312/2312
f 2312/2312/2312 2313/2313/2313 2311/2311/2311
f 2315/2315/2315 2314/2314/2314 2316/2316/2316
f 2314/2314/2314 2317/2317/2317 2316/2316/2316
f 2317/2317/2317 2318/2318/2318 2316/2316/2316
f 2320/2320/2320 2319/2319/2319 2321/2321/2321
f 2322/2322/2322 2320/2320/2320 2321/2321/2321
f 2324/2324/2324 2323/2323/2323 2325/2325/2325
f 2326/2326/2326 2324/2324/2324 2325/2325/2325
f 2328/2328/2328 2327/2327/2327 2329/2329/2329
f 2330/2330/2330 2328/2328/2328 2329/2329/2329
f 2332/2332/2332 2331/2331/2331 2333/2333/2333
f 2331/2331/2331 2332/2332/2332 2334/2334/2334
f 2336/2336/2336 2335/2335/2335 2337/2337/2337
f 2338/2338/2338 2336/2336/2336 2337/2337/2337
f 2340/2340/2340 2339/2339/2339 2341/2341/2341
f 2339/2339/2339 2342/2342/2342 2341/2341/2341
f 2344/2344/2344 2343/2343/2343 2345/2345/2345
f 2346/2346/2346 2343/2343/2343 2344/2344/2344
f 2348/2348/2348 2347/2347/2347 2349/2349/2349
f 2350/2350/2350 2347/2347/2347 2348/2348/2348
f 2352/2352/2352 2351/2351/2351 2353/2353/2353
f 2352/2352/2352 2353/2353/2353 2354/2354/2354
f 2355/2355/2355 2352/2352/2352 2354/2354/2354
f 2357/2357/2357 2356/2356/2356 2358/2358/2358
f 2359/2359/2359 2356/2356/2356 2357/2357/2357
f 2361/2361/2361 2360/2360/2360 2362/2362/2362
f 2363/2363/2363 2361/2361/2361 2362/2362/2362
f 2365/2365/2365 2364/2364/2364 2366/2366/2366
f 2367/2367/2367 2364/2364/2364 2365/2365/2365
f 2368/2368/2368 2367/2367/2367 2365/2365/2365
f 2368/2368/2368 2365/2365/2365 2369/2369/2369
f 2370/2370/2370 2368/2368/2368 2369/2369/2369
f 2372/2372/2372 2371/2371/2371 2373/2373/2373
f 2373/2373/2373 2374/2374/2374 2372/2372/2372
f 2374/2374/2374 2373/2373/2373 2375/2375/2375
f 2372/2372/2372 2374/2374/2374 2376/2376/2376
f 2374/2374/2374 2377/2377/2377 2376/2376/2376
f 2376/2376/2376 2377/2377/2377 2378/2378/2378
f 2377/2377/2377 2379/2379/2379 2378/2378/2378
f 2377/2377/2377 2374/2374/2374 2380/2380/2380
f 2380/2380/2380 2374/2374/2374 2381/2381/2381
f 2374/2374/2374 2382/2382/2382 2381/2381/2381
f 2381/2381/2381 2382/2382/2382 2383/2383/2383
f 2382/2382/2382 2384/2384/2384 2383/2383/2383
f 2384/2384/2384 2382/2382/2382 2385/2385/2385
f 2384/2384/2384 2385/2385/2385 2386/2386/2386
f 2386/2386/2386 2385/2385/2385 2387/2387/2387
f 2385/2385/2385 2388/2388/2388 2387/2387/2387
f 2387/2387/2387 2388/2388/2388 2389/2389/2389
f 2388/2388/2388 2390/2390/2390 2389/2389/2389
f 2390/2390/2390 2388/2388/2388 2391/2391/2391
f 2390/2390/2390 2391/2391/2391 2392/2392/2392
f 2392/2392/2392 2391/2391/2391 2393/2393/2393
f 2391/2391/2391 2394/2394/2394 2393/2393/2393
f 2393/2393/2393 2394/2394/2394 2395/2395/2395
f 2394/2394/2394 2396/2396/2396 2395/2395/2395
f 2396/2396/2396 2394/2394/2394 2397/2397/2397
f 2396/2396/2396 2398/2398/2398 2399/2399/2399
f 2399/2399/2399 2398/2398/2398 2400/2400/2400
f 2398/2398/2398 2401/2401/2401 2400/2400/2400
f 2400/2400/2400 2402/2402/2402 2403/2403/2403
f 2402/2402/2402 2404/2404/2404 2403/2403/2403
f 2404/2404/2404 2402/2402/2402 2405/2405/2405
f 2404/2404/2404 2406/2406/2406 2407/2407/2407
f 2407/2407/2407 2406/2406/2406 2408/2408/2408
f 2406/2406/2406 2409/2409/2409 2408/2408/2408
f 2408/2408/2408 2410/2410/2410 2411/2411/2411
f 2410/2410/2410 2412/2412/2412 2411/2411/2411
f 2410/2410/2410 2413/2413/2413 2412/2412/2412
f 2413/2413/2413 2414/2414/2414 2412/2412/2412
f 2415/2415/2415 2414/2414/2414 2413/2413/2413
f 2416/2416/2416 2415/2415/2415 2413/2413/2413
f 2417/2417/2417 2415/2415/2415 2416/2416/2416
f 2418/2418/2418 2417/2417/2417 2416/2416/2416
f 2419/2419/2419 2417/2417/2417 2418/2418/2418
f 2420/2420/2420 2419/2419/2419 2418/2418/2418
f 2421/2421/2421 2420/2420/2420 2418/2418/2418
f 2422/2422/2422 2420/2420/2420 2421/2421/2421
f 2423/2423/2423 2422/2422/2422 2421/2421/2421
f 2424/2424/2424 2423/2423/2423 2421/2421/2421
f 2425/2425/2425 2423/2423/2423 2424/2424/2424
f 2426/2426/2426 2425/2425/2425 2424/2424/2424
f 2427/2427/2427 2426/2426/2426 2424/2424/2424
f 2428/2428/2428 2426/2426/2426 2427/2427/2427
f 2429/2429/2429 2428/2428/2428 2427/2427/2427
f 2430/2430/2430 2429/2429/2429 2427/2427/2427
f 2431/2431/2431 2429/2429/2429 2430/2430/2430
f 2432/2432/2432 2431/2431/2431 2430/2430/2430
f 2433/2433/2433 2432/2432/2432 2430/2430/2430
f 2434/2434/2434 2432/2432/2432 2433/2433/2433
f 2435/2435/2435 2434/2434/2434 2433/2433/2433
f 2436/2436/2436 2435/2435/2435 2433/2433/2433
f 2437/2437/2437 2435/2435/2435 2436/2436/2436
f 2438/2438/2438 2437/2437/2437 2436/2436/2436
f 2439/2439/2439 2438/2438/2438 2436/2436/2436
f 2440/2440/2440 2438/2438/2438 2439/2439/2439
f 2441/2441/2441 2440/2440/2440 2439/2439/2439
f 2442/2442/2442 2441/2441/2441 2439/2439/2439
f 2443/2443/2443 2441/2441/2441 2442/2442/2442
f 2444/2444/2444 2443/2443/2443 2442/2442/2442
f 2445/2445/2445 2444/2444/2444 2442/2442/2442
f 2446/2446/2446 2444/2444/2444 2445/2445/2445
f 2447/2447/2447 2446/2446/2446 2445/2445/2445
f 2448/2448/2448 2446/2446/2446 2447/2447/2447
f 2447/2447/2447 2445/2445/2445 2449/2449/2449
f 2445/2445/2445 2450/2450/2450 2449/2449/2449
f 2452/2452/2452 2451/2451/2451 2453/2453/2453
f 2454/2454/2454 2452/2452/2452 2453/2453/2453
f 2456/2456/2456 2455/2455/2455 2457/2457/2457
f 2458/2458/2458 2456/2456/2456 2457/2457/2457
f 2460/2460/2460 2459/2459/2459 2461/2461/2461
f 2462/2462/2462 2460/2460/2460 2461/2461/2461
f 2464/2464/2464 2463/2463/2463 2465/2465/2465
f 2466/2466/2466 2464/2464/2464 2465/2465/2465
f 2468/2468/2468 2467/2467/2467 2469/2469/2469
f 2470/2470/2470 2467/2467/2467 2468/2468/2468
f 2472/2472/2472 2471/2471/2471 2473/2473/2473
f 2474/2474/2474 2471/2471/2471 2472/2472/2472
f 2476/2476/2476 2475/2475/2475 2477/2477/2477
f 2478/2478/2478 2475/2475/2475 2476/2476/2476
f 2480/2480/2480 2479/2479/2479 2481/2481/2481
f 2482/2482/2482 2479/2479/2479 2480/2480/2480
f 2484/2484/2484 2483/2483/2483 2485/2485/2485
f 2486/2486/2486 2483/2483/2483 2484/2484/2484
f 2488/2488/2488 2487/2487/2487 2489/2489/2489
f 2490/2490/2490 2487/2487/2487 2488/2488/2488
f 2492/2492/2492 2491/2491/2491 2493/2493/2493
f 2494/2494/2494 2491/2491/2491 2492/2492/2492
f 2496/2496/2496 2495/2495/2495 2497/2497/2497
f 2495/2495/2495 2496/2496/2496 2498/2498/2498
f 2498/2498/2498 2496/2496/2496 2499/2499/2499
f 2376/2376/2376 2498/2498/2498 2499/2499/2499
f 2500/2500/2500 2496/2496/2496 2501/2501/2501
f 2502/2502/2502 2500/2500/2500 2501/2501/2501
f 2503/2503/2503 2500/2500/2500 2502/2502/2502
f 2504/2504/2504 2503/2503/2503 2502/2502/2502
f 2505/2505/2505 2503/2503/2503 2504/2504/2504
f 2506/2506/2506 2505/2505/2505 2504/2504/2504
f 2508/2508/2508 2507/2507/2507 2509/2509/2509
f 2510/2510/2510 2508/2508/2508 2509/2509/2509
f 2511/2511/2511 2508/2508/2508 2510/2510/2510
f 2512/2512/2512 2511/2511/2511 2510/2510/2510
f 2513/2513/2513 2511/2511/2511 2512/2512/2512
f 2514/2514/2514 2513/2513/2513 2512/2512/2512
f 2515/2515/2515 2513/2513/2513 2514/2514/2514
f 2516/2516/2516 2515/2515/2515 2514/2514/2514
f 2517/2517/2517 2515/2515/2515 2516/2516/2516
f 2518/2518/2518 2517/2517/2517 2516/2516/2516
f 2519/2519/2519 2517/2517/2517 2518/2518/2518
f 2520/2520/2520 2519/2519/2519 2518/2518/2518
f 2521/2521/2521 2519/2519/2519 2520/2520/2520
f 2522/2522/2522 2521/2521/2521 2520/2520/2520
f 2523/2523/2523 2521/2521/2521 2522/2522/2522
f 2524/2524/2524 2523/2523/2523 2522/2522/2522
f 2525/2525/2525 2523/2523/2523 2524/2524/2524
f 2526/2526/2526 2525/2525/2525 2524/2524/2524
f 2527/2527/2527 2525/2525/2525 2526/2526/2526
f 2528/2528/2528 2527/2527/2527 2526/2526/2526
f 2529/2529/2529 2527/2527/2527 2528/2528/2528
f 2530/2530/2530 2529/2529/2529 2528/2528/2528
f 2531/2531/2531 2529/2529/2529 2530/2530/2530
f 2532/2532/2532 2531/2531/2531 2530/2530/2530
f 2533/2533/2533 2531/2531/2531 2532/2532/2532
f 2534/2534/2534 2533/2533/2533 2532/2532/2532
f 2535/2535/2535 2533/2533/2533 2534/2534/2534
f 2536/2536/2536 2535/2535/2535 2534/2534/2534
f 2537/2537/2537 2535/2535/2535 2536/2536/2536
f 2538/2538/2538 2537/2537/2537 2536/2536/2536
f 2539/2539/2539 2537/2537/2537 2538/2538/2538
f 2540/2540/2540 2539/2539/2539 2538/2538/2538
f 2541/2541/2541 2539/2539/2539 2540/2540/2540
f 2542/2542/2542 2541/2541/2541 2540/2540/2540
f 2543/2543/2543 2541/2541/2541 2542/2542/2542
f 2544/2544/2544 2543/2543/2543 2542/2542/2542
f 2545/2545/2545 2543/2543/2543 2544/2544/2544
f 2546/2546/2546 2545/2545/2545 2544/2544/2544
f 2547/2547/2547 2545/2545/2545 2546/2546/2546
f 2548/2548/2548 2547/2547/2547 2546/2546/2546
f 2549/2549/2549 2547/2547/2547 2548/2548/2548
f 2550/2550/2550 2549/2549/2549 2548/2548/2548
f 2551/2551/2551 2549/2549/2549 2550/2550/2550
f 2552/2552/2552 2551/2551/2551 2550/2550/2550
f 2553/2553/2553 2551/2551/2551 2552/2552/2552
f 2554/2554/2554 2553/2553/2553 2552/2552/2552
f 2555/2555/2555 2553/2553/2553 2554/2554/2554
f 2556/2556/2556 2555/2555/2555 2554/2554/2554
f 2557/2557/2557 2555/2555/2555 2556/2556/2556
f 2558/2558/2558 2557/2557/2557 2556/2556/2556
f 2559/2559/2559 2557/2557/2557 2558/2558/2558
f 2560/2560/2560 2559/2559/2559 2558/2558/2558
f 2561/2561/2561 2559/2559/2559 2560/2560/2560
f 2562/2562/2562 2561/2561/2561 2560/2560/2560
f 2563/2563/2563 2561/2561/2561 2562/2562/2562
f 2564/2564/2564 2563/2563/2563 2562/2562/2562
f 2565/2565/2565 2563/2563/2563 2564/2564/2564
f 2566/2566/2566 2565/2565/2565 2564/2564/2564
f 2567/2567/2567 2565/2565/2565 2566/2566/2566
f 2568/2568/2568 2567/2567/2567 2566/2566/2566
f 2569/2569/2569 2567/2567/2567 2568/2568/2568
f 2570/2570/2570 2569/2569/2569 2568/2568/2568
f 2571/2571/2571 2569/2569/2569 2570/2570/2570
f 2572/2572/2572 2571/2571/2571 2570/2570/2570
f 2573/2573/2573 2571/2571/2571 2572/2572/2572
f 2574/2574/2574 2573/2573/2573 2572/2572/2572
f 2575/2575/2575 2573/2573/2573 2574/2574/2574
f 2576/2576/2576 2575/2575/2575 2574/2574/2574
f 2577/2577/2577 2575/2575/2575 2576/2576/2576
f 2578/2578/2578 2577/2577/2577 2576/2576/2576
f 2579/2579/2579 2577/2577/2577 2578/2578/2578
f 2580/2580/2580 2579/2579/2579 2578/2578/2578
f 2581/2581/2581 2579/2579/2579 2580/2580/2580
f 2582/2582/2582 2581/2581/2581 2580/2580/2580
f 2583/2583/2583 2581/2581/2581 2582/2582/2582
f 2584/2584/2584 2583/2583/2583 2582/2582/2582
f 2585/2585/2585 2583/2583/2583 2584/2584/2584
f 2586/2586/2586 2585/2585/2585 2584/2584/2584
f 2587/2587/2587 2585/2585/2585 2586/2586/2586
f 2588/2588/2588 2587/2587/2587 2586/2586/2586
f 2590/2590/2590 2589/2589/2589 2591/2591/2591
f 2591/2591/2591 2589/2589/2589 2592/2592/2592
f 2592/2592/2592 2593/2593/2593 2594/2594/2594
f 2594/2594/2594 2593/2593/2593 2595/2595/2595
f 2593/2593/2593 2596/2596/2596 2595/2595/2595
f 2598/2598/2598 2597/2597/2597 2599/2599/2599
f 2600/2600/2600 2598/2598/2598 2599/2599/2599
f 2602/2602/2602 2601/2601/2601 2603/2603/2603
f 2604/2604/2604 2602/2602/2602 2603/2603/2603
f 2605/2605/2605 2604/2604/2604 2606/2606/2606
f 2606/2606/2606 2607/2607/2607 2608/2608/2608
f 2608/2608/2608 2609/2609/2609 2610/2610/2610
f 2608/2608/2608 2611/2611/2611 2609/2609/2609
f 2611/2611/2611 2612/2612/2612 2609/2609/2609
f 2612/2612/2612 2613/2613/2613 2614/2614/2614
f 2615/2615/2615 2612/2612/2612 2614/2614/2614
f 2615/2615/2615 2614/2614/2614 2616/2616/2616
f 2618/2618/2618 2617/2617/2617 1051/1051/1051
f 1051/1051/1051 2617/2617/2617 2619/2619/2619
f 2619/2619/2619 2617/2617/2617 2620/2620/2620
f 2622/2622/2622 2621/2621/2621 2623/2623/2623
f 2624/2624/2624 2621/2621/2621 2622/2622/2622
f 2626/2626/2626 2625/2625/2625 2627/2627/2627
f 2626/2626/2626 2628/2628/2628 2625/2625/2625
f 2630/2630/2630 2629/2629/2629 2631/2631/2631
f 2631/2631/2631 2632/2632/2632 2630/2630/2630
f 2634/2634/2634 2633/2633/2633 2635/2635/2635
f 2633/2633/2633 2636/2636/2636 2635/2635/2635
f 2633/2633/2633 2637/2637/2637 2636/2636/2636
f 2639/2639/2639 2638/2638/2638 2640/2640/2640
f 2641/2641/2641 2639/2639/2639 2640/2640/2640
f 2643/2643/2643 2642/2642/2642 2644/2644/2644
f 2643/2643/2643 2645/2645/2645 2642/2642/2642
f 2647/2647/2647 2646/2646/2646 2648/2648/2648
f 2649/2649/2649 2646/2646/2646 2647/2647/2647
f 2650/2650/2650 2646/2646/2646 2651/2651/2651
f 2652/2652/2652 2650/2650/2650 2651/2651/2651
f 2654/2654/2654 2653/2653/2653 2655/2655/2655
f 2654/2654/2654 2655/2655/2655 2656/2656/2656
f 2658/2658/2658 2657/2657/2657 2659/2659/2659
f 2660/2660/2660 2657/2657/2657 2658/2658/2658
f 2662/2662/2662 2661/2661/2661 2663/2663/2663
f 2662/2662/2662 2664/2664/2664 2661/2661/2661
f 2666/2666/2666 2665/2665/2665 2667/2667/2667
f 2668/2668/2668 2666/2666/2666 2667/2667/2667
f 2669/2669/2669 2666/2666/2666 2668/2668/2668
f 2671/2671/2671 2670/2670/2670 2672/2672/2672
f 2673/2673/2673 2671/2671/2671 2672/2672/2672
f 2675/2675/2675 2674/2674/2674 2676/2676/2676
f 2677/2677/2677 2674/2674/2674 2675/2675/2675
f 2674/2674/2674 2678/2678/2678 2676/2676/2676
f 2674/2674/2674 2677/2677/2677 2678/2678/2678
f 2680/2680/2680 2679/2679/2679 2681/2681/2681
f 2679/2679/2679 2682/2682/2682 2681/2681/2681
f 2683/2683/2683 2679/2679/2679 2680/2680/2680
f 2682/2682/2682 2679/2679/2679 2684/2684/2684
f 2679/2679/2679 2683/2683/2683 2685/2685/2685
f 2684/2684/2684 2679/2679/2679 2686/2686/2686
f 2687/2687/2687 2679/2679/2679 2685/2685/2685
f 2679/2679/2679 2688/2688/2688 2686/2686/2686
f 2689/2689/2689 2679/2679/2679 2687/2687/2687
f 2688/2688/2688 2679/2679/2679 2690/2690/2690
f 2679/2679/2679 2689/2689/2689 2691/2691/2691
f 2690/2690/2690 2679/2679/2679 2692/2692/2692
f 2693/2693/2693 2679/2679/2679 2691/2691/2691
f 2679/2679/2679 2694/2694/2694 2692/2692/2692
f 2695/2695/2695 2679/2679/2679 2693/2693/2693
f 2694/2694/2694 2679/2679/2679 2696/2696/2696
f 2679/2679/2679 2695/2695/2695 2697/2697/2697
f 2696/2696/2696 2679/2679/2679 2698/2698/2698
f 2699/2699/2699 2679/2679/2679 2697/2697/2697
f 2679/2679/2679 2700/2700/2700 2698/2698/2698
f 2701/2701/2701 2679/2679/2679 2699/2699/2699
f 2700/2700/2700 2679/2679/2679 2702/2702/2702
f 2679/2679/2679 2701/2701/2701 2703/2703/2703
f 2702/2702/2702 2679/2679/2679 2704/2704/2704
f 2705/2705/2705 2679/2679/2679 2703/2703/2703
f 2679/2679/2679 2706/2706/2706 2704/2704/2704
f 2707/2707/2707 2679/2679/2679 2705/2705/2705
f 2706/2706/2706 2679/2679/2679 2708/2708/2708
f 2679/2679/2679 2707/2707/2707 2709/2709/2709
f 2708/2708/2708 2679/2679/2679 2710/2710/2710
f 2711/2711/2711 2679/2679/2679 2709/2709/2709
f 2679/2679/2679 2712/2712/2712 2710/2710/2710
f 2713/2713/2713 2679/2679/2679 2711/2711/2711
f 2712/2712/2712 2679/2679/2679 2714/2714/2714
f 2679/2679/2679 2713/2713/2713 2715/2715/2715
f 2714/2714/2714 2679/2679/2679 2715/2715/2715
